"STATISTIC","Statistic Label","TLIST(A1)","Year","C01779V03424","Commodity Group","UNIT","VALUE"
"CPA01C06","Consumer Price Index (Base Dec 2023=100)","1975","1975","-","All items","Base Dec 2023=100","12.3"
"CPA01C06","Consumer Price Index (Base Dec 2023=100)","1975","1975","01","Food and non-alcoholic beverages","Base Dec 2023=100",""
"CPA01C06","Consumer Price Index (Base Dec 2023=100)","1975","1975","02","Alcoholic beverages and tobacco","Base Dec 2023=100",""
"CPA01C06","Consumer Price Index (Base Dec 2023=100)","1975","1975","03","Clothing and footwear","Base Dec 2023=100",""
"CPA01C06","Consumer Price Index (Base Dec 2023=100)","1975","1975","04","Housing, water, electricity, gas and other fuels","Base Dec 2023=100",""
"CPA01C06","Consumer Price Index (Base Dec 2023=100)","1975","1975","05","Furnishings, household equipment and routine household maintenance","Base Dec 2023=100",""
"CPA01C06","Consumer Price Index (Base Dec 2023=100)","1975","1975","06","Health","Base Dec 2023=100",""
"CPA01C06","Consumer Price Index (Base Dec 2023=100)","1975","1975","07","Transport","Base Dec 2023=100",""
"CPA01C06","Consumer Price Index (Base Dec 2023=100)","1975","1975","08","Communications","Base Dec 2023=100",""
"CPA01C06","Consumer Price Index (Base Dec 2023=100)","1975","1975","09","Recreation and culture","Base Dec 2023=100",""
"CPA01C06","Consumer Price Index (Base Dec 2023=100)","1975","1975","10","Education","Base Dec 2023=100",""
"CPA01C06","Consumer Price Index (Base Dec 2023=100)","1975","1975","11","Restaurants and hotels","Base Dec 2023=100",""
"CPA01C06","Consumer Price Index (Base Dec 2023=100)","1975","1975","12","Miscellaneous goods and services","Base Dec 2023=100",""
"CPA01C06","Consumer Price Index (Base Dec 2023=100)","1976","1976","-","All items","Base Dec 2023=100","14.1"
"CPA01C06","Consumer Price Index (Base Dec 2023=100)","1976","1976","01","Food and non-alcoholic beverages","Base Dec 2023=100",""
"CPA01C06","Consumer Price Index (Base Dec 2023=100)","1976","1976","02","Alcoholic beverages and tobacco","Base Dec 2023=100",""
"CPA01C06","Consumer Price Index (Base Dec 2023=100)","1976","1976","03","Clothing and footwear","Base Dec 2023=100",""
"CPA01C06","Consumer Price Index (Base Dec 2023=100)","1976","1976","04","Housing, water, electricity, gas and other fuels","Base Dec 2023=100",""
"CPA01C06","Consumer Price Index (Base Dec 2023=100)","1976","1976","05","Furnishings, household equipment and routine household maintenance","Base Dec 2023=100",""
"CPA01C06","Consumer Price Index (Base Dec 2023=100)","1976","1976","06","Health","Base Dec 2023=100",""
"CPA01C06","Consumer Price Index (Base Dec 2023=100)","1976","1976","07","Transport","Base Dec 2023=100",""
"CPA01C06","Consumer Price Index (Base Dec 2023=100)","1976","1976","08","Communications","Base Dec 2023=100",""
"CPA01C06","Consumer Price Index (Base Dec 2023=100)","1976","1976","09","Recreation and culture","Base Dec 2023=100",""
"CPA01C06","Consumer Price Index (Base Dec 2023=100)","1976","1976","10","Education","Base Dec 2023=100",""
"CPA01C06","Consumer Price Index (Base Dec 2023=100)","1976","1976","11","Restaurants and hotels","Base Dec 2023=100",""
"CPA01C06","Consumer Price Index (Base Dec 2023=100)","1976","1976","12","Miscellaneous goods and services","Base Dec 2023=100",""
"CPA01C06","Consumer Price Index (Base Dec 2023=100)","1977","1977","-","All items","Base Dec 2023=100","16"
"CPA01C06","Consumer Price Index (Base Dec 2023=100)","1977","1977","01","Food and non-alcoholic beverages","Base Dec 2023=100",""
"CPA01C06","Consumer Price Index (Base Dec 2023=100)","1977","1977","02","Alcoholic beverages and tobacco","Base Dec 2023=100",""
"CPA01C06","Consumer Price Index (Base Dec 2023=100)","1977","1977","03","Clothing and footwear","Base Dec 2023=100",""
"CPA01C06","Consumer Price Index (Base Dec 2023=100)","1977","1977","04","Housing, water, electricity, gas and other fuels","Base Dec 2023=100",""
"CPA01C06","Consumer Price Index (Base Dec 2023=100)","1977","1977","05","Furnishings, household equipment and routine household maintenance","Base Dec 2023=100",""
"CPA01C06","Consumer Price Index (Base Dec 2023=100)","1977","1977","06","Health","Base Dec 2023=100",""
"CPA01C06","Consumer Price Index (Base Dec 2023=100)","1977","1977","07","Transport","Base Dec 2023=100",""
"CPA01C06","Consumer Price Index (Base Dec 2023=100)","1977","1977","08","Communications","Base Dec 2023=100",""
"CPA01C06","Consumer Price Index (Base Dec 2023=100)","1977","1977","09","Recreation and culture","Base Dec 2023=100",""
"CPA01C06","Consumer Price Index (Base Dec 2023=100)","1977","1977","10","Education","Base Dec 2023=100",""
"CPA01C06","Consumer Price Index (Base Dec 2023=100)","1977","1977","11","Restaurants and hotels","Base Dec 2023=100",""
"CPA01C06","Consumer Price Index (Base Dec 2023=100)","1977","1977","12","Miscellaneous goods and services","Base Dec 2023=100",""
"CPA01C06","Consumer Price Index (Base Dec 2023=100)","1978","1978","-","All items","Base Dec 2023=100","17.2"
"CPA01C06","Consumer Price Index (Base Dec 2023=100)","1978","1978","01","Food and non-alcoholic beverages","Base Dec 2023=100",""
"CPA01C06","Consumer Price Index (Base Dec 2023=100)","1978","1978","02","Alcoholic beverages and tobacco","Base Dec 2023=100",""
"CPA01C06","Consumer Price Index (Base Dec 2023=100)","1978","1978","03","Clothing and footwear","Base Dec 2023=100",""
"CPA01C06","Consumer Price Index (Base Dec 2023=100)","1978","1978","04","Housing, water, electricity, gas and other fuels","Base Dec 2023=100",""
"CPA01C06","Consumer Price Index (Base Dec 2023=100)","1978","1978","05","Furnishings, household equipment and routine household maintenance","Base Dec 2023=100",""
"CPA01C06","Consumer Price Index (Base Dec 2023=100)","1978","1978","06","Health","Base Dec 2023=100",""
"CPA01C06","Consumer Price Index (Base Dec 2023=100)","1978","1978","07","Transport","Base Dec 2023=100",""
"CPA01C06","Consumer Price Index (Base Dec 2023=100)","1978","1978","08","Communications","Base Dec 2023=100",""
"CPA01C06","Consumer Price Index (Base Dec 2023=100)","1978","1978","09","Recreation and culture","Base Dec 2023=100",""
"CPA01C06","Consumer Price Index (Base Dec 2023=100)","1978","1978","10","Education","Base Dec 2023=100",""
"CPA01C06","Consumer Price Index (Base Dec 2023=100)","1978","1978","11","Restaurants and hotels","Base Dec 2023=100",""
"CPA01C06","Consumer Price Index (Base Dec 2023=100)","1978","1978","12","Miscellaneous goods and services","Base Dec 2023=100",""
"CPA01C06","Consumer Price Index (Base Dec 2023=100)","1979","1979","-","All items","Base Dec 2023=100","19.5"
"CPA01C06","Consumer Price Index (Base Dec 2023=100)","1979","1979","01","Food and non-alcoholic beverages","Base Dec 2023=100",""
"CPA01C06","Consumer Price Index (Base Dec 2023=100)","1979","1979","02","Alcoholic beverages and tobacco","Base Dec 2023=100",""
"CPA01C06","Consumer Price Index (Base Dec 2023=100)","1979","1979","03","Clothing and footwear","Base Dec 2023=100",""
"CPA01C06","Consumer Price Index (Base Dec 2023=100)","1979","1979","04","Housing, water, electricity, gas and other fuels","Base Dec 2023=100",""
"CPA01C06","Consumer Price Index (Base Dec 2023=100)","1979","1979","05","Furnishings, household equipment and routine household maintenance","Base Dec 2023=100",""
"CPA01C06","Consumer Price Index (Base Dec 2023=100)","1979","1979","06","Health","Base Dec 2023=100",""
"CPA01C06","Consumer Price Index (Base Dec 2023=100)","1979","1979","07","Transport","Base Dec 2023=100",""
"CPA01C06","Consumer Price Index (Base Dec 2023=100)","1979","1979","08","Communications","Base Dec 2023=100",""
"CPA01C06","Consumer Price Index (Base Dec 2023=100)","1979","1979","09","Recreation and culture","Base Dec 2023=100",""
"CPA01C06","Consumer Price Index (Base Dec 2023=100)","1979","1979","10","Education","Base Dec 2023=100",""
"CPA01C06","Consumer Price Index (Base Dec 2023=100)","1979","1979","11","Restaurants and hotels","Base Dec 2023=100",""
"CPA01C06","Consumer Price Index (Base Dec 2023=100)","1979","1979","12","Miscellaneous goods and services","Base Dec 2023=100",""
"CPA01C06","Consumer Price Index (Base Dec 2023=100)","1980","1980","-","All items","Base Dec 2023=100","23"
"CPA01C06","Consumer Price Index (Base Dec 2023=100)","1980","1980","01","Food and non-alcoholic beverages","Base Dec 2023=100",""
"CPA01C06","Consumer Price Index (Base Dec 2023=100)","1980","1980","02","Alcoholic beverages and tobacco","Base Dec 2023=100",""
"CPA01C06","Consumer Price Index (Base Dec 2023=100)","1980","1980","03","Clothing and footwear","Base Dec 2023=100",""
"CPA01C06","Consumer Price Index (Base Dec 2023=100)","1980","1980","04","Housing, water, electricity, gas and other fuels","Base Dec 2023=100",""
"CPA01C06","Consumer Price Index (Base Dec 2023=100)","1980","1980","05","Furnishings, household equipment and routine household maintenance","Base Dec 2023=100",""
"CPA01C06","Consumer Price Index (Base Dec 2023=100)","1980","1980","06","Health","Base Dec 2023=100",""
"CPA01C06","Consumer Price Index (Base Dec 2023=100)","1980","1980","07","Transport","Base Dec 2023=100",""
"CPA01C06","Consumer Price Index (Base Dec 2023=100)","1980","1980","08","Communications","Base Dec 2023=100",""
"CPA01C06","Consumer Price Index (Base Dec 2023=100)","1980","1980","09","Recreation and culture","Base Dec 2023=100",""
"CPA01C06","Consumer Price Index (Base Dec 2023=100)","1980","1980","10","Education","Base Dec 2023=100",""
"CPA01C06","Consumer Price Index (Base Dec 2023=100)","1980","1980","11","Restaurants and hotels","Base Dec 2023=100",""
"CPA01C06","Consumer Price Index (Base Dec 2023=100)","1980","1980","12","Miscellaneous goods and services","Base Dec 2023=100",""
"CPA01C06","Consumer Price Index (Base Dec 2023=100)","1981","1981","-","All items","Base Dec 2023=100","27.7"
"CPA01C06","Consumer Price Index (Base Dec 2023=100)","1981","1981","01","Food and non-alcoholic beverages","Base Dec 2023=100",""
"CPA01C06","Consumer Price Index (Base Dec 2023=100)","1981","1981","02","Alcoholic beverages and tobacco","Base Dec 2023=100",""
"CPA01C06","Consumer Price Index (Base Dec 2023=100)","1981","1981","03","Clothing and footwear","Base Dec 2023=100",""
"CPA01C06","Consumer Price Index (Base Dec 2023=100)","1981","1981","04","Housing, water, electricity, gas and other fuels","Base Dec 2023=100",""
"CPA01C06","Consumer Price Index (Base Dec 2023=100)","1981","1981","05","Furnishings, household equipment and routine household maintenance","Base Dec 2023=100",""
"CPA01C06","Consumer Price Index (Base Dec 2023=100)","1981","1981","06","Health","Base Dec 2023=100",""
"CPA01C06","Consumer Price Index (Base Dec 2023=100)","1981","1981","07","Transport","Base Dec 2023=100",""
"CPA01C06","Consumer Price Index (Base Dec 2023=100)","1981","1981","08","Communications","Base Dec 2023=100",""
"CPA01C06","Consumer Price Index (Base Dec 2023=100)","1981","1981","09","Recreation and culture","Base Dec 2023=100",""
"CPA01C06","Consumer Price Index (Base Dec 2023=100)","1981","1981","10","Education","Base Dec 2023=100",""
"CPA01C06","Consumer Price Index (Base Dec 2023=100)","1981","1981","11","Restaurants and hotels","Base Dec 2023=100",""
"CPA01C06","Consumer Price Index (Base Dec 2023=100)","1981","1981","12","Miscellaneous goods and services","Base Dec 2023=100",""
"CPA01C06","Consumer Price Index (Base Dec 2023=100)","1982","1982","-","All items","Base Dec 2023=100","32.5"
"CPA01C06","Consumer Price Index (Base Dec 2023=100)","1982","1982","01","Food and non-alcoholic beverages","Base Dec 2023=100",""
"CPA01C06","Consumer Price Index (Base Dec 2023=100)","1982","1982","02","Alcoholic beverages and tobacco","Base Dec 2023=100",""
"CPA01C06","Consumer Price Index (Base Dec 2023=100)","1982","1982","03","Clothing and footwear","Base Dec 2023=100",""
"CPA01C06","Consumer Price Index (Base Dec 2023=100)","1982","1982","04","Housing, water, electricity, gas and other fuels","Base Dec 2023=100",""
"CPA01C06","Consumer Price Index (Base Dec 2023=100)","1982","1982","05","Furnishings, household equipment and routine household maintenance","Base Dec 2023=100",""
"CPA01C06","Consumer Price Index (Base Dec 2023=100)","1982","1982","06","Health","Base Dec 2023=100",""
"CPA01C06","Consumer Price Index (Base Dec 2023=100)","1982","1982","07","Transport","Base Dec 2023=100",""
"CPA01C06","Consumer Price Index (Base Dec 2023=100)","1982","1982","08","Communications","Base Dec 2023=100",""
"CPA01C06","Consumer Price Index (Base Dec 2023=100)","1982","1982","09","Recreation and culture","Base Dec 2023=100",""
"CPA01C06","Consumer Price Index (Base Dec 2023=100)","1982","1982","10","Education","Base Dec 2023=100",""
"CPA01C06","Consumer Price Index (Base Dec 2023=100)","1982","1982","11","Restaurants and hotels","Base Dec 2023=100",""
"CPA01C06","Consumer Price Index (Base Dec 2023=100)","1982","1982","12","Miscellaneous goods and services","Base Dec 2023=100",""
"CPA01C06","Consumer Price Index (Base Dec 2023=100)","1983","1983","-","All items","Base Dec 2023=100","35.9"
"CPA01C06","Consumer Price Index (Base Dec 2023=100)","1983","1983","01","Food and non-alcoholic beverages","Base Dec 2023=100",""
"CPA01C06","Consumer Price Index (Base Dec 2023=100)","1983","1983","02","Alcoholic beverages and tobacco","Base Dec 2023=100",""
"CPA01C06","Consumer Price Index (Base Dec 2023=100)","1983","1983","03","Clothing and footwear","Base Dec 2023=100",""
"CPA01C06","Consumer Price Index (Base Dec 2023=100)","1983","1983","04","Housing, water, electricity, gas and other fuels","Base Dec 2023=100",""
"CPA01C06","Consumer Price Index (Base Dec 2023=100)","1983","1983","05","Furnishings, household equipment and routine household maintenance","Base Dec 2023=100",""
"CPA01C06","Consumer Price Index (Base Dec 2023=100)","1983","1983","06","Health","Base Dec 2023=100",""
"CPA01C06","Consumer Price Index (Base Dec 2023=100)","1983","1983","07","Transport","Base Dec 2023=100",""
"CPA01C06","Consumer Price Index (Base Dec 2023=100)","1983","1983","08","Communications","Base Dec 2023=100",""
"CPA01C06","Consumer Price Index (Base Dec 2023=100)","1983","1983","09","Recreation and culture","Base Dec 2023=100",""
"CPA01C06","Consumer Price Index (Base Dec 2023=100)","1983","1983","10","Education","Base Dec 2023=100",""
"CPA01C06","Consumer Price Index (Base Dec 2023=100)","1983","1983","11","Restaurants and hotels","Base Dec 2023=100",""
"CPA01C06","Consumer Price Index (Base Dec 2023=100)","1983","1983","12","Miscellaneous goods and services","Base Dec 2023=100",""
"CPA01C06","Consumer Price Index (Base Dec 2023=100)","1984","1984","-","All items","Base Dec 2023=100","38.9"
"CPA01C06","Consumer Price Index (Base Dec 2023=100)","1984","1984","01","Food and non-alcoholic beverages","Base Dec 2023=100",""
"CPA01C06","Consumer Price Index (Base Dec 2023=100)","1984","1984","02","Alcoholic beverages and tobacco","Base Dec 2023=100",""
"CPA01C06","Consumer Price Index (Base Dec 2023=100)","1984","1984","03","Clothing and footwear","Base Dec 2023=100",""
"CPA01C06","Consumer Price Index (Base Dec 2023=100)","1984","1984","04","Housing, water, electricity, gas and other fuels","Base Dec 2023=100",""
"CPA01C06","Consumer Price Index (Base Dec 2023=100)","1984","1984","05","Furnishings, household equipment and routine household maintenance","Base Dec 2023=100",""
"CPA01C06","Consumer Price Index (Base Dec 2023=100)","1984","1984","06","Health","Base Dec 2023=100",""
"CPA01C06","Consumer Price Index (Base Dec 2023=100)","1984","1984","07","Transport","Base Dec 2023=100",""
"CPA01C06","Consumer Price Index (Base Dec 2023=100)","1984","1984","08","Communications","Base Dec 2023=100",""
"CPA01C06","Consumer Price Index (Base Dec 2023=100)","1984","1984","09","Recreation and culture","Base Dec 2023=100",""
"CPA01C06","Consumer Price Index (Base Dec 2023=100)","1984","1984","10","Education","Base Dec 2023=100",""
"CPA01C06","Consumer Price Index (Base Dec 2023=100)","1984","1984","11","Restaurants and hotels","Base Dec 2023=100",""
"CPA01C06","Consumer Price Index (Base Dec 2023=100)","1984","1984","12","Miscellaneous goods and services","Base Dec 2023=100",""
"CPA01C06","Consumer Price Index (Base Dec 2023=100)","1985","1985","-","All items","Base Dec 2023=100","41.1"
"CPA01C06","Consumer Price Index (Base Dec 2023=100)","1985","1985","01","Food and non-alcoholic beverages","Base Dec 2023=100",""
"CPA01C06","Consumer Price Index (Base Dec 2023=100)","1985","1985","02","Alcoholic beverages and tobacco","Base Dec 2023=100",""
"CPA01C06","Consumer Price Index (Base Dec 2023=100)","1985","1985","03","Clothing and footwear","Base Dec 2023=100",""
"CPA01C06","Consumer Price Index (Base Dec 2023=100)","1985","1985","04","Housing, water, electricity, gas and other fuels","Base Dec 2023=100",""
"CPA01C06","Consumer Price Index (Base Dec 2023=100)","1985","1985","05","Furnishings, household equipment and routine household maintenance","Base Dec 2023=100",""
"CPA01C06","Consumer Price Index (Base Dec 2023=100)","1985","1985","06","Health","Base Dec 2023=100",""
"CPA01C06","Consumer Price Index (Base Dec 2023=100)","1985","1985","07","Transport","Base Dec 2023=100",""
"CPA01C06","Consumer Price Index (Base Dec 2023=100)","1985","1985","08","Communications","Base Dec 2023=100",""
"CPA01C06","Consumer Price Index (Base Dec 2023=100)","1985","1985","09","Recreation and culture","Base Dec 2023=100",""
"CPA01C06","Consumer Price Index (Base Dec 2023=100)","1985","1985","10","Education","Base Dec 2023=100",""
"CPA01C06","Consumer Price Index (Base Dec 2023=100)","1985","1985","11","Restaurants and hotels","Base Dec 2023=100",""
"CPA01C06","Consumer Price Index (Base Dec 2023=100)","1985","1985","12","Miscellaneous goods and services","Base Dec 2023=100",""
"CPA01C06","Consumer Price Index (Base Dec 2023=100)","1986","1986","-","All items","Base Dec 2023=100","42.6"
"CPA01C06","Consumer Price Index (Base Dec 2023=100)","1986","1986","01","Food and non-alcoholic beverages","Base Dec 2023=100",""
"CPA01C06","Consumer Price Index (Base Dec 2023=100)","1986","1986","02","Alcoholic beverages and tobacco","Base Dec 2023=100",""
"CPA01C06","Consumer Price Index (Base Dec 2023=100)","1986","1986","03","Clothing and footwear","Base Dec 2023=100",""
"CPA01C06","Consumer Price Index (Base Dec 2023=100)","1986","1986","04","Housing, water, electricity, gas and other fuels","Base Dec 2023=100",""
"CPA01C06","Consumer Price Index (Base Dec 2023=100)","1986","1986","05","Furnishings, household equipment and routine household maintenance","Base Dec 2023=100",""
"CPA01C06","Consumer Price Index (Base Dec 2023=100)","1986","1986","06","Health","Base Dec 2023=100",""
"CPA01C06","Consumer Price Index (Base Dec 2023=100)","1986","1986","07","Transport","Base Dec 2023=100",""
"CPA01C06","Consumer Price Index (Base Dec 2023=100)","1986","1986","08","Communications","Base Dec 2023=100",""
"CPA01C06","Consumer Price Index (Base Dec 2023=100)","1986","1986","09","Recreation and culture","Base Dec 2023=100",""
"CPA01C06","Consumer Price Index (Base Dec 2023=100)","1986","1986","10","Education","Base Dec 2023=100",""
"CPA01C06","Consumer Price Index (Base Dec 2023=100)","1986","1986","11","Restaurants and hotels","Base Dec 2023=100",""
"CPA01C06","Consumer Price Index (Base Dec 2023=100)","1986","1986","12","Miscellaneous goods and services","Base Dec 2023=100",""
"CPA01C06","Consumer Price Index (Base Dec 2023=100)","1987","1987","-","All items","Base Dec 2023=100","44"
"CPA01C06","Consumer Price Index (Base Dec 2023=100)","1987","1987","01","Food and non-alcoholic beverages","Base Dec 2023=100",""
"CPA01C06","Consumer Price Index (Base Dec 2023=100)","1987","1987","02","Alcoholic beverages and tobacco","Base Dec 2023=100",""
"CPA01C06","Consumer Price Index (Base Dec 2023=100)","1987","1987","03","Clothing and footwear","Base Dec 2023=100",""
"CPA01C06","Consumer Price Index (Base Dec 2023=100)","1987","1987","04","Housing, water, electricity, gas and other fuels","Base Dec 2023=100",""
"CPA01C06","Consumer Price Index (Base Dec 2023=100)","1987","1987","05","Furnishings, household equipment and routine household maintenance","Base Dec 2023=100",""
"CPA01C06","Consumer Price Index (Base Dec 2023=100)","1987","1987","06","Health","Base Dec 2023=100",""
"CPA01C06","Consumer Price Index (Base Dec 2023=100)","1987","1987","07","Transport","Base Dec 2023=100",""
"CPA01C06","Consumer Price Index (Base Dec 2023=100)","1987","1987","08","Communications","Base Dec 2023=100",""
"CPA01C06","Consumer Price Index (Base Dec 2023=100)","1987","1987","09","Recreation and culture","Base Dec 2023=100",""
"CPA01C06","Consumer Price Index (Base Dec 2023=100)","1987","1987","10","Education","Base Dec 2023=100",""
"CPA01C06","Consumer Price Index (Base Dec 2023=100)","1987","1987","11","Restaurants and hotels","Base Dec 2023=100",""
"CPA01C06","Consumer Price Index (Base Dec 2023=100)","1987","1987","12","Miscellaneous goods and services","Base Dec 2023=100",""
"CPA01C06","Consumer Price Index (Base Dec 2023=100)","1988","1988","-","All items","Base Dec 2023=100","44.9"
"CPA01C06","Consumer Price Index (Base Dec 2023=100)","1988","1988","01","Food and non-alcoholic beverages","Base Dec 2023=100",""
"CPA01C06","Consumer Price Index (Base Dec 2023=100)","1988","1988","02","Alcoholic beverages and tobacco","Base Dec 2023=100",""
"CPA01C06","Consumer Price Index (Base Dec 2023=100)","1988","1988","03","Clothing and footwear","Base Dec 2023=100",""
"CPA01C06","Consumer Price Index (Base Dec 2023=100)","1988","1988","04","Housing, water, electricity, gas and other fuels","Base Dec 2023=100",""
"CPA01C06","Consumer Price Index (Base Dec 2023=100)","1988","1988","05","Furnishings, household equipment and routine household maintenance","Base Dec 2023=100",""
"CPA01C06","Consumer Price Index (Base Dec 2023=100)","1988","1988","06","Health","Base Dec 2023=100",""
"CPA01C06","Consumer Price Index (Base Dec 2023=100)","1988","1988","07","Transport","Base Dec 2023=100",""
"CPA01C06","Consumer Price Index (Base Dec 2023=100)","1988","1988","08","Communications","Base Dec 2023=100",""
"CPA01C06","Consumer Price Index (Base Dec 2023=100)","1988","1988","09","Recreation and culture","Base Dec 2023=100",""
"CPA01C06","Consumer Price Index (Base Dec 2023=100)","1988","1988","10","Education","Base Dec 2023=100",""
"CPA01C06","Consumer Price Index (Base Dec 2023=100)","1988","1988","11","Restaurants and hotels","Base Dec 2023=100",""
"CPA01C06","Consumer Price Index (Base Dec 2023=100)","1988","1988","12","Miscellaneous goods and services","Base Dec 2023=100",""
"CPA01C06","Consumer Price Index (Base Dec 2023=100)","1989","1989","-","All items","Base Dec 2023=100","46.7"
"CPA01C06","Consumer Price Index (Base Dec 2023=100)","1989","1989","01","Food and non-alcoholic beverages","Base Dec 2023=100",""
"CPA01C06","Consumer Price Index (Base Dec 2023=100)","1989","1989","02","Alcoholic beverages and tobacco","Base Dec 2023=100",""
"CPA01C06","Consumer Price Index (Base Dec 2023=100)","1989","1989","03","Clothing and footwear","Base Dec 2023=100",""
"CPA01C06","Consumer Price Index (Base Dec 2023=100)","1989","1989","04","Housing, water, electricity, gas and other fuels","Base Dec 2023=100",""
"CPA01C06","Consumer Price Index (Base Dec 2023=100)","1989","1989","05","Furnishings, household equipment and routine household maintenance","Base Dec 2023=100",""
"CPA01C06","Consumer Price Index (Base Dec 2023=100)","1989","1989","06","Health","Base Dec 2023=100",""
"CPA01C06","Consumer Price Index (Base Dec 2023=100)","1989","1989","07","Transport","Base Dec 2023=100",""
"CPA01C06","Consumer Price Index (Base Dec 2023=100)","1989","1989","08","Communications","Base Dec 2023=100",""
"CPA01C06","Consumer Price Index (Base Dec 2023=100)","1989","1989","09","Recreation and culture","Base Dec 2023=100",""
"CPA01C06","Consumer Price Index (Base Dec 2023=100)","1989","1989","10","Education","Base Dec 2023=100",""
"CPA01C06","Consumer Price Index (Base Dec 2023=100)","1989","1989","11","Restaurants and hotels","Base Dec 2023=100",""
"CPA01C06","Consumer Price Index (Base Dec 2023=100)","1989","1989","12","Miscellaneous goods and services","Base Dec 2023=100",""
"CPA01C06","Consumer Price Index (Base Dec 2023=100)","1990","1990","-","All items","Base Dec 2023=100","48.3"
"CPA01C06","Consumer Price Index (Base Dec 2023=100)","1990","1990","01","Food and non-alcoholic beverages","Base Dec 2023=100",""
"CPA01C06","Consumer Price Index (Base Dec 2023=100)","1990","1990","02","Alcoholic beverages and tobacco","Base Dec 2023=100",""
"CPA01C06","Consumer Price Index (Base Dec 2023=100)","1990","1990","03","Clothing and footwear","Base Dec 2023=100",""
"CPA01C06","Consumer Price Index (Base Dec 2023=100)","1990","1990","04","Housing, water, electricity, gas and other fuels","Base Dec 2023=100",""
"CPA01C06","Consumer Price Index (Base Dec 2023=100)","1990","1990","05","Furnishings, household equipment and routine household maintenance","Base Dec 2023=100",""
"CPA01C06","Consumer Price Index (Base Dec 2023=100)","1990","1990","06","Health","Base Dec 2023=100",""
"CPA01C06","Consumer Price Index (Base Dec 2023=100)","1990","1990","07","Transport","Base Dec 2023=100",""
"CPA01C06","Consumer Price Index (Base Dec 2023=100)","1990","1990","08","Communications","Base Dec 2023=100",""
"CPA01C06","Consumer Price Index (Base Dec 2023=100)","1990","1990","09","Recreation and culture","Base Dec 2023=100",""
"CPA01C06","Consumer Price Index (Base Dec 2023=100)","1990","1990","10","Education","Base Dec 2023=100",""
"CPA01C06","Consumer Price Index (Base Dec 2023=100)","1990","1990","11","Restaurants and hotels","Base Dec 2023=100",""
"CPA01C06","Consumer Price Index (Base Dec 2023=100)","1990","1990","12","Miscellaneous goods and services","Base Dec 2023=100",""
"CPA01C06","Consumer Price Index (Base Dec 2023=100)","1991","1991","-","All items","Base Dec 2023=100","49.8"
"CPA01C06","Consumer Price Index (Base Dec 2023=100)","1991","1991","01","Food and non-alcoholic beverages","Base Dec 2023=100",""
"CPA01C06","Consumer Price Index (Base Dec 2023=100)","1991","1991","02","Alcoholic beverages and tobacco","Base Dec 2023=100",""
"CPA01C06","Consumer Price Index (Base Dec 2023=100)","1991","1991","03","Clothing and footwear","Base Dec 2023=100",""
"CPA01C06","Consumer Price Index (Base Dec 2023=100)","1991","1991","04","Housing, water, electricity, gas and other fuels","Base Dec 2023=100",""
"CPA01C06","Consumer Price Index (Base Dec 2023=100)","1991","1991","05","Furnishings, household equipment and routine household maintenance","Base Dec 2023=100",""
"CPA01C06","Consumer Price Index (Base Dec 2023=100)","1991","1991","06","Health","Base Dec 2023=100",""
"CPA01C06","Consumer Price Index (Base Dec 2023=100)","1991","1991","07","Transport","Base Dec 2023=100",""
"CPA01C06","Consumer Price Index (Base Dec 2023=100)","1991","1991","08","Communications","Base Dec 2023=100",""
"CPA01C06","Consumer Price Index (Base Dec 2023=100)","1991","1991","09","Recreation and culture","Base Dec 2023=100",""
"CPA01C06","Consumer Price Index (Base Dec 2023=100)","1991","1991","10","Education","Base Dec 2023=100",""
"CPA01C06","Consumer Price Index (Base Dec 2023=100)","1991","1991","11","Restaurants and hotels","Base Dec 2023=100",""
"CPA01C06","Consumer Price Index (Base Dec 2023=100)","1991","1991","12","Miscellaneous goods and services","Base Dec 2023=100",""
"CPA01C06","Consumer Price Index (Base Dec 2023=100)","1992","1992","-","All items","Base Dec 2023=100","51.4"
"CPA01C06","Consumer Price Index (Base Dec 2023=100)","1992","1992","01","Food and non-alcoholic beverages","Base Dec 2023=100",""
"CPA01C06","Consumer Price Index (Base Dec 2023=100)","1992","1992","02","Alcoholic beverages and tobacco","Base Dec 2023=100",""
"CPA01C06","Consumer Price Index (Base Dec 2023=100)","1992","1992","03","Clothing and footwear","Base Dec 2023=100",""
"CPA01C06","Consumer Price Index (Base Dec 2023=100)","1992","1992","04","Housing, water, electricity, gas and other fuels","Base Dec 2023=100",""
"CPA01C06","Consumer Price Index (Base Dec 2023=100)","1992","1992","05","Furnishings, household equipment and routine household maintenance","Base Dec 2023=100",""
"CPA01C06","Consumer Price Index (Base Dec 2023=100)","1992","1992","06","Health","Base Dec 2023=100",""
"CPA01C06","Consumer Price Index (Base Dec 2023=100)","1992","1992","07","Transport","Base Dec 2023=100",""
"CPA01C06","Consumer Price Index (Base Dec 2023=100)","1992","1992","08","Communications","Base Dec 2023=100",""
"CPA01C06","Consumer Price Index (Base Dec 2023=100)","1992","1992","09","Recreation and culture","Base Dec 2023=100",""
"CPA01C06","Consumer Price Index (Base Dec 2023=100)","1992","1992","10","Education","Base Dec 2023=100",""
"CPA01C06","Consumer Price Index (Base Dec 2023=100)","1992","1992","11","Restaurants and hotels","Base Dec 2023=100",""
"CPA01C06","Consumer Price Index (Base Dec 2023=100)","1992","1992","12","Miscellaneous goods and services","Base Dec 2023=100",""
"CPA01C06","Consumer Price Index (Base Dec 2023=100)","1993","1993","-","All items","Base Dec 2023=100","52.1"
"CPA01C06","Consumer Price Index (Base Dec 2023=100)","1993","1993","01","Food and non-alcoholic beverages","Base Dec 2023=100",""
"CPA01C06","Consumer Price Index (Base Dec 2023=100)","1993","1993","02","Alcoholic beverages and tobacco","Base Dec 2023=100",""
"CPA01C06","Consumer Price Index (Base Dec 2023=100)","1993","1993","03","Clothing and footwear","Base Dec 2023=100",""
"CPA01C06","Consumer Price Index (Base Dec 2023=100)","1993","1993","04","Housing, water, electricity, gas and other fuels","Base Dec 2023=100",""
"CPA01C06","Consumer Price Index (Base Dec 2023=100)","1993","1993","05","Furnishings, household equipment and routine household maintenance","Base Dec 2023=100",""
"CPA01C06","Consumer Price Index (Base Dec 2023=100)","1993","1993","06","Health","Base Dec 2023=100",""
"CPA01C06","Consumer Price Index (Base Dec 2023=100)","1993","1993","07","Transport","Base Dec 2023=100",""
"CPA01C06","Consumer Price Index (Base Dec 2023=100)","1993","1993","08","Communications","Base Dec 2023=100",""
"CPA01C06","Consumer Price Index (Base Dec 2023=100)","1993","1993","09","Recreation and culture","Base Dec 2023=100",""
"CPA01C06","Consumer Price Index (Base Dec 2023=100)","1993","1993","10","Education","Base Dec 2023=100",""
"CPA01C06","Consumer Price Index (Base Dec 2023=100)","1993","1993","11","Restaurants and hotels","Base Dec 2023=100",""
"CPA01C06","Consumer Price Index (Base Dec 2023=100)","1993","1993","12","Miscellaneous goods and services","Base Dec 2023=100",""
"CPA01C06","Consumer Price Index (Base Dec 2023=100)","1994","1994","-","All items","Base Dec 2023=100","53.3"
"CPA01C06","Consumer Price Index (Base Dec 2023=100)","1994","1994","01","Food and non-alcoholic beverages","Base Dec 2023=100",""
"CPA01C06","Consumer Price Index (Base Dec 2023=100)","1994","1994","02","Alcoholic beverages and tobacco","Base Dec 2023=100",""
"CPA01C06","Consumer Price Index (Base Dec 2023=100)","1994","1994","03","Clothing and footwear","Base Dec 2023=100",""
"CPA01C06","Consumer Price Index (Base Dec 2023=100)","1994","1994","04","Housing, water, electricity, gas and other fuels","Base Dec 2023=100",""
"CPA01C06","Consumer Price Index (Base Dec 2023=100)","1994","1994","05","Furnishings, household equipment and routine household maintenance","Base Dec 2023=100",""
"CPA01C06","Consumer Price Index (Base Dec 2023=100)","1994","1994","06","Health","Base Dec 2023=100",""
"CPA01C06","Consumer Price Index (Base Dec 2023=100)","1994","1994","07","Transport","Base Dec 2023=100",""
"CPA01C06","Consumer Price Index (Base Dec 2023=100)","1994","1994","08","Communications","Base Dec 2023=100",""
"CPA01C06","Consumer Price Index (Base Dec 2023=100)","1994","1994","09","Recreation and culture","Base Dec 2023=100",""
"CPA01C06","Consumer Price Index (Base Dec 2023=100)","1994","1994","10","Education","Base Dec 2023=100",""
"CPA01C06","Consumer Price Index (Base Dec 2023=100)","1994","1994","11","Restaurants and hotels","Base Dec 2023=100",""
"CPA01C06","Consumer Price Index (Base Dec 2023=100)","1994","1994","12","Miscellaneous goods and services","Base Dec 2023=100",""
"CPA01C06","Consumer Price Index (Base Dec 2023=100)","1995","1995","-","All items","Base Dec 2023=100","54.7"
"CPA01C06","Consumer Price Index (Base Dec 2023=100)","1995","1995","01","Food and non-alcoholic beverages","Base Dec 2023=100",""
"CPA01C06","Consumer Price Index (Base Dec 2023=100)","1995","1995","02","Alcoholic beverages and tobacco","Base Dec 2023=100",""
"CPA01C06","Consumer Price Index (Base Dec 2023=100)","1995","1995","03","Clothing and footwear","Base Dec 2023=100",""
"CPA01C06","Consumer Price Index (Base Dec 2023=100)","1995","1995","04","Housing, water, electricity, gas and other fuels","Base Dec 2023=100",""
"CPA01C06","Consumer Price Index (Base Dec 2023=100)","1995","1995","05","Furnishings, household equipment and routine household maintenance","Base Dec 2023=100",""
"CPA01C06","Consumer Price Index (Base Dec 2023=100)","1995","1995","06","Health","Base Dec 2023=100",""
"CPA01C06","Consumer Price Index (Base Dec 2023=100)","1995","1995","07","Transport","Base Dec 2023=100",""
"CPA01C06","Consumer Price Index (Base Dec 2023=100)","1995","1995","08","Communications","Base Dec 2023=100",""
"CPA01C06","Consumer Price Index (Base Dec 2023=100)","1995","1995","09","Recreation and culture","Base Dec 2023=100",""
"CPA01C06","Consumer Price Index (Base Dec 2023=100)","1995","1995","10","Education","Base Dec 2023=100",""
"CPA01C06","Consumer Price Index (Base Dec 2023=100)","1995","1995","11","Restaurants and hotels","Base Dec 2023=100",""
"CPA01C06","Consumer Price Index (Base Dec 2023=100)","1995","1995","12","Miscellaneous goods and services","Base Dec 2023=100",""
"CPA01C06","Consumer Price Index (Base Dec 2023=100)","1996","1996","-","All items","Base Dec 2023=100","55.6"
"CPA01C06","Consumer Price Index (Base Dec 2023=100)","1996","1996","01","Food and non-alcoholic beverages","Base Dec 2023=100",""
"CPA01C06","Consumer Price Index (Base Dec 2023=100)","1996","1996","02","Alcoholic beverages and tobacco","Base Dec 2023=100",""
"CPA01C06","Consumer Price Index (Base Dec 2023=100)","1996","1996","03","Clothing and footwear","Base Dec 2023=100",""
"CPA01C06","Consumer Price Index (Base Dec 2023=100)","1996","1996","04","Housing, water, electricity, gas and other fuels","Base Dec 2023=100",""
"CPA01C06","Consumer Price Index (Base Dec 2023=100)","1996","1996","05","Furnishings, household equipment and routine household maintenance","Base Dec 2023=100",""
"CPA01C06","Consumer Price Index (Base Dec 2023=100)","1996","1996","06","Health","Base Dec 2023=100",""
"CPA01C06","Consumer Price Index (Base Dec 2023=100)","1996","1996","07","Transport","Base Dec 2023=100",""
"CPA01C06","Consumer Price Index (Base Dec 2023=100)","1996","1996","08","Communications","Base Dec 2023=100",""
"CPA01C06","Consumer Price Index (Base Dec 2023=100)","1996","1996","09","Recreation and culture","Base Dec 2023=100",""
"CPA01C06","Consumer Price Index (Base Dec 2023=100)","1996","1996","10","Education","Base Dec 2023=100",""
"CPA01C06","Consumer Price Index (Base Dec 2023=100)","1996","1996","11","Restaurants and hotels","Base Dec 2023=100",""
"CPA01C06","Consumer Price Index (Base Dec 2023=100)","1996","1996","12","Miscellaneous goods and services","Base Dec 2023=100",""
"CPA01C06","Consumer Price Index (Base Dec 2023=100)","1997","1997","-","All items","Base Dec 2023=100","56.4"
"CPA01C06","Consumer Price Index (Base Dec 2023=100)","1997","1997","01","Food and non-alcoholic beverages","Base Dec 2023=100","73.7"
"CPA01C06","Consumer Price Index (Base Dec 2023=100)","1997","1997","02","Alcoholic beverages and tobacco","Base Dec 2023=100","39.7"
"CPA01C06","Consumer Price Index (Base Dec 2023=100)","1997","1997","03","Clothing and footwear","Base Dec 2023=100","240.9"
"CPA01C06","Consumer Price Index (Base Dec 2023=100)","1997","1997","04","Housing, water, electricity, gas and other fuels","Base Dec 2023=100","34.1"
"CPA01C06","Consumer Price Index (Base Dec 2023=100)","1997","1997","05","Furnishings, household equipment and routine household maintenance","Base Dec 2023=100","130"
"CPA01C06","Consumer Price Index (Base Dec 2023=100)","1997","1997","06","Health","Base Dec 2023=100","41.3"
"CPA01C06","Consumer Price Index (Base Dec 2023=100)","1997","1997","07","Transport","Base Dec 2023=100","60.3"
"CPA01C06","Consumer Price Index (Base Dec 2023=100)","1997","1997","08","Communications","Base Dec 2023=100","136.6"
"CPA01C06","Consumer Price Index (Base Dec 2023=100)","1997","1997","09","Recreation and culture","Base Dec 2023=100","69.8"
"CPA01C06","Consumer Price Index (Base Dec 2023=100)","1997","1997","10","Education","Base Dec 2023=100","29.8"
"CPA01C06","Consumer Price Index (Base Dec 2023=100)","1997","1997","11","Restaurants and hotels","Base Dec 2023=100","44.3"
"CPA01C06","Consumer Price Index (Base Dec 2023=100)","1997","1997","12","Miscellaneous goods and services","Base Dec 2023=100","47.2"
"CPA01C06","Consumer Price Index (Base Dec 2023=100)","1998","1998","-","All items","Base Dec 2023=100","57.8"
"CPA01C06","Consumer Price Index (Base Dec 2023=100)","1998","1998","01","Food and non-alcoholic beverages","Base Dec 2023=100","76.7"
"CPA01C06","Consumer Price Index (Base Dec 2023=100)","1998","1998","02","Alcoholic beverages and tobacco","Base Dec 2023=100","41.3"
"CPA01C06","Consumer Price Index (Base Dec 2023=100)","1998","1998","03","Clothing and footwear","Base Dec 2023=100","228"
"CPA01C06","Consumer Price Index (Base Dec 2023=100)","1998","1998","04","Housing, water, electricity, gas and other fuels","Base Dec 2023=100","34.3"
"CPA01C06","Consumer Price Index (Base Dec 2023=100)","1998","1998","05","Furnishings, household equipment and routine household maintenance","Base Dec 2023=100","134.6"
"CPA01C06","Consumer Price Index (Base Dec 2023=100)","1998","1998","06","Health","Base Dec 2023=100","43.6"
"CPA01C06","Consumer Price Index (Base Dec 2023=100)","1998","1998","07","Transport","Base Dec 2023=100","60.8"
"CPA01C06","Consumer Price Index (Base Dec 2023=100)","1998","1998","08","Communications","Base Dec 2023=100","128.4"
"CPA01C06","Consumer Price Index (Base Dec 2023=100)","1998","1998","09","Recreation and culture","Base Dec 2023=100","71.3"
"CPA01C06","Consumer Price Index (Base Dec 2023=100)","1998","1998","10","Education","Base Dec 2023=100","32.1"
"CPA01C06","Consumer Price Index (Base Dec 2023=100)","1998","1998","11","Restaurants and hotels","Base Dec 2023=100","46.1"
"CPA01C06","Consumer Price Index (Base Dec 2023=100)","1998","1998","12","Miscellaneous goods and services","Base Dec 2023=100","49.6"
"CPA01C06","Consumer Price Index (Base Dec 2023=100)","1999","1999","-","All items","Base Dec 2023=100","58.7"
"CPA01C06","Consumer Price Index (Base Dec 2023=100)","1999","1999","01","Food and non-alcoholic beverages","Base Dec 2023=100","79"
"CPA01C06","Consumer Price Index (Base Dec 2023=100)","1999","1999","02","Alcoholic beverages and tobacco","Base Dec 2023=100","42.9"
"CPA01C06","Consumer Price Index (Base Dec 2023=100)","1999","1999","03","Clothing and footwear","Base Dec 2023=100","213.6"
"CPA01C06","Consumer Price Index (Base Dec 2023=100)","1999","1999","04","Housing, water, electricity, gas and other fuels","Base Dec 2023=100","32"
"CPA01C06","Consumer Price Index (Base Dec 2023=100)","1999","1999","05","Furnishings, household equipment and routine household maintenance","Base Dec 2023=100","137.9"
"CPA01C06","Consumer Price Index (Base Dec 2023=100)","1999","1999","06","Health","Base Dec 2023=100","46"
"CPA01C06","Consumer Price Index (Base Dec 2023=100)","1999","1999","07","Transport","Base Dec 2023=100","62.2"
"CPA01C06","Consumer Price Index (Base Dec 2023=100)","1999","1999","08","Communications","Base Dec 2023=100","119"
"CPA01C06","Consumer Price Index (Base Dec 2023=100)","1999","1999","09","Recreation and culture","Base Dec 2023=100","73.4"
"CPA01C06","Consumer Price Index (Base Dec 2023=100)","1999","1999","10","Education","Base Dec 2023=100","35.3"
"CPA01C06","Consumer Price Index (Base Dec 2023=100)","1999","1999","11","Restaurants and hotels","Base Dec 2023=100","48"
"CPA01C06","Consumer Price Index (Base Dec 2023=100)","1999","1999","12","Miscellaneous goods and services","Base Dec 2023=100","52.4"
"CPA01C06","Consumer Price Index (Base Dec 2023=100)","2000","2000","-","All items","Base Dec 2023=100","62"
"CPA01C06","Consumer Price Index (Base Dec 2023=100)","2000","2000","01","Food and non-alcoholic beverages","Base Dec 2023=100","81.5"
"CPA01C06","Consumer Price Index (Base Dec 2023=100)","2000","2000","02","Alcoholic beverages and tobacco","Base Dec 2023=100","47.9"
"CPA01C06","Consumer Price Index (Base Dec 2023=100)","2000","2000","03","Clothing and footwear","Base Dec 2023=100","203.1"
"CPA01C06","Consumer Price Index (Base Dec 2023=100)","2000","2000","04","Housing, water, electricity, gas and other fuels","Base Dec 2023=100","35.1"
"CPA01C06","Consumer Price Index (Base Dec 2023=100)","2000","2000","05","Furnishings, household equipment and routine household maintenance","Base Dec 2023=100","144"
"CPA01C06","Consumer Price Index (Base Dec 2023=100)","2000","2000","06","Health","Base Dec 2023=100","49.3"
"CPA01C06","Consumer Price Index (Base Dec 2023=100)","2000","2000","07","Transport","Base Dec 2023=100","67.2"
"CPA01C06","Consumer Price Index (Base Dec 2023=100)","2000","2000","08","Communications","Base Dec 2023=100","115.4"
"CPA01C06","Consumer Price Index (Base Dec 2023=100)","2000","2000","09","Recreation and culture","Base Dec 2023=100","76"
"CPA01C06","Consumer Price Index (Base Dec 2023=100)","2000","2000","10","Education","Base Dec 2023=100","39"
"CPA01C06","Consumer Price Index (Base Dec 2023=100)","2000","2000","11","Restaurants and hotels","Base Dec 2023=100","50.6"
"CPA01C06","Consumer Price Index (Base Dec 2023=100)","2000","2000","12","Miscellaneous goods and services","Base Dec 2023=100","56.3"
"CPA01C06","Consumer Price Index (Base Dec 2023=100)","2001","2001","-","All items","Base Dec 2023=100","65"
"CPA01C06","Consumer Price Index (Base Dec 2023=100)","2001","2001","01","Food and non-alcoholic beverages","Base Dec 2023=100","86.8"
"CPA01C06","Consumer Price Index (Base Dec 2023=100)","2001","2001","02","Alcoholic beverages and tobacco","Base Dec 2023=100","49.1"
"CPA01C06","Consumer Price Index (Base Dec 2023=100)","2001","2001","03","Clothing and footwear","Base Dec 2023=100","197.5"
"CPA01C06","Consumer Price Index (Base Dec 2023=100)","2001","2001","04","Housing, water, electricity, gas and other fuels","Base Dec 2023=100","38.8"
"CPA01C06","Consumer Price Index (Base Dec 2023=100)","2001","2001","05","Furnishings, household equipment and routine household maintenance","Base Dec 2023=100","149"
"CPA01C06","Consumer Price Index (Base Dec 2023=100)","2001","2001","06","Health","Base Dec 2023=100","53"
"CPA01C06","Consumer Price Index (Base Dec 2023=100)","2001","2001","07","Transport","Base Dec 2023=100","66.2"
"CPA01C06","Consumer Price Index (Base Dec 2023=100)","2001","2001","08","Communications","Base Dec 2023=100","105.8"
"CPA01C06","Consumer Price Index (Base Dec 2023=100)","2001","2001","09","Recreation and culture","Base Dec 2023=100","79.8"
"CPA01C06","Consumer Price Index (Base Dec 2023=100)","2001","2001","10","Education","Base Dec 2023=100","41.8"
"CPA01C06","Consumer Price Index (Base Dec 2023=100)","2001","2001","11","Restaurants and hotels","Base Dec 2023=100","53.6"
"CPA01C06","Consumer Price Index (Base Dec 2023=100)","2001","2001","12","Miscellaneous goods and services","Base Dec 2023=100","61.6"
"CPA01C06","Consumer Price Index (Base Dec 2023=100)","2002","2002","-","All items","Base Dec 2023=100","68"
"CPA01C06","Consumer Price Index (Base Dec 2023=100)","2002","2002","01","Food and non-alcoholic beverages","Base Dec 2023=100","89.8"
"CPA01C06","Consumer Price Index (Base Dec 2023=100)","2002","2002","02","Alcoholic beverages and tobacco","Base Dec 2023=100","51.8"
"CPA01C06","Consumer Price Index (Base Dec 2023=100)","2002","2002","03","Clothing and footwear","Base Dec 2023=100","189.1"
"CPA01C06","Consumer Price Index (Base Dec 2023=100)","2002","2002","04","Housing, water, electricity, gas and other fuels","Base Dec 2023=100","39.2"
"CPA01C06","Consumer Price Index (Base Dec 2023=100)","2002","2002","05","Furnishings, household equipment and routine household maintenance","Base Dec 2023=100","151.7"
"CPA01C06","Consumer Price Index (Base Dec 2023=100)","2002","2002","06","Health","Base Dec 2023=100","58.3"
"CPA01C06","Consumer Price Index (Base Dec 2023=100)","2002","2002","07","Transport","Base Dec 2023=100","68.1"
"CPA01C06","Consumer Price Index (Base Dec 2023=100)","2002","2002","08","Communications","Base Dec 2023=100","108.1"
"CPA01C06","Consumer Price Index (Base Dec 2023=100)","2002","2002","09","Recreation and culture","Base Dec 2023=100","84.8"
"CPA01C06","Consumer Price Index (Base Dec 2023=100)","2002","2002","10","Education","Base Dec 2023=100","46.2"
"CPA01C06","Consumer Price Index (Base Dec 2023=100)","2002","2002","11","Restaurants and hotels","Base Dec 2023=100","57.6"
"CPA01C06","Consumer Price Index (Base Dec 2023=100)","2002","2002","12","Miscellaneous goods and services","Base Dec 2023=100","67.6"
"CPA01C06","Consumer Price Index (Base Dec 2023=100)","2003","2003","-","All items","Base Dec 2023=100","70.4"
"CPA01C06","Consumer Price Index (Base Dec 2023=100)","2003","2003","01","Food and non-alcoholic beverages","Base Dec 2023=100","91.1"
"CPA01C06","Consumer Price Index (Base Dec 2023=100)","2003","2003","02","Alcoholic beverages and tobacco","Base Dec 2023=100","56.9"
"CPA01C06","Consumer Price Index (Base Dec 2023=100)","2003","2003","03","Clothing and footwear","Base Dec 2023=100","181.4"
"CPA01C06","Consumer Price Index (Base Dec 2023=100)","2003","2003","04","Housing, water, electricity, gas and other fuels","Base Dec 2023=100","39"
"CPA01C06","Consumer Price Index (Base Dec 2023=100)","2003","2003","05","Furnishings, household equipment and routine household maintenance","Base Dec 2023=100","150.7"
"CPA01C06","Consumer Price Index (Base Dec 2023=100)","2003","2003","06","Health","Base Dec 2023=100","62.8"
"CPA01C06","Consumer Price Index (Base Dec 2023=100)","2003","2003","07","Transport","Base Dec 2023=100","70.4"
"CPA01C06","Consumer Price Index (Base Dec 2023=100)","2003","2003","08","Communications","Base Dec 2023=100","109.7"
"CPA01C06","Consumer Price Index (Base Dec 2023=100)","2003","2003","09","Recreation and culture","Base Dec 2023=100","88.3"
"CPA01C06","Consumer Price Index (Base Dec 2023=100)","2003","2003","10","Education","Base Dec 2023=100","50.3"
"CPA01C06","Consumer Price Index (Base Dec 2023=100)","2003","2003","11","Restaurants and hotels","Base Dec 2023=100","61.2"
"CPA01C06","Consumer Price Index (Base Dec 2023=100)","2003","2003","12","Miscellaneous goods and services","Base Dec 2023=100","70.7"
"CPA01C06","Consumer Price Index (Base Dec 2023=100)","2004","2004","-","All items","Base Dec 2023=100","71.9"
"CPA01C06","Consumer Price Index (Base Dec 2023=100)","2004","2004","01","Food and non-alcoholic beverages","Base Dec 2023=100","90.8"
"CPA01C06","Consumer Price Index (Base Dec 2023=100)","2004","2004","02","Alcoholic beverages and tobacco","Base Dec 2023=100","58.9"
"CPA01C06","Consumer Price Index (Base Dec 2023=100)","2004","2004","03","Clothing and footwear","Base Dec 2023=100","175.1"
"CPA01C06","Consumer Price Index (Base Dec 2023=100)","2004","2004","04","Housing, water, electricity, gas and other fuels","Base Dec 2023=100","40.6"
"CPA01C06","Consumer Price Index (Base Dec 2023=100)","2004","2004","05","Furnishings, household equipment and routine household maintenance","Base Dec 2023=100","148"
"CPA01C06","Consumer Price Index (Base Dec 2023=100)","2004","2004","06","Health","Base Dec 2023=100","66.5"
"CPA01C06","Consumer Price Index (Base Dec 2023=100)","2004","2004","07","Transport","Base Dec 2023=100","73.3"
"CPA01C06","Consumer Price Index (Base Dec 2023=100)","2004","2004","08","Communications","Base Dec 2023=100","112.7"
"CPA01C06","Consumer Price Index (Base Dec 2023=100)","2004","2004","09","Recreation and culture","Base Dec 2023=100","89.3"
"CPA01C06","Consumer Price Index (Base Dec 2023=100)","2004","2004","10","Education","Base Dec 2023=100","53.3"
"CPA01C06","Consumer Price Index (Base Dec 2023=100)","2004","2004","11","Restaurants and hotels","Base Dec 2023=100","63.7"
"CPA01C06","Consumer Price Index (Base Dec 2023=100)","2004","2004","12","Miscellaneous goods and services","Base Dec 2023=100","70.4"
"CPA01C06","Consumer Price Index (Base Dec 2023=100)","2005","2005","-","All items","Base Dec 2023=100","73.7"
"CPA01C06","Consumer Price Index (Base Dec 2023=100)","2005","2005","01","Food and non-alcoholic beverages","Base Dec 2023=100","90.2"
"CPA01C06","Consumer Price Index (Base Dec 2023=100)","2005","2005","02","Alcoholic beverages and tobacco","Base Dec 2023=100","59.3"
"CPA01C06","Consumer Price Index (Base Dec 2023=100)","2005","2005","03","Clothing and footwear","Base Dec 2023=100","170.2"
"CPA01C06","Consumer Price Index (Base Dec 2023=100)","2005","2005","04","Housing, water, electricity, gas and other fuels","Base Dec 2023=100","44.9"
"CPA01C06","Consumer Price Index (Base Dec 2023=100)","2005","2005","05","Furnishings, household equipment and routine household maintenance","Base Dec 2023=100","145.7"
"CPA01C06","Consumer Price Index (Base Dec 2023=100)","2005","2005","06","Health","Base Dec 2023=100","70.7"
"CPA01C06","Consumer Price Index (Base Dec 2023=100)","2005","2005","07","Transport","Base Dec 2023=100","75.8"
"CPA01C06","Consumer Price Index (Base Dec 2023=100)","2005","2005","08","Communications","Base Dec 2023=100","112.5"
"CPA01C06","Consumer Price Index (Base Dec 2023=100)","2005","2005","09","Recreation and culture","Base Dec 2023=100","89.3"
"CPA01C06","Consumer Price Index (Base Dec 2023=100)","2005","2005","10","Education","Base Dec 2023=100","56.5"
"CPA01C06","Consumer Price Index (Base Dec 2023=100)","2005","2005","11","Restaurants and hotels","Base Dec 2023=100","65.8"
"CPA01C06","Consumer Price Index (Base Dec 2023=100)","2005","2005","12","Miscellaneous goods and services","Base Dec 2023=100","70.3"
"CPA01C06","Consumer Price Index (Base Dec 2023=100)","2006","2006","-","All items","Base Dec 2023=100","76.6"
"CPA01C06","Consumer Price Index (Base Dec 2023=100)","2006","2006","01","Food and non-alcoholic beverages","Base Dec 2023=100","91.4"
"CPA01C06","Consumer Price Index (Base Dec 2023=100)","2006","2006","02","Alcoholic beverages and tobacco","Base Dec 2023=100","59.9"
"CPA01C06","Consumer Price Index (Base Dec 2023=100)","2006","2006","03","Clothing and footwear","Base Dec 2023=100","166.9"
"CPA01C06","Consumer Price Index (Base Dec 2023=100)","2006","2006","04","Housing, water, electricity, gas and other fuels","Base Dec 2023=100","52.1"
"CPA01C06","Consumer Price Index (Base Dec 2023=100)","2006","2006","05","Furnishings, household equipment and routine household maintenance","Base Dec 2023=100","143.9"
"CPA01C06","Consumer Price Index (Base Dec 2023=100)","2006","2006","06","Health","Base Dec 2023=100","73.8"
"CPA01C06","Consumer Price Index (Base Dec 2023=100)","2006","2006","07","Transport","Base Dec 2023=100","78.4"
"CPA01C06","Consumer Price Index (Base Dec 2023=100)","2006","2006","08","Communications","Base Dec 2023=100","112"
"CPA01C06","Consumer Price Index (Base Dec 2023=100)","2006","2006","09","Recreation and culture","Base Dec 2023=100","90.5"
"CPA01C06","Consumer Price Index (Base Dec 2023=100)","2006","2006","10","Education","Base Dec 2023=100","59.2"
"CPA01C06","Consumer Price Index (Base Dec 2023=100)","2006","2006","11","Restaurants and hotels","Base Dec 2023=100","68.3"
"CPA01C06","Consumer Price Index (Base Dec 2023=100)","2006","2006","12","Miscellaneous goods and services","Base Dec 2023=100","71.4"
"CPA01C06","Consumer Price Index (Base Dec 2023=100)","2007","2007","-","All items","Base Dec 2023=100","80.3"
"CPA01C06","Consumer Price Index (Base Dec 2023=100)","2007","2007","01","Food and non-alcoholic beverages","Base Dec 2023=100","94"
"CPA01C06","Consumer Price Index (Base Dec 2023=100)","2007","2007","02","Alcoholic beverages and tobacco","Base Dec 2023=100","63.1"
"CPA01C06","Consumer Price Index (Base Dec 2023=100)","2007","2007","03","Clothing and footwear","Base Dec 2023=100","161.4"
"CPA01C06","Consumer Price Index (Base Dec 2023=100)","2007","2007","04","Housing, water, electricity, gas and other fuels","Base Dec 2023=100","62.7"
"CPA01C06","Consumer Price Index (Base Dec 2023=100)","2007","2007","05","Furnishings, household equipment and routine household maintenance","Base Dec 2023=100","141.4"
"CPA01C06","Consumer Price Index (Base Dec 2023=100)","2007","2007","06","Health","Base Dec 2023=100","76"
"CPA01C06","Consumer Price Index (Base Dec 2023=100)","2007","2007","07","Transport","Base Dec 2023=100","80.1"
"CPA01C06","Consumer Price Index (Base Dec 2023=100)","2007","2007","08","Communications","Base Dec 2023=100","112.6"
"CPA01C06","Consumer Price Index (Base Dec 2023=100)","2007","2007","09","Recreation and culture","Base Dec 2023=100","91.8"
"CPA01C06","Consumer Price Index (Base Dec 2023=100)","2007","2007","10","Education","Base Dec 2023=100","62.3"
"CPA01C06","Consumer Price Index (Base Dec 2023=100)","2007","2007","11","Restaurants and hotels","Base Dec 2023=100","71.2"
"CPA01C06","Consumer Price Index (Base Dec 2023=100)","2007","2007","12","Miscellaneous goods and services","Base Dec 2023=100","72.1"
"CPA01C06","Consumer Price Index (Base Dec 2023=100)","2008","2008","-","All items","Base Dec 2023=100","83.6"
"CPA01C06","Consumer Price Index (Base Dec 2023=100)","2008","2008","01","Food and non-alcoholic beverages","Base Dec 2023=100","100.2"
"CPA01C06","Consumer Price Index (Base Dec 2023=100)","2008","2008","02","Alcoholic beverages and tobacco","Base Dec 2023=100","66.1"
"CPA01C06","Consumer Price Index (Base Dec 2023=100)","2008","2008","03","Clothing and footwear","Base Dec 2023=100","153.6"
"CPA01C06","Consumer Price Index (Base Dec 2023=100)","2008","2008","04","Housing, water, electricity, gas and other fuels","Base Dec 2023=100","68.7"
"CPA01C06","Consumer Price Index (Base Dec 2023=100)","2008","2008","05","Furnishings, household equipment and routine household maintenance","Base Dec 2023=100","139.2"
"CPA01C06","Consumer Price Index (Base Dec 2023=100)","2008","2008","06","Health","Base Dec 2023=100","80.5"
"CPA01C06","Consumer Price Index (Base Dec 2023=100)","2008","2008","07","Transport","Base Dec 2023=100","82.8"
"CPA01C06","Consumer Price Index (Base Dec 2023=100)","2008","2008","08","Communications","Base Dec 2023=100","113.6"
"CPA01C06","Consumer Price Index (Base Dec 2023=100)","2008","2008","09","Recreation and culture","Base Dec 2023=100","93.1"
"CPA01C06","Consumer Price Index (Base Dec 2023=100)","2008","2008","10","Education","Base Dec 2023=100","66.1"
"CPA01C06","Consumer Price Index (Base Dec 2023=100)","2008","2008","11","Restaurants and hotels","Base Dec 2023=100","73.4"
"CPA01C06","Consumer Price Index (Base Dec 2023=100)","2008","2008","12","Miscellaneous goods and services","Base Dec 2023=100","73.8"
"CPA01C06","Consumer Price Index (Base Dec 2023=100)","2009","2009","-","All items","Base Dec 2023=100","79.9"
"CPA01C06","Consumer Price Index (Base Dec 2023=100)","2009","2009","01","Food and non-alcoholic beverages","Base Dec 2023=100","96.7"
"CPA01C06","Consumer Price Index (Base Dec 2023=100)","2009","2009","02","Alcoholic beverages and tobacco","Base Dec 2023=100","70.3"
"CPA01C06","Consumer Price Index (Base Dec 2023=100)","2009","2009","03","Clothing and footwear","Base Dec 2023=100","135.5"
"CPA01C06","Consumer Price Index (Base Dec 2023=100)","2009","2009","04","Housing, water, electricity, gas and other fuels","Base Dec 2023=100","53.6"
"CPA01C06","Consumer Price Index (Base Dec 2023=100)","2009","2009","05","Furnishings, household equipment and routine household maintenance","Base Dec 2023=100","134.8"
"CPA01C06","Consumer Price Index (Base Dec 2023=100)","2009","2009","06","Health","Base Dec 2023=100","83.4"
"CPA01C06","Consumer Price Index (Base Dec 2023=100)","2009","2009","07","Transport","Base Dec 2023=100","79.5"
"CPA01C06","Consumer Price Index (Base Dec 2023=100)","2009","2009","08","Communications","Base Dec 2023=100","114.1"
"CPA01C06","Consumer Price Index (Base Dec 2023=100)","2009","2009","09","Recreation and culture","Base Dec 2023=100","92.7"
"CPA01C06","Consumer Price Index (Base Dec 2023=100)","2009","2009","10","Education","Base Dec 2023=100","70.3"
"CPA01C06","Consumer Price Index (Base Dec 2023=100)","2009","2009","11","Restaurants and hotels","Base Dec 2023=100","73.4"
"CPA01C06","Consumer Price Index (Base Dec 2023=100)","2009","2009","12","Miscellaneous goods and services","Base Dec 2023=100","79.4"
"CPA01C06","Consumer Price Index (Base Dec 2023=100)","2010","2010","-","All items","Base Dec 2023=100","79.1"
"CPA01C06","Consumer Price Index (Base Dec 2023=100)","2010","2010","01","Food and non-alcoholic beverages","Base Dec 2023=100","92.3"
"CPA01C06","Consumer Price Index (Base Dec 2023=100)","2010","2010","02","Alcoholic beverages and tobacco","Base Dec 2023=100","68.5"
"CPA01C06","Consumer Price Index (Base Dec 2023=100)","2010","2010","03","Clothing and footwear","Base Dec 2023=100","122.8"
"CPA01C06","Consumer Price Index (Base Dec 2023=100)","2010","2010","04","Housing, water, electricity, gas and other fuels","Base Dec 2023=100","54.3"
"CPA01C06","Consumer Price Index (Base Dec 2023=100)","2010","2010","05","Furnishings, household equipment and routine household maintenance","Base Dec 2023=100","129.4"
"CPA01C06","Consumer Price Index (Base Dec 2023=100)","2010","2010","06","Health","Base Dec 2023=100","83.9"
"CPA01C06","Consumer Price Index (Base Dec 2023=100)","2010","2010","07","Transport","Base Dec 2023=100","82"
"CPA01C06","Consumer Price Index (Base Dec 2023=100)","2010","2010","08","Communications","Base Dec 2023=100","115.7"
"CPA01C06","Consumer Price Index (Base Dec 2023=100)","2010","2010","09","Recreation and culture","Base Dec 2023=100","91.2"
"CPA01C06","Consumer Price Index (Base Dec 2023=100)","2010","2010","10","Education","Base Dec 2023=100","74.7"
"CPA01C06","Consumer Price Index (Base Dec 2023=100)","2010","2010","11","Restaurants and hotels","Base Dec 2023=100","71.5"
"CPA01C06","Consumer Price Index (Base Dec 2023=100)","2010","2010","12","Miscellaneous goods and services","Base Dec 2023=100","80.3"
"CPA01C06","Consumer Price Index (Base Dec 2023=100)","2011","2011","-","All items","Base Dec 2023=100","81.1"
"CPA01C06","Consumer Price Index (Base Dec 2023=100)","2011","2011","01","Food and non-alcoholic beverages","Base Dec 2023=100","93.3"
"CPA01C06","Consumer Price Index (Base Dec 2023=100)","2011","2011","02","Alcoholic beverages and tobacco","Base Dec 2023=100","68.5"
"CPA01C06","Consumer Price Index (Base Dec 2023=100)","2011","2011","03","Clothing and footwear","Base Dec 2023=100","120.6"
"CPA01C06","Consumer Price Index (Base Dec 2023=100)","2011","2011","04","Housing, water, electricity, gas and other fuels","Base Dec 2023=100","59.6"
"CPA01C06","Consumer Price Index (Base Dec 2023=100)","2011","2011","05","Furnishings, household equipment and routine household maintenance","Base Dec 2023=100","126.4"
"CPA01C06","Consumer Price Index (Base Dec 2023=100)","2011","2011","06","Health","Base Dec 2023=100","86.7"
"CPA01C06","Consumer Price Index (Base Dec 2023=100)","2011","2011","07","Transport","Base Dec 2023=100","84.7"
"CPA01C06","Consumer Price Index (Base Dec 2023=100)","2011","2011","08","Communications","Base Dec 2023=100","118.5"
"CPA01C06","Consumer Price Index (Base Dec 2023=100)","2011","2011","09","Recreation and culture","Base Dec 2023=100","90.4"
"CPA01C06","Consumer Price Index (Base Dec 2023=100)","2011","2011","10","Education","Base Dec 2023=100","75.3"
"CPA01C06","Consumer Price Index (Base Dec 2023=100)","2011","2011","11","Restaurants and hotels","Base Dec 2023=100","71"
"CPA01C06","Consumer Price Index (Base Dec 2023=100)","2011","2011","12","Miscellaneous goods and services","Base Dec 2023=100","85.5"
"CPA01C06","Consumer Price Index (Base Dec 2023=100)","2012","2012","-","All items","Base Dec 2023=100","82.5"
"CPA01C06","Consumer Price Index (Base Dec 2023=100)","2012","2012","01","Food and non-alcoholic beverages","Base Dec 2023=100","93.9"
"CPA01C06","Consumer Price Index (Base Dec 2023=100)","2012","2012","02","Alcoholic beverages and tobacco","Base Dec 2023=100","70.9"
"CPA01C06","Consumer Price Index (Base Dec 2023=100)","2012","2012","03","Clothing and footwear","Base Dec 2023=100","120.3"
"CPA01C06","Consumer Price Index (Base Dec 2023=100)","2012","2012","04","Housing, water, electricity, gas and other fuels","Base Dec 2023=100","60"
"CPA01C06","Consumer Price Index (Base Dec 2023=100)","2012","2012","05","Furnishings, household equipment and routine household maintenance","Base Dec 2023=100","123.3"
"CPA01C06","Consumer Price Index (Base Dec 2023=100)","2012","2012","06","Health","Base Dec 2023=100","87.1"
"CPA01C06","Consumer Price Index (Base Dec 2023=100)","2012","2012","07","Transport","Base Dec 2023=100","89.6"
"CPA01C06","Consumer Price Index (Base Dec 2023=100)","2012","2012","08","Communications","Base Dec 2023=100","116.6"
"CPA01C06","Consumer Price Index (Base Dec 2023=100)","2012","2012","09","Recreation and culture","Base Dec 2023=100","89.3"
"CPA01C06","Consumer Price Index (Base Dec 2023=100)","2012","2012","10","Education","Base Dec 2023=100","81.5"
"CPA01C06","Consumer Price Index (Base Dec 2023=100)","2012","2012","11","Restaurants and hotels","Base Dec 2023=100","71.3"
"CPA01C06","Consumer Price Index (Base Dec 2023=100)","2012","2012","12","Miscellaneous goods and services","Base Dec 2023=100","89.6"
"CPA01C06","Consumer Price Index (Base Dec 2023=100)","2013","2013","-","All items","Base Dec 2023=100","82.9"
"CPA01C06","Consumer Price Index (Base Dec 2023=100)","2013","2013","01","Food and non-alcoholic beverages","Base Dec 2023=100","94.8"
"CPA01C06","Consumer Price Index (Base Dec 2023=100)","2013","2013","02","Alcoholic beverages and tobacco","Base Dec 2023=100","74.5"
"CPA01C06","Consumer Price Index (Base Dec 2023=100)","2013","2013","03","Clothing and footwear","Base Dec 2023=100","116.8"
"CPA01C06","Consumer Price Index (Base Dec 2023=100)","2013","2013","04","Housing, water, electricity, gas and other fuels","Base Dec 2023=100","60.4"
"CPA01C06","Consumer Price Index (Base Dec 2023=100)","2013","2013","05","Furnishings, household equipment and routine household maintenance","Base Dec 2023=100","118.9"
"CPA01C06","Consumer Price Index (Base Dec 2023=100)","2013","2013","06","Health","Base Dec 2023=100","87.9"
"CPA01C06","Consumer Price Index (Base Dec 2023=100)","2013","2013","07","Transport","Base Dec 2023=100","88.5"
"CPA01C06","Consumer Price Index (Base Dec 2023=100)","2013","2013","08","Communications","Base Dec 2023=100","112.4"
"CPA01C06","Consumer Price Index (Base Dec 2023=100)","2013","2013","09","Recreation and culture","Base Dec 2023=100","89.3"
"CPA01C06","Consumer Price Index (Base Dec 2023=100)","2013","2013","10","Education","Base Dec 2023=100","85.4"
"CPA01C06","Consumer Price Index (Base Dec 2023=100)","2013","2013","11","Restaurants and hotels","Base Dec 2023=100","72.7"
"CPA01C06","Consumer Price Index (Base Dec 2023=100)","2013","2013","12","Miscellaneous goods and services","Base Dec 2023=100","91.4"
"CPA01C06","Consumer Price Index (Base Dec 2023=100)","2014","2014","-","All items","Base Dec 2023=100","83.1"
"CPA01C06","Consumer Price Index (Base Dec 2023=100)","2014","2014","01","Food and non-alcoholic beverages","Base Dec 2023=100","92.7"
"CPA01C06","Consumer Price Index (Base Dec 2023=100)","2014","2014","02","Alcoholic beverages and tobacco","Base Dec 2023=100","77.3"
"CPA01C06","Consumer Price Index (Base Dec 2023=100)","2014","2014","03","Clothing and footwear","Base Dec 2023=100","113"
"CPA01C06","Consumer Price Index (Base Dec 2023=100)","2014","2014","04","Housing, water, electricity, gas and other fuels","Base Dec 2023=100","60.4"
"CPA01C06","Consumer Price Index (Base Dec 2023=100)","2014","2014","05","Furnishings, household equipment and routine household maintenance","Base Dec 2023=100","115.5"
"CPA01C06","Consumer Price Index (Base Dec 2023=100)","2014","2014","06","Health","Base Dec 2023=100","87.7"
"CPA01C06","Consumer Price Index (Base Dec 2023=100)","2014","2014","07","Transport","Base Dec 2023=100","87.1"
"CPA01C06","Consumer Price Index (Base Dec 2023=100)","2014","2014","08","Communications","Base Dec 2023=100","109.2"
"CPA01C06","Consumer Price Index (Base Dec 2023=100)","2014","2014","09","Recreation and culture","Base Dec 2023=100","88.9"
"CPA01C06","Consumer Price Index (Base Dec 2023=100)","2014","2014","10","Education","Base Dec 2023=100","89.3"
"CPA01C06","Consumer Price Index (Base Dec 2023=100)","2014","2014","11","Restaurants and hotels","Base Dec 2023=100","74.2"
"CPA01C06","Consumer Price Index (Base Dec 2023=100)","2014","2014","12","Miscellaneous goods and services","Base Dec 2023=100","94.5"
"CPA01C06","Consumer Price Index (Base Dec 2023=100)","2015","2015","-","All items","Base Dec 2023=100","82.8"
"CPA01C06","Consumer Price Index (Base Dec 2023=100)","2015","2015","01","Food and non-alcoholic beverages","Base Dec 2023=100","90.7"
"CPA01C06","Consumer Price Index (Base Dec 2023=100)","2015","2015","02","Alcoholic beverages and tobacco","Base Dec 2023=100","77.7"
"CPA01C06","Consumer Price Index (Base Dec 2023=100)","2015","2015","03","Clothing and footwear","Base Dec 2023=100","108.7"
"CPA01C06","Consumer Price Index (Base Dec 2023=100)","2015","2015","04","Housing, water, electricity, gas and other fuels","Base Dec 2023=100","61.3"
"CPA01C06","Consumer Price Index (Base Dec 2023=100)","2015","2015","05","Furnishings, household equipment and routine household maintenance","Base Dec 2023=100","112.9"
"CPA01C06","Consumer Price Index (Base Dec 2023=100)","2015","2015","06","Health","Base Dec 2023=100","87.7"
"CPA01C06","Consumer Price Index (Base Dec 2023=100)","2015","2015","07","Transport","Base Dec 2023=100","83"
"CPA01C06","Consumer Price Index (Base Dec 2023=100)","2015","2015","08","Communications","Base Dec 2023=100","111"
"CPA01C06","Consumer Price Index (Base Dec 2023=100)","2015","2015","09","Recreation and culture","Base Dec 2023=100","88.6"
"CPA01C06","Consumer Price Index (Base Dec 2023=100)","2015","2015","10","Education","Base Dec 2023=100","93.5"
"CPA01C06","Consumer Price Index (Base Dec 2023=100)","2015","2015","11","Restaurants and hotels","Base Dec 2023=100","75.5"
"CPA01C06","Consumer Price Index (Base Dec 2023=100)","2015","2015","12","Miscellaneous goods and services","Base Dec 2023=100","95.9"
"CPA01C06","Consumer Price Index (Base Dec 2023=100)","2016","2016","-","All items","Base Dec 2023=100","82.8"
"CPA01C06","Consumer Price Index (Base Dec 2023=100)","2016","2016","01","Food and non-alcoholic beverages","Base Dec 2023=100","89.5"
"CPA01C06","Consumer Price Index (Base Dec 2023=100)","2016","2016","02","Alcoholic beverages and tobacco","Base Dec 2023=100","78.8"
"CPA01C06","Consumer Price Index (Base Dec 2023=100)","2016","2016","03","Clothing and footwear","Base Dec 2023=100","106"
"CPA01C06","Consumer Price Index (Base Dec 2023=100)","2016","2016","04","Housing, water, electricity, gas and other fuels","Base Dec 2023=100","61"
"CPA01C06","Consumer Price Index (Base Dec 2023=100)","2016","2016","05","Furnishings, household equipment and routine household maintenance","Base Dec 2023=100","109.2"
"CPA01C06","Consumer Price Index (Base Dec 2023=100)","2016","2016","06","Health","Base Dec 2023=100","88.8"
"CPA01C06","Consumer Price Index (Base Dec 2023=100)","2016","2016","07","Transport","Base Dec 2023=100","80.3"
"CPA01C06","Consumer Price Index (Base Dec 2023=100)","2016","2016","08","Communications","Base Dec 2023=100","109.6"
"CPA01C06","Consumer Price Index (Base Dec 2023=100)","2016","2016","09","Recreation and culture","Base Dec 2023=100","87.6"
"CPA01C06","Consumer Price Index (Base Dec 2023=100)","2016","2016","10","Education","Base Dec 2023=100","96.6"
"CPA01C06","Consumer Price Index (Base Dec 2023=100)","2016","2016","11","Restaurants and hotels","Base Dec 2023=100","77"
"CPA01C06","Consumer Price Index (Base Dec 2023=100)","2016","2016","12","Miscellaneous goods and services","Base Dec 2023=100","100"
"CPA01C06","Consumer Price Index (Base Dec 2023=100)","2017","2017","-","All items","Base Dec 2023=100","83.1"
"CPA01C06","Consumer Price Index (Base Dec 2023=100)","2017","2017","01","Food and non-alcoholic beverages","Base Dec 2023=100","87.7"
"CPA01C06","Consumer Price Index (Base Dec 2023=100)","2017","2017","02","Alcoholic beverages and tobacco","Base Dec 2023=100","79.4"
"CPA01C06","Consumer Price Index (Base Dec 2023=100)","2017","2017","03","Clothing and footwear","Base Dec 2023=100","101.5"
"CPA01C06","Consumer Price Index (Base Dec 2023=100)","2017","2017","04","Housing, water, electricity, gas and other fuels","Base Dec 2023=100","62.3"
"CPA01C06","Consumer Price Index (Base Dec 2023=100)","2017","2017","05","Furnishings, household equipment and routine household maintenance","Base Dec 2023=100","104.6"
"CPA01C06","Consumer Price Index (Base Dec 2023=100)","2017","2017","06","Health","Base Dec 2023=100","89.9"
"CPA01C06","Consumer Price Index (Base Dec 2023=100)","2017","2017","07","Transport","Base Dec 2023=100","82.1"
"CPA01C06","Consumer Price Index (Base Dec 2023=100)","2017","2017","08","Communications","Base Dec 2023=100","109.4"
"CPA01C06","Consumer Price Index (Base Dec 2023=100)","2017","2017","09","Recreation and culture","Base Dec 2023=100","85.9"
"CPA01C06","Consumer Price Index (Base Dec 2023=100)","2017","2017","10","Education","Base Dec 2023=100","98.3"
"CPA01C06","Consumer Price Index (Base Dec 2023=100)","2017","2017","11","Restaurants and hotels","Base Dec 2023=100","78.7"
"CPA01C06","Consumer Price Index (Base Dec 2023=100)","2017","2017","12","Miscellaneous goods and services","Base Dec 2023=100","100.2"
"CPA01C06","Consumer Price Index (Base Dec 2023=100)","2018","2018","-","All items","Base Dec 2023=100","83.5"
"CPA01C06","Consumer Price Index (Base Dec 2023=100)","2018","2018","01","Food and non-alcoholic beverages","Base Dec 2023=100","85.9"
"CPA01C06","Consumer Price Index (Base Dec 2023=100)","2018","2018","02","Alcoholic beverages and tobacco","Base Dec 2023=100","81.6"
"CPA01C06","Consumer Price Index (Base Dec 2023=100)","2018","2018","03","Clothing and footwear","Base Dec 2023=100","99.9"
"CPA01C06","Consumer Price Index (Base Dec 2023=100)","2018","2018","04","Housing, water, electricity, gas and other fuels","Base Dec 2023=100","65.5"
"CPA01C06","Consumer Price Index (Base Dec 2023=100)","2018","2018","05","Furnishings, household equipment and routine household maintenance","Base Dec 2023=100","100.5"
"CPA01C06","Consumer Price Index (Base Dec 2023=100)","2018","2018","06","Health","Base Dec 2023=100","90.1"
"CPA01C06","Consumer Price Index (Base Dec 2023=100)","2018","2018","07","Transport","Base Dec 2023=100","82.7"
"CPA01C06","Consumer Price Index (Base Dec 2023=100)","2018","2018","08","Communications","Base Dec 2023=100","108.5"
"CPA01C06","Consumer Price Index (Base Dec 2023=100)","2018","2018","09","Recreation and culture","Base Dec 2023=100","85"
"CPA01C06","Consumer Price Index (Base Dec 2023=100)","2018","2018","10","Education","Base Dec 2023=100","99.8"
"CPA01C06","Consumer Price Index (Base Dec 2023=100)","2018","2018","11","Restaurants and hotels","Base Dec 2023=100","80.4"
"CPA01C06","Consumer Price Index (Base Dec 2023=100)","2018","2018","12","Miscellaneous goods and services","Base Dec 2023=100","97.1"
"CPA01C06","Consumer Price Index (Base Dec 2023=100)","2019","2019","-","All items","Base Dec 2023=100","84.3"
"CPA01C06","Consumer Price Index (Base Dec 2023=100)","2019","2019","01","Food and non-alcoholic beverages","Base Dec 2023=100","85.3"
"CPA01C06","Consumer Price Index (Base Dec 2023=100)","2019","2019","02","Alcoholic beverages and tobacco","Base Dec 2023=100","83.9"
"CPA01C06","Consumer Price Index (Base Dec 2023=100)","2019","2019","03","Clothing and footwear","Base Dec 2023=100","98.4"
"CPA01C06","Consumer Price Index (Base Dec 2023=100)","2019","2019","04","Housing, water, electricity, gas and other fuels","Base Dec 2023=100","67.9"
"CPA01C06","Consumer Price Index (Base Dec 2023=100)","2019","2019","05","Furnishings, household equipment and routine household maintenance","Base Dec 2023=100","97.4"
"CPA01C06","Consumer Price Index (Base Dec 2023=100)","2019","2019","06","Health","Base Dec 2023=100","90.8"
"CPA01C06","Consumer Price Index (Base Dec 2023=100)","2019","2019","07","Transport","Base Dec 2023=100","82.9"
"CPA01C06","Consumer Price Index (Base Dec 2023=100)","2019","2019","08","Communications","Base Dec 2023=100","102.7"
"CPA01C06","Consumer Price Index (Base Dec 2023=100)","2019","2019","09","Recreation and culture","Base Dec 2023=100","85.6"
"CPA01C06","Consumer Price Index (Base Dec 2023=100)","2019","2019","10","Education","Base Dec 2023=100","102.2"
"CPA01C06","Consumer Price Index (Base Dec 2023=100)","2019","2019","11","Restaurants and hotels","Base Dec 2023=100","82.8"
"CPA01C06","Consumer Price Index (Base Dec 2023=100)","2019","2019","12","Miscellaneous goods and services","Base Dec 2023=100","97.1"
"CPA01C06","Consumer Price Index (Base Dec 2023=100)","2020","2020","-","All items","Base Dec 2023=100","84"
"CPA01C06","Consumer Price Index (Base Dec 2023=100)","2020","2020","01","Food and non-alcoholic beverages","Base Dec 2023=100","84.1"
"CPA01C06","Consumer Price Index (Base Dec 2023=100)","2020","2020","02","Alcoholic beverages and tobacco","Base Dec 2023=100","85.9"
"CPA01C06","Consumer Price Index (Base Dec 2023=100)","2020","2020","03","Clothing and footwear","Base Dec 2023=100","94.9"
"CPA01C06","Consumer Price Index (Base Dec 2023=100)","2020","2020","04","Housing, water, electricity, gas and other fuels","Base Dec 2023=100","67.2"
"CPA01C06","Consumer Price Index (Base Dec 2023=100)","2020","2020","05","Furnishings, household equipment and routine household maintenance","Base Dec 2023=100","94.4"
"CPA01C06","Consumer Price Index (Base Dec 2023=100)","2020","2020","06","Health","Base Dec 2023=100","93.4"
"CPA01C06","Consumer Price Index (Base Dec 2023=100)","2020","2020","07","Transport","Base Dec 2023=100","81.4"
"CPA01C06","Consumer Price Index (Base Dec 2023=100)","2020","2020","08","Communications","Base Dec 2023=100","95.6"
"CPA01C06","Consumer Price Index (Base Dec 2023=100)","2020","2020","09","Recreation and culture","Base Dec 2023=100","86.8"
"CPA01C06","Consumer Price Index (Base Dec 2023=100)","2020","2020","10","Education","Base Dec 2023=100","105.2"
"CPA01C06","Consumer Price Index (Base Dec 2023=100)","2020","2020","11","Restaurants and hotels","Base Dec 2023=100","83.7"
"CPA01C06","Consumer Price Index (Base Dec 2023=100)","2020","2020","12","Miscellaneous goods and services","Base Dec 2023=100","98"
"CPA01C06","Consumer Price Index (Base Dec 2023=100)","2021","2021","-","All items","Base Dec 2023=100","86"
"CPA01C06","Consumer Price Index (Base Dec 2023=100)","2021","2021","01","Food and non-alcoholic beverages","Base Dec 2023=100","83.9"
"CPA01C06","Consumer Price Index (Base Dec 2023=100)","2021","2021","02","Alcoholic beverages and tobacco","Base Dec 2023=100","87.9"
"CPA01C06","Consumer Price Index (Base Dec 2023=100)","2021","2021","03","Clothing and footwear","Base Dec 2023=100","91.9"
"CPA01C06","Consumer Price Index (Base Dec 2023=100)","2021","2021","04","Housing, water, electricity, gas and other fuels","Base Dec 2023=100","71"
"CPA01C06","Consumer Price Index (Base Dec 2023=100)","2021","2021","05","Furnishings, household equipment and routine household maintenance","Base Dec 2023=100","94"
"CPA01C06","Consumer Price Index (Base Dec 2023=100)","2021","2021","06","Health","Base Dec 2023=100","94.9"
"CPA01C06","Consumer Price Index (Base Dec 2023=100)","2021","2021","07","Transport","Base Dec 2023=100","86.6"
"CPA01C06","Consumer Price Index (Base Dec 2023=100)","2021","2021","08","Communications","Base Dec 2023=100","95.9"
"CPA01C06","Consumer Price Index (Base Dec 2023=100)","2021","2021","09","Recreation and culture","Base Dec 2023=100","87.8"
"CPA01C06","Consumer Price Index (Base Dec 2023=100)","2021","2021","10","Education","Base Dec 2023=100","105.4"
"CPA01C06","Consumer Price Index (Base Dec 2023=100)","2021","2021","11","Restaurants and hotels","Base Dec 2023=100","86.3"
"CPA01C06","Consumer Price Index (Base Dec 2023=100)","2021","2021","12","Miscellaneous goods and services","Base Dec 2023=100","98"
"CPA01C06","Consumer Price Index (Base Dec 2023=100)","2022","2022","-","All items","Base Dec 2023=100","92.7"
"CPA01C06","Consumer Price Index (Base Dec 2023=100)","2022","2022","01","Food and non-alcoholic beverages","Base Dec 2023=100","89.7"
"CPA01C06","Consumer Price Index (Base Dec 2023=100)","2022","2022","02","Alcoholic beverages and tobacco","Base Dec 2023=100","94.9"
"CPA01C06","Consumer Price Index (Base Dec 2023=100)","2022","2022","03","Clothing and footwear","Base Dec 2023=100","93.9"
"CPA01C06","Consumer Price Index (Base Dec 2023=100)","2022","2022","04","Housing, water, electricity, gas and other fuels","Base Dec 2023=100","85.7"
"CPA01C06","Consumer Price Index (Base Dec 2023=100)","2022","2022","05","Furnishings, household equipment and routine household maintenance","Base Dec 2023=100","97.3"
"CPA01C06","Consumer Price Index (Base Dec 2023=100)","2022","2022","06","Health","Base Dec 2023=100","95.9"
"CPA01C06","Consumer Price Index (Base Dec 2023=100)","2022","2022","07","Transport","Base Dec 2023=100","98.6"
"CPA01C06","Consumer Price Index (Base Dec 2023=100)","2022","2022","08","Communications","Base Dec 2023=100","98.6"
"CPA01C06","Consumer Price Index (Base Dec 2023=100)","2022","2022","09","Recreation and culture","Base Dec 2023=100","90.1"
"CPA01C06","Consumer Price Index (Base Dec 2023=100)","2022","2022","10","Education","Base Dec 2023=100","103.1"
"CPA01C06","Consumer Price Index (Base Dec 2023=100)","2022","2022","11","Restaurants and hotels","Base Dec 2023=100","91.5"
"CPA01C06","Consumer Price Index (Base Dec 2023=100)","2022","2022","12","Miscellaneous goods and services","Base Dec 2023=100","97.2"
"CPA01C06","Consumer Price Index (Base Dec 2023=100)","2023","2023","-","All items","Base Dec 2023=100","98.6"
"CPA01C06","Consumer Price Index (Base Dec 2023=100)","2023","2023","01","Food and non-alcoholic beverages","Base Dec 2023=100","98.5"
"CPA01C06","Consumer Price Index (Base Dec 2023=100)","2023","2023","02","Alcoholic beverages and tobacco","Base Dec 2023=100","99.3"
"CPA01C06","Consumer Price Index (Base Dec 2023=100)","2023","2023","03","Clothing and footwear","Base Dec 2023=100","97"
"CPA01C06","Consumer Price Index (Base Dec 2023=100)","2023","2023","04","Housing, water, electricity, gas and other fuels","Base Dec 2023=100","99.1"
"CPA01C06","Consumer Price Index (Base Dec 2023=100)","2023","2023","05","Furnishings, household equipment and routine household maintenance","Base Dec 2023=100","99.6"
"CPA01C06","Consumer Price Index (Base Dec 2023=100)","2023","2023","06","Health","Base Dec 2023=100","98.8"
"CPA01C06","Consumer Price Index (Base Dec 2023=100)","2023","2023","07","Transport","Base Dec 2023=100","98.3"
"CPA01C06","Consumer Price Index (Base Dec 2023=100)","2023","2023","08","Communications","Base Dec 2023=100","99.9"
"CPA01C06","Consumer Price Index (Base Dec 2023=100)","2023","2023","09","Recreation and culture","Base Dec 2023=100","97.1"
"CPA01C06","Consumer Price Index (Base Dec 2023=100)","2023","2023","10","Education","Base Dec 2023=100","98.5"
"CPA01C06","Consumer Price Index (Base Dec 2023=100)","2023","2023","11","Restaurants and hotels","Base Dec 2023=100","98.6"
"CPA01C06","Consumer Price Index (Base Dec 2023=100)","2023","2023","12","Miscellaneous goods and services","Base Dec 2023=100","98.4"
"CPA01C06","Consumer Price Index (Base Dec 2023=100)","2024","2024","-","All items","Base Dec 2023=100","100.7"
"CPA01C06","Consumer Price Index (Base Dec 2023=100)","2024","2024","01","Food and non-alcoholic beverages","Base Dec 2023=100","101.1"
"CPA01C06","Consumer Price Index (Base Dec 2023=100)","2024","2024","02","Alcoholic beverages and tobacco","Base Dec 2023=100","103"
"CPA01C06","Consumer Price Index (Base Dec 2023=100)","2024","2024","03","Clothing and footwear","Base Dec 2023=100","91.1"
"CPA01C06","Consumer Price Index (Base Dec 2023=100)","2024","2024","04","Housing, water, electricity, gas and other fuels","Base Dec 2023=100","99.3"
"CPA01C06","Consumer Price Index (Base Dec 2023=100)","2024","2024","05","Furnishings, household equipment and routine household maintenance","Base Dec 2023=100","98.9"
"CPA01C06","Consumer Price Index (Base Dec 2023=100)","2024","2024","06","Health","Base Dec 2023=100","100.7"
"CPA01C06","Consumer Price Index (Base Dec 2023=100)","2024","2024","07","Transport","Base Dec 2023=100","100.9"
"CPA01C06","Consumer Price Index (Base Dec 2023=100)","2024","2024","08","Communications","Base Dec 2023=100","100.9"
"CPA01C06","Consumer Price Index (Base Dec 2023=100)","2024","2024","09","Recreation and culture","Base Dec 2023=100","101.4"
"CPA01C06","Consumer Price Index (Base Dec 2023=100)","2024","2024","10","Education","Base Dec 2023=100","100.6"
"CPA01C06","Consumer Price Index (Base Dec 2023=100)","2024","2024","11","Restaurants and hotels","Base Dec 2023=100","103.2"
"CPA01C06","Consumer Price Index (Base Dec 2023=100)","2024","2024","12","Miscellaneous goods and services","Base Dec 2023=100","101.6"
"CPA01C01","Consumer Price Index (Base Dec 2016=100)","1975","1975","-","All items","Base Dec 2016=100","14.9"
"CPA01C01","Consumer Price Index (Base Dec 2016=100)","1975","1975","01","Food and non-alcoholic beverages","Base Dec 2016=100",""
"CPA01C01","Consumer Price Index (Base Dec 2016=100)","1975","1975","02","Alcoholic beverages and tobacco","Base Dec 2016=100",""
"CPA01C01","Consumer Price Index (Base Dec 2016=100)","1975","1975","03","Clothing and footwear","Base Dec 2016=100",""
"CPA01C01","Consumer Price Index (Base Dec 2016=100)","1975","1975","04","Housing, water, electricity, gas and other fuels","Base Dec 2016=100",""
"CPA01C01","Consumer Price Index (Base Dec 2016=100)","1975","1975","05","Furnishings, household equipment and routine household maintenance","Base Dec 2016=100",""
"CPA01C01","Consumer Price Index (Base Dec 2016=100)","1975","1975","06","Health","Base Dec 2016=100",""
"CPA01C01","Consumer Price Index (Base Dec 2016=100)","1975","1975","07","Transport","Base Dec 2016=100",""
"CPA01C01","Consumer Price Index (Base Dec 2016=100)","1975","1975","08","Communications","Base Dec 2016=100",""
"CPA01C01","Consumer Price Index (Base Dec 2016=100)","1975","1975","09","Recreation and culture","Base Dec 2016=100",""
"CPA01C01","Consumer Price Index (Base Dec 2016=100)","1975","1975","10","Education","Base Dec 2016=100",""
"CPA01C01","Consumer Price Index (Base Dec 2016=100)","1975","1975","11","Restaurants and hotels","Base Dec 2016=100",""
"CPA01C01","Consumer Price Index (Base Dec 2016=100)","1975","1975","12","Miscellaneous goods and services","Base Dec 2016=100",""
"CPA01C01","Consumer Price Index (Base Dec 2016=100)","1976","1976","-","All items","Base Dec 2016=100","17"
"CPA01C01","Consumer Price Index (Base Dec 2016=100)","1976","1976","01","Food and non-alcoholic beverages","Base Dec 2016=100",""
"CPA01C01","Consumer Price Index (Base Dec 2016=100)","1976","1976","02","Alcoholic beverages and tobacco","Base Dec 2016=100",""
"CPA01C01","Consumer Price Index (Base Dec 2016=100)","1976","1976","03","Clothing and footwear","Base Dec 2016=100",""
"CPA01C01","Consumer Price Index (Base Dec 2016=100)","1976","1976","04","Housing, water, electricity, gas and other fuels","Base Dec 2016=100",""
"CPA01C01","Consumer Price Index (Base Dec 2016=100)","1976","1976","05","Furnishings, household equipment and routine household maintenance","Base Dec 2016=100",""
"CPA01C01","Consumer Price Index (Base Dec 2016=100)","1976","1976","06","Health","Base Dec 2016=100",""
"CPA01C01","Consumer Price Index (Base Dec 2016=100)","1976","1976","07","Transport","Base Dec 2016=100",""
"CPA01C01","Consumer Price Index (Base Dec 2016=100)","1976","1976","08","Communications","Base Dec 2016=100",""
"CPA01C01","Consumer Price Index (Base Dec 2016=100)","1976","1976","09","Recreation and culture","Base Dec 2016=100",""
"CPA01C01","Consumer Price Index (Base Dec 2016=100)","1976","1976","10","Education","Base Dec 2016=100",""
"CPA01C01","Consumer Price Index (Base Dec 2016=100)","1976","1976","11","Restaurants and hotels","Base Dec 2016=100",""
"CPA01C01","Consumer Price Index (Base Dec 2016=100)","1976","1976","12","Miscellaneous goods and services","Base Dec 2016=100",""
"CPA01C01","Consumer Price Index (Base Dec 2016=100)","1977","1977","-","All items","Base Dec 2016=100","19.3"
"CPA01C01","Consumer Price Index (Base Dec 2016=100)","1977","1977","01","Food and non-alcoholic beverages","Base Dec 2016=100",""
"CPA01C01","Consumer Price Index (Base Dec 2016=100)","1977","1977","02","Alcoholic beverages and tobacco","Base Dec 2016=100",""
"CPA01C01","Consumer Price Index (Base Dec 2016=100)","1977","1977","03","Clothing and footwear","Base Dec 2016=100",""
"CPA01C01","Consumer Price Index (Base Dec 2016=100)","1977","1977","04","Housing, water, electricity, gas and other fuels","Base Dec 2016=100",""
"CPA01C01","Consumer Price Index (Base Dec 2016=100)","1977","1977","05","Furnishings, household equipment and routine household maintenance","Base Dec 2016=100",""
"CPA01C01","Consumer Price Index (Base Dec 2016=100)","1977","1977","06","Health","Base Dec 2016=100",""
"CPA01C01","Consumer Price Index (Base Dec 2016=100)","1977","1977","07","Transport","Base Dec 2016=100",""
"CPA01C01","Consumer Price Index (Base Dec 2016=100)","1977","1977","08","Communications","Base Dec 2016=100",""
"CPA01C01","Consumer Price Index (Base Dec 2016=100)","1977","1977","09","Recreation and culture","Base Dec 2016=100",""
"CPA01C01","Consumer Price Index (Base Dec 2016=100)","1977","1977","10","Education","Base Dec 2016=100",""
"CPA01C01","Consumer Price Index (Base Dec 2016=100)","1977","1977","11","Restaurants and hotels","Base Dec 2016=100",""
"CPA01C01","Consumer Price Index (Base Dec 2016=100)","1977","1977","12","Miscellaneous goods and services","Base Dec 2016=100",""
"CPA01C01","Consumer Price Index (Base Dec 2016=100)","1978","1978","-","All items","Base Dec 2016=100","20.8"
"CPA01C01","Consumer Price Index (Base Dec 2016=100)","1978","1978","01","Food and non-alcoholic beverages","Base Dec 2016=100",""
"CPA01C01","Consumer Price Index (Base Dec 2016=100)","1978","1978","02","Alcoholic beverages and tobacco","Base Dec 2016=100",""
"CPA01C01","Consumer Price Index (Base Dec 2016=100)","1978","1978","03","Clothing and footwear","Base Dec 2016=100",""
"CPA01C01","Consumer Price Index (Base Dec 2016=100)","1978","1978","04","Housing, water, electricity, gas and other fuels","Base Dec 2016=100",""
"CPA01C01","Consumer Price Index (Base Dec 2016=100)","1978","1978","05","Furnishings, household equipment and routine household maintenance","Base Dec 2016=100",""
"CPA01C01","Consumer Price Index (Base Dec 2016=100)","1978","1978","06","Health","Base Dec 2016=100",""
"CPA01C01","Consumer Price Index (Base Dec 2016=100)","1978","1978","07","Transport","Base Dec 2016=100",""
"CPA01C01","Consumer Price Index (Base Dec 2016=100)","1978","1978","08","Communications","Base Dec 2016=100",""
"CPA01C01","Consumer Price Index (Base Dec 2016=100)","1978","1978","09","Recreation and culture","Base Dec 2016=100",""
"CPA01C01","Consumer Price Index (Base Dec 2016=100)","1978","1978","10","Education","Base Dec 2016=100",""
"CPA01C01","Consumer Price Index (Base Dec 2016=100)","1978","1978","11","Restaurants and hotels","Base Dec 2016=100",""
"CPA01C01","Consumer Price Index (Base Dec 2016=100)","1978","1978","12","Miscellaneous goods and services","Base Dec 2016=100",""
"CPA01C01","Consumer Price Index (Base Dec 2016=100)","1979","1979","-","All items","Base Dec 2016=100","23.6"
"CPA01C01","Consumer Price Index (Base Dec 2016=100)","1979","1979","01","Food and non-alcoholic beverages","Base Dec 2016=100",""
"CPA01C01","Consumer Price Index (Base Dec 2016=100)","1979","1979","02","Alcoholic beverages and tobacco","Base Dec 2016=100",""
"CPA01C01","Consumer Price Index (Base Dec 2016=100)","1979","1979","03","Clothing and footwear","Base Dec 2016=100",""
"CPA01C01","Consumer Price Index (Base Dec 2016=100)","1979","1979","04","Housing, water, electricity, gas and other fuels","Base Dec 2016=100",""
"CPA01C01","Consumer Price Index (Base Dec 2016=100)","1979","1979","05","Furnishings, household equipment and routine household maintenance","Base Dec 2016=100",""
"CPA01C01","Consumer Price Index (Base Dec 2016=100)","1979","1979","06","Health","Base Dec 2016=100",""
"CPA01C01","Consumer Price Index (Base Dec 2016=100)","1979","1979","07","Transport","Base Dec 2016=100",""
"CPA01C01","Consumer Price Index (Base Dec 2016=100)","1979","1979","08","Communications","Base Dec 2016=100",""
"CPA01C01","Consumer Price Index (Base Dec 2016=100)","1979","1979","09","Recreation and culture","Base Dec 2016=100",""
"CPA01C01","Consumer Price Index (Base Dec 2016=100)","1979","1979","10","Education","Base Dec 2016=100",""
"CPA01C01","Consumer Price Index (Base Dec 2016=100)","1979","1979","11","Restaurants and hotels","Base Dec 2016=100",""
"CPA01C01","Consumer Price Index (Base Dec 2016=100)","1979","1979","12","Miscellaneous goods and services","Base Dec 2016=100",""
"CPA01C01","Consumer Price Index (Base Dec 2016=100)","1980","1980","-","All items","Base Dec 2016=100","27.9"
"CPA01C01","Consumer Price Index (Base Dec 2016=100)","1980","1980","01","Food and non-alcoholic beverages","Base Dec 2016=100",""
"CPA01C01","Consumer Price Index (Base Dec 2016=100)","1980","1980","02","Alcoholic beverages and tobacco","Base Dec 2016=100",""
"CPA01C01","Consumer Price Index (Base Dec 2016=100)","1980","1980","03","Clothing and footwear","Base Dec 2016=100",""
"CPA01C01","Consumer Price Index (Base Dec 2016=100)","1980","1980","04","Housing, water, electricity, gas and other fuels","Base Dec 2016=100",""
"CPA01C01","Consumer Price Index (Base Dec 2016=100)","1980","1980","05","Furnishings, household equipment and routine household maintenance","Base Dec 2016=100",""
"CPA01C01","Consumer Price Index (Base Dec 2016=100)","1980","1980","06","Health","Base Dec 2016=100",""
"CPA01C01","Consumer Price Index (Base Dec 2016=100)","1980","1980","07","Transport","Base Dec 2016=100",""
"CPA01C01","Consumer Price Index (Base Dec 2016=100)","1980","1980","08","Communications","Base Dec 2016=100",""
"CPA01C01","Consumer Price Index (Base Dec 2016=100)","1980","1980","09","Recreation and culture","Base Dec 2016=100",""
"CPA01C01","Consumer Price Index (Base Dec 2016=100)","1980","1980","10","Education","Base Dec 2016=100",""
"CPA01C01","Consumer Price Index (Base Dec 2016=100)","1980","1980","11","Restaurants and hotels","Base Dec 2016=100",""
"CPA01C01","Consumer Price Index (Base Dec 2016=100)","1980","1980","12","Miscellaneous goods and services","Base Dec 2016=100",""
"CPA01C01","Consumer Price Index (Base Dec 2016=100)","1981","1981","-","All items","Base Dec 2016=100","33.6"
"CPA01C01","Consumer Price Index (Base Dec 2016=100)","1981","1981","01","Food and non-alcoholic beverages","Base Dec 2016=100",""
"CPA01C01","Consumer Price Index (Base Dec 2016=100)","1981","1981","02","Alcoholic beverages and tobacco","Base Dec 2016=100",""
"CPA01C01","Consumer Price Index (Base Dec 2016=100)","1981","1981","03","Clothing and footwear","Base Dec 2016=100",""
"CPA01C01","Consumer Price Index (Base Dec 2016=100)","1981","1981","04","Housing, water, electricity, gas and other fuels","Base Dec 2016=100",""
"CPA01C01","Consumer Price Index (Base Dec 2016=100)","1981","1981","05","Furnishings, household equipment and routine household maintenance","Base Dec 2016=100",""
"CPA01C01","Consumer Price Index (Base Dec 2016=100)","1981","1981","06","Health","Base Dec 2016=100",""
"CPA01C01","Consumer Price Index (Base Dec 2016=100)","1981","1981","07","Transport","Base Dec 2016=100",""
"CPA01C01","Consumer Price Index (Base Dec 2016=100)","1981","1981","08","Communications","Base Dec 2016=100",""
"CPA01C01","Consumer Price Index (Base Dec 2016=100)","1981","1981","09","Recreation and culture","Base Dec 2016=100",""
"CPA01C01","Consumer Price Index (Base Dec 2016=100)","1981","1981","10","Education","Base Dec 2016=100",""
"CPA01C01","Consumer Price Index (Base Dec 2016=100)","1981","1981","11","Restaurants and hotels","Base Dec 2016=100",""
"CPA01C01","Consumer Price Index (Base Dec 2016=100)","1981","1981","12","Miscellaneous goods and services","Base Dec 2016=100",""
"CPA01C01","Consumer Price Index (Base Dec 2016=100)","1982","1982","-","All items","Base Dec 2016=100","39.3"
"CPA01C01","Consumer Price Index (Base Dec 2016=100)","1982","1982","01","Food and non-alcoholic beverages","Base Dec 2016=100",""
"CPA01C01","Consumer Price Index (Base Dec 2016=100)","1982","1982","02","Alcoholic beverages and tobacco","Base Dec 2016=100",""
"CPA01C01","Consumer Price Index (Base Dec 2016=100)","1982","1982","03","Clothing and footwear","Base Dec 2016=100",""
"CPA01C01","Consumer Price Index (Base Dec 2016=100)","1982","1982","04","Housing, water, electricity, gas and other fuels","Base Dec 2016=100",""
"CPA01C01","Consumer Price Index (Base Dec 2016=100)","1982","1982","05","Furnishings, household equipment and routine household maintenance","Base Dec 2016=100",""
"CPA01C01","Consumer Price Index (Base Dec 2016=100)","1982","1982","06","Health","Base Dec 2016=100",""
"CPA01C01","Consumer Price Index (Base Dec 2016=100)","1982","1982","07","Transport","Base Dec 2016=100",""
"CPA01C01","Consumer Price Index (Base Dec 2016=100)","1982","1982","08","Communications","Base Dec 2016=100",""
"CPA01C01","Consumer Price Index (Base Dec 2016=100)","1982","1982","09","Recreation and culture","Base Dec 2016=100",""
"CPA01C01","Consumer Price Index (Base Dec 2016=100)","1982","1982","10","Education","Base Dec 2016=100",""
"CPA01C01","Consumer Price Index (Base Dec 2016=100)","1982","1982","11","Restaurants and hotels","Base Dec 2016=100",""
"CPA01C01","Consumer Price Index (Base Dec 2016=100)","1982","1982","12","Miscellaneous goods and services","Base Dec 2016=100",""
"CPA01C01","Consumer Price Index (Base Dec 2016=100)","1983","1983","-","All items","Base Dec 2016=100","43.4"
"CPA01C01","Consumer Price Index (Base Dec 2016=100)","1983","1983","01","Food and non-alcoholic beverages","Base Dec 2016=100",""
"CPA01C01","Consumer Price Index (Base Dec 2016=100)","1983","1983","02","Alcoholic beverages and tobacco","Base Dec 2016=100",""
"CPA01C01","Consumer Price Index (Base Dec 2016=100)","1983","1983","03","Clothing and footwear","Base Dec 2016=100",""
"CPA01C01","Consumer Price Index (Base Dec 2016=100)","1983","1983","04","Housing, water, electricity, gas and other fuels","Base Dec 2016=100",""
"CPA01C01","Consumer Price Index (Base Dec 2016=100)","1983","1983","05","Furnishings, household equipment and routine household maintenance","Base Dec 2016=100",""
"CPA01C01","Consumer Price Index (Base Dec 2016=100)","1983","1983","06","Health","Base Dec 2016=100",""
"CPA01C01","Consumer Price Index (Base Dec 2016=100)","1983","1983","07","Transport","Base Dec 2016=100",""
"CPA01C01","Consumer Price Index (Base Dec 2016=100)","1983","1983","08","Communications","Base Dec 2016=100",""
"CPA01C01","Consumer Price Index (Base Dec 2016=100)","1983","1983","09","Recreation and culture","Base Dec 2016=100",""
"CPA01C01","Consumer Price Index (Base Dec 2016=100)","1983","1983","10","Education","Base Dec 2016=100",""
"CPA01C01","Consumer Price Index (Base Dec 2016=100)","1983","1983","11","Restaurants and hotels","Base Dec 2016=100",""
"CPA01C01","Consumer Price Index (Base Dec 2016=100)","1983","1983","12","Miscellaneous goods and services","Base Dec 2016=100",""
"CPA01C01","Consumer Price Index (Base Dec 2016=100)","1984","1984","-","All items","Base Dec 2016=100","47.2"
"CPA01C01","Consumer Price Index (Base Dec 2016=100)","1984","1984","01","Food and non-alcoholic beverages","Base Dec 2016=100",""
"CPA01C01","Consumer Price Index (Base Dec 2016=100)","1984","1984","02","Alcoholic beverages and tobacco","Base Dec 2016=100",""
"CPA01C01","Consumer Price Index (Base Dec 2016=100)","1984","1984","03","Clothing and footwear","Base Dec 2016=100",""
"CPA01C01","Consumer Price Index (Base Dec 2016=100)","1984","1984","04","Housing, water, electricity, gas and other fuels","Base Dec 2016=100",""
"CPA01C01","Consumer Price Index (Base Dec 2016=100)","1984","1984","05","Furnishings, household equipment and routine household maintenance","Base Dec 2016=100",""
"CPA01C01","Consumer Price Index (Base Dec 2016=100)","1984","1984","06","Health","Base Dec 2016=100",""
"CPA01C01","Consumer Price Index (Base Dec 2016=100)","1984","1984","07","Transport","Base Dec 2016=100",""
"CPA01C01","Consumer Price Index (Base Dec 2016=100)","1984","1984","08","Communications","Base Dec 2016=100",""
"CPA01C01","Consumer Price Index (Base Dec 2016=100)","1984","1984","09","Recreation and culture","Base Dec 2016=100",""
"CPA01C01","Consumer Price Index (Base Dec 2016=100)","1984","1984","10","Education","Base Dec 2016=100",""
"CPA01C01","Consumer Price Index (Base Dec 2016=100)","1984","1984","11","Restaurants and hotels","Base Dec 2016=100",""
"CPA01C01","Consumer Price Index (Base Dec 2016=100)","1984","1984","12","Miscellaneous goods and services","Base Dec 2016=100",""
"CPA01C01","Consumer Price Index (Base Dec 2016=100)","1985","1985","-","All items","Base Dec 2016=100","49.7"
"CPA01C01","Consumer Price Index (Base Dec 2016=100)","1985","1985","01","Food and non-alcoholic beverages","Base Dec 2016=100",""
"CPA01C01","Consumer Price Index (Base Dec 2016=100)","1985","1985","02","Alcoholic beverages and tobacco","Base Dec 2016=100",""
"CPA01C01","Consumer Price Index (Base Dec 2016=100)","1985","1985","03","Clothing and footwear","Base Dec 2016=100",""
"CPA01C01","Consumer Price Index (Base Dec 2016=100)","1985","1985","04","Housing, water, electricity, gas and other fuels","Base Dec 2016=100",""
"CPA01C01","Consumer Price Index (Base Dec 2016=100)","1985","1985","05","Furnishings, household equipment and routine household maintenance","Base Dec 2016=100",""
"CPA01C01","Consumer Price Index (Base Dec 2016=100)","1985","1985","06","Health","Base Dec 2016=100",""
"CPA01C01","Consumer Price Index (Base Dec 2016=100)","1985","1985","07","Transport","Base Dec 2016=100",""
"CPA01C01","Consumer Price Index (Base Dec 2016=100)","1985","1985","08","Communications","Base Dec 2016=100",""
"CPA01C01","Consumer Price Index (Base Dec 2016=100)","1985","1985","09","Recreation and culture","Base Dec 2016=100",""
"CPA01C01","Consumer Price Index (Base Dec 2016=100)","1985","1985","10","Education","Base Dec 2016=100",""
"CPA01C01","Consumer Price Index (Base Dec 2016=100)","1985","1985","11","Restaurants and hotels","Base Dec 2016=100",""
"CPA01C01","Consumer Price Index (Base Dec 2016=100)","1985","1985","12","Miscellaneous goods and services","Base Dec 2016=100",""
"CPA01C01","Consumer Price Index (Base Dec 2016=100)","1986","1986","-","All items","Base Dec 2016=100","51.6"
"CPA01C01","Consumer Price Index (Base Dec 2016=100)","1986","1986","01","Food and non-alcoholic beverages","Base Dec 2016=100",""
"CPA01C01","Consumer Price Index (Base Dec 2016=100)","1986","1986","02","Alcoholic beverages and tobacco","Base Dec 2016=100",""
"CPA01C01","Consumer Price Index (Base Dec 2016=100)","1986","1986","03","Clothing and footwear","Base Dec 2016=100",""
"CPA01C01","Consumer Price Index (Base Dec 2016=100)","1986","1986","04","Housing, water, electricity, gas and other fuels","Base Dec 2016=100",""
"CPA01C01","Consumer Price Index (Base Dec 2016=100)","1986","1986","05","Furnishings, household equipment and routine household maintenance","Base Dec 2016=100",""
"CPA01C01","Consumer Price Index (Base Dec 2016=100)","1986","1986","06","Health","Base Dec 2016=100",""
"CPA01C01","Consumer Price Index (Base Dec 2016=100)","1986","1986","07","Transport","Base Dec 2016=100",""
"CPA01C01","Consumer Price Index (Base Dec 2016=100)","1986","1986","08","Communications","Base Dec 2016=100",""
"CPA01C01","Consumer Price Index (Base Dec 2016=100)","1986","1986","09","Recreation and culture","Base Dec 2016=100",""
"CPA01C01","Consumer Price Index (Base Dec 2016=100)","1986","1986","10","Education","Base Dec 2016=100",""
"CPA01C01","Consumer Price Index (Base Dec 2016=100)","1986","1986","11","Restaurants and hotels","Base Dec 2016=100",""
"CPA01C01","Consumer Price Index (Base Dec 2016=100)","1986","1986","12","Miscellaneous goods and services","Base Dec 2016=100",""
"CPA01C01","Consumer Price Index (Base Dec 2016=100)","1987","1987","-","All items","Base Dec 2016=100","53.2"
"CPA01C01","Consumer Price Index (Base Dec 2016=100)","1987","1987","01","Food and non-alcoholic beverages","Base Dec 2016=100",""
"CPA01C01","Consumer Price Index (Base Dec 2016=100)","1987","1987","02","Alcoholic beverages and tobacco","Base Dec 2016=100",""
"CPA01C01","Consumer Price Index (Base Dec 2016=100)","1987","1987","03","Clothing and footwear","Base Dec 2016=100",""
"CPA01C01","Consumer Price Index (Base Dec 2016=100)","1987","1987","04","Housing, water, electricity, gas and other fuels","Base Dec 2016=100",""
"CPA01C01","Consumer Price Index (Base Dec 2016=100)","1987","1987","05","Furnishings, household equipment and routine household maintenance","Base Dec 2016=100",""
"CPA01C01","Consumer Price Index (Base Dec 2016=100)","1987","1987","06","Health","Base Dec 2016=100",""
"CPA01C01","Consumer Price Index (Base Dec 2016=100)","1987","1987","07","Transport","Base Dec 2016=100",""
"CPA01C01","Consumer Price Index (Base Dec 2016=100)","1987","1987","08","Communications","Base Dec 2016=100",""
"CPA01C01","Consumer Price Index (Base Dec 2016=100)","1987","1987","09","Recreation and culture","Base Dec 2016=100",""
"CPA01C01","Consumer Price Index (Base Dec 2016=100)","1987","1987","10","Education","Base Dec 2016=100",""
"CPA01C01","Consumer Price Index (Base Dec 2016=100)","1987","1987","11","Restaurants and hotels","Base Dec 2016=100",""
"CPA01C01","Consumer Price Index (Base Dec 2016=100)","1987","1987","12","Miscellaneous goods and services","Base Dec 2016=100",""
"CPA01C01","Consumer Price Index (Base Dec 2016=100)","1988","1988","-","All items","Base Dec 2016=100","54.4"
"CPA01C01","Consumer Price Index (Base Dec 2016=100)","1988","1988","01","Food and non-alcoholic beverages","Base Dec 2016=100",""
"CPA01C01","Consumer Price Index (Base Dec 2016=100)","1988","1988","02","Alcoholic beverages and tobacco","Base Dec 2016=100",""
"CPA01C01","Consumer Price Index (Base Dec 2016=100)","1988","1988","03","Clothing and footwear","Base Dec 2016=100",""
"CPA01C01","Consumer Price Index (Base Dec 2016=100)","1988","1988","04","Housing, water, electricity, gas and other fuels","Base Dec 2016=100",""
"CPA01C01","Consumer Price Index (Base Dec 2016=100)","1988","1988","05","Furnishings, household equipment and routine household maintenance","Base Dec 2016=100",""
"CPA01C01","Consumer Price Index (Base Dec 2016=100)","1988","1988","06","Health","Base Dec 2016=100",""
"CPA01C01","Consumer Price Index (Base Dec 2016=100)","1988","1988","07","Transport","Base Dec 2016=100",""
"CPA01C01","Consumer Price Index (Base Dec 2016=100)","1988","1988","08","Communications","Base Dec 2016=100",""
"CPA01C01","Consumer Price Index (Base Dec 2016=100)","1988","1988","09","Recreation and culture","Base Dec 2016=100",""
"CPA01C01","Consumer Price Index (Base Dec 2016=100)","1988","1988","10","Education","Base Dec 2016=100",""
"CPA01C01","Consumer Price Index (Base Dec 2016=100)","1988","1988","11","Restaurants and hotels","Base Dec 2016=100",""
"CPA01C01","Consumer Price Index (Base Dec 2016=100)","1988","1988","12","Miscellaneous goods and services","Base Dec 2016=100",""
"CPA01C01","Consumer Price Index (Base Dec 2016=100)","1989","1989","-","All items","Base Dec 2016=100","56.6"
"CPA01C01","Consumer Price Index (Base Dec 2016=100)","1989","1989","01","Food and non-alcoholic beverages","Base Dec 2016=100",""
"CPA01C01","Consumer Price Index (Base Dec 2016=100)","1989","1989","02","Alcoholic beverages and tobacco","Base Dec 2016=100",""
"CPA01C01","Consumer Price Index (Base Dec 2016=100)","1989","1989","03","Clothing and footwear","Base Dec 2016=100",""
"CPA01C01","Consumer Price Index (Base Dec 2016=100)","1989","1989","04","Housing, water, electricity, gas and other fuels","Base Dec 2016=100",""
"CPA01C01","Consumer Price Index (Base Dec 2016=100)","1989","1989","05","Furnishings, household equipment and routine household maintenance","Base Dec 2016=100",""
"CPA01C01","Consumer Price Index (Base Dec 2016=100)","1989","1989","06","Health","Base Dec 2016=100",""
"CPA01C01","Consumer Price Index (Base Dec 2016=100)","1989","1989","07","Transport","Base Dec 2016=100",""
"CPA01C01","Consumer Price Index (Base Dec 2016=100)","1989","1989","08","Communications","Base Dec 2016=100",""
"CPA01C01","Consumer Price Index (Base Dec 2016=100)","1989","1989","09","Recreation and culture","Base Dec 2016=100",""
"CPA01C01","Consumer Price Index (Base Dec 2016=100)","1989","1989","10","Education","Base Dec 2016=100",""
"CPA01C01","Consumer Price Index (Base Dec 2016=100)","1989","1989","11","Restaurants and hotels","Base Dec 2016=100",""
"CPA01C01","Consumer Price Index (Base Dec 2016=100)","1989","1989","12","Miscellaneous goods and services","Base Dec 2016=100",""
"CPA01C01","Consumer Price Index (Base Dec 2016=100)","1990","1990","-","All items","Base Dec 2016=100","58.5"
"CPA01C01","Consumer Price Index (Base Dec 2016=100)","1990","1990","01","Food and non-alcoholic beverages","Base Dec 2016=100",""
"CPA01C01","Consumer Price Index (Base Dec 2016=100)","1990","1990","02","Alcoholic beverages and tobacco","Base Dec 2016=100",""
"CPA01C01","Consumer Price Index (Base Dec 2016=100)","1990","1990","03","Clothing and footwear","Base Dec 2016=100",""
"CPA01C01","Consumer Price Index (Base Dec 2016=100)","1990","1990","04","Housing, water, electricity, gas and other fuels","Base Dec 2016=100",""
"CPA01C01","Consumer Price Index (Base Dec 2016=100)","1990","1990","05","Furnishings, household equipment and routine household maintenance","Base Dec 2016=100",""
"CPA01C01","Consumer Price Index (Base Dec 2016=100)","1990","1990","06","Health","Base Dec 2016=100",""
"CPA01C01","Consumer Price Index (Base Dec 2016=100)","1990","1990","07","Transport","Base Dec 2016=100",""
"CPA01C01","Consumer Price Index (Base Dec 2016=100)","1990","1990","08","Communications","Base Dec 2016=100",""
"CPA01C01","Consumer Price Index (Base Dec 2016=100)","1990","1990","09","Recreation and culture","Base Dec 2016=100",""
"CPA01C01","Consumer Price Index (Base Dec 2016=100)","1990","1990","10","Education","Base Dec 2016=100",""
"CPA01C01","Consumer Price Index (Base Dec 2016=100)","1990","1990","11","Restaurants and hotels","Base Dec 2016=100",""
"CPA01C01","Consumer Price Index (Base Dec 2016=100)","1990","1990","12","Miscellaneous goods and services","Base Dec 2016=100",""
"CPA01C01","Consumer Price Index (Base Dec 2016=100)","1991","1991","-","All items","Base Dec 2016=100","60.4"
"CPA01C01","Consumer Price Index (Base Dec 2016=100)","1991","1991","01","Food and non-alcoholic beverages","Base Dec 2016=100",""
"CPA01C01","Consumer Price Index (Base Dec 2016=100)","1991","1991","02","Alcoholic beverages and tobacco","Base Dec 2016=100",""
"CPA01C01","Consumer Price Index (Base Dec 2016=100)","1991","1991","03","Clothing and footwear","Base Dec 2016=100",""
"CPA01C01","Consumer Price Index (Base Dec 2016=100)","1991","1991","04","Housing, water, electricity, gas and other fuels","Base Dec 2016=100",""
"CPA01C01","Consumer Price Index (Base Dec 2016=100)","1991","1991","05","Furnishings, household equipment and routine household maintenance","Base Dec 2016=100",""
"CPA01C01","Consumer Price Index (Base Dec 2016=100)","1991","1991","06","Health","Base Dec 2016=100",""
"CPA01C01","Consumer Price Index (Base Dec 2016=100)","1991","1991","07","Transport","Base Dec 2016=100",""
"CPA01C01","Consumer Price Index (Base Dec 2016=100)","1991","1991","08","Communications","Base Dec 2016=100",""
"CPA01C01","Consumer Price Index (Base Dec 2016=100)","1991","1991","09","Recreation and culture","Base Dec 2016=100",""
"CPA01C01","Consumer Price Index (Base Dec 2016=100)","1991","1991","10","Education","Base Dec 2016=100",""
"CPA01C01","Consumer Price Index (Base Dec 2016=100)","1991","1991","11","Restaurants and hotels","Base Dec 2016=100",""
"CPA01C01","Consumer Price Index (Base Dec 2016=100)","1991","1991","12","Miscellaneous goods and services","Base Dec 2016=100",""
"CPA01C01","Consumer Price Index (Base Dec 2016=100)","1992","1992","-","All items","Base Dec 2016=100","62.2"
"CPA01C01","Consumer Price Index (Base Dec 2016=100)","1992","1992","01","Food and non-alcoholic beverages","Base Dec 2016=100",""
"CPA01C01","Consumer Price Index (Base Dec 2016=100)","1992","1992","02","Alcoholic beverages and tobacco","Base Dec 2016=100",""
"CPA01C01","Consumer Price Index (Base Dec 2016=100)","1992","1992","03","Clothing and footwear","Base Dec 2016=100",""
"CPA01C01","Consumer Price Index (Base Dec 2016=100)","1992","1992","04","Housing, water, electricity, gas and other fuels","Base Dec 2016=100",""
"CPA01C01","Consumer Price Index (Base Dec 2016=100)","1992","1992","05","Furnishings, household equipment and routine household maintenance","Base Dec 2016=100",""
"CPA01C01","Consumer Price Index (Base Dec 2016=100)","1992","1992","06","Health","Base Dec 2016=100",""
"CPA01C01","Consumer Price Index (Base Dec 2016=100)","1992","1992","07","Transport","Base Dec 2016=100",""
"CPA01C01","Consumer Price Index (Base Dec 2016=100)","1992","1992","08","Communications","Base Dec 2016=100",""
"CPA01C01","Consumer Price Index (Base Dec 2016=100)","1992","1992","09","Recreation and culture","Base Dec 2016=100",""
"CPA01C01","Consumer Price Index (Base Dec 2016=100)","1992","1992","10","Education","Base Dec 2016=100",""
"CPA01C01","Consumer Price Index (Base Dec 2016=100)","1992","1992","11","Restaurants and hotels","Base Dec 2016=100",""
"CPA01C01","Consumer Price Index (Base Dec 2016=100)","1992","1992","12","Miscellaneous goods and services","Base Dec 2016=100",""
"CPA01C01","Consumer Price Index (Base Dec 2016=100)","1993","1993","-","All items","Base Dec 2016=100","63.1"
"CPA01C01","Consumer Price Index (Base Dec 2016=100)","1993","1993","01","Food and non-alcoholic beverages","Base Dec 2016=100",""
"CPA01C01","Consumer Price Index (Base Dec 2016=100)","1993","1993","02","Alcoholic beverages and tobacco","Base Dec 2016=100",""
"CPA01C01","Consumer Price Index (Base Dec 2016=100)","1993","1993","03","Clothing and footwear","Base Dec 2016=100",""
"CPA01C01","Consumer Price Index (Base Dec 2016=100)","1993","1993","04","Housing, water, electricity, gas and other fuels","Base Dec 2016=100",""
"CPA01C01","Consumer Price Index (Base Dec 2016=100)","1993","1993","05","Furnishings, household equipment and routine household maintenance","Base Dec 2016=100",""
"CPA01C01","Consumer Price Index (Base Dec 2016=100)","1993","1993","06","Health","Base Dec 2016=100",""
"CPA01C01","Consumer Price Index (Base Dec 2016=100)","1993","1993","07","Transport","Base Dec 2016=100",""
"CPA01C01","Consumer Price Index (Base Dec 2016=100)","1993","1993","08","Communications","Base Dec 2016=100",""
"CPA01C01","Consumer Price Index (Base Dec 2016=100)","1993","1993","09","Recreation and culture","Base Dec 2016=100",""
"CPA01C01","Consumer Price Index (Base Dec 2016=100)","1993","1993","10","Education","Base Dec 2016=100",""
"CPA01C01","Consumer Price Index (Base Dec 2016=100)","1993","1993","11","Restaurants and hotels","Base Dec 2016=100",""
"CPA01C01","Consumer Price Index (Base Dec 2016=100)","1993","1993","12","Miscellaneous goods and services","Base Dec 2016=100",""
"CPA01C01","Consumer Price Index (Base Dec 2016=100)","1994","1994","-","All items","Base Dec 2016=100","64.6"
"CPA01C01","Consumer Price Index (Base Dec 2016=100)","1994","1994","01","Food and non-alcoholic beverages","Base Dec 2016=100",""
"CPA01C01","Consumer Price Index (Base Dec 2016=100)","1994","1994","02","Alcoholic beverages and tobacco","Base Dec 2016=100",""
"CPA01C01","Consumer Price Index (Base Dec 2016=100)","1994","1994","03","Clothing and footwear","Base Dec 2016=100",""
"CPA01C01","Consumer Price Index (Base Dec 2016=100)","1994","1994","04","Housing, water, electricity, gas and other fuels","Base Dec 2016=100",""
"CPA01C01","Consumer Price Index (Base Dec 2016=100)","1994","1994","05","Furnishings, household equipment and routine household maintenance","Base Dec 2016=100",""
"CPA01C01","Consumer Price Index (Base Dec 2016=100)","1994","1994","06","Health","Base Dec 2016=100",""
"CPA01C01","Consumer Price Index (Base Dec 2016=100)","1994","1994","07","Transport","Base Dec 2016=100",""
"CPA01C01","Consumer Price Index (Base Dec 2016=100)","1994","1994","08","Communications","Base Dec 2016=100",""
"CPA01C01","Consumer Price Index (Base Dec 2016=100)","1994","1994","09","Recreation and culture","Base Dec 2016=100",""
"CPA01C01","Consumer Price Index (Base Dec 2016=100)","1994","1994","10","Education","Base Dec 2016=100",""
"CPA01C01","Consumer Price Index (Base Dec 2016=100)","1994","1994","11","Restaurants and hotels","Base Dec 2016=100",""
"CPA01C01","Consumer Price Index (Base Dec 2016=100)","1994","1994","12","Miscellaneous goods and services","Base Dec 2016=100",""
"CPA01C01","Consumer Price Index (Base Dec 2016=100)","1995","1995","-","All items","Base Dec 2016=100","66.2"
"CPA01C01","Consumer Price Index (Base Dec 2016=100)","1995","1995","01","Food and non-alcoholic beverages","Base Dec 2016=100",""
"CPA01C01","Consumer Price Index (Base Dec 2016=100)","1995","1995","02","Alcoholic beverages and tobacco","Base Dec 2016=100",""
"CPA01C01","Consumer Price Index (Base Dec 2016=100)","1995","1995","03","Clothing and footwear","Base Dec 2016=100",""
"CPA01C01","Consumer Price Index (Base Dec 2016=100)","1995","1995","04","Housing, water, electricity, gas and other fuels","Base Dec 2016=100",""
"CPA01C01","Consumer Price Index (Base Dec 2016=100)","1995","1995","05","Furnishings, household equipment and routine household maintenance","Base Dec 2016=100",""
"CPA01C01","Consumer Price Index (Base Dec 2016=100)","1995","1995","06","Health","Base Dec 2016=100",""
"CPA01C01","Consumer Price Index (Base Dec 2016=100)","1995","1995","07","Transport","Base Dec 2016=100",""
"CPA01C01","Consumer Price Index (Base Dec 2016=100)","1995","1995","08","Communications","Base Dec 2016=100",""
"CPA01C01","Consumer Price Index (Base Dec 2016=100)","1995","1995","09","Recreation and culture","Base Dec 2016=100",""
"CPA01C01","Consumer Price Index (Base Dec 2016=100)","1995","1995","10","Education","Base Dec 2016=100",""
"CPA01C01","Consumer Price Index (Base Dec 2016=100)","1995","1995","11","Restaurants and hotels","Base Dec 2016=100",""
"CPA01C01","Consumer Price Index (Base Dec 2016=100)","1995","1995","12","Miscellaneous goods and services","Base Dec 2016=100",""
"CPA01C01","Consumer Price Index (Base Dec 2016=100)","1996","1996","-","All items","Base Dec 2016=100","67.4"
"CPA01C01","Consumer Price Index (Base Dec 2016=100)","1996","1996","01","Food and non-alcoholic beverages","Base Dec 2016=100",""
"CPA01C01","Consumer Price Index (Base Dec 2016=100)","1996","1996","02","Alcoholic beverages and tobacco","Base Dec 2016=100",""
"CPA01C01","Consumer Price Index (Base Dec 2016=100)","1996","1996","03","Clothing and footwear","Base Dec 2016=100",""
"CPA01C01","Consumer Price Index (Base Dec 2016=100)","1996","1996","04","Housing, water, electricity, gas and other fuels","Base Dec 2016=100",""
"CPA01C01","Consumer Price Index (Base Dec 2016=100)","1996","1996","05","Furnishings, household equipment and routine household maintenance","Base Dec 2016=100",""
"CPA01C01","Consumer Price Index (Base Dec 2016=100)","1996","1996","06","Health","Base Dec 2016=100",""
"CPA01C01","Consumer Price Index (Base Dec 2016=100)","1996","1996","07","Transport","Base Dec 2016=100",""
"CPA01C01","Consumer Price Index (Base Dec 2016=100)","1996","1996","08","Communications","Base Dec 2016=100",""
"CPA01C01","Consumer Price Index (Base Dec 2016=100)","1996","1996","09","Recreation and culture","Base Dec 2016=100",""
"CPA01C01","Consumer Price Index (Base Dec 2016=100)","1996","1996","10","Education","Base Dec 2016=100",""
"CPA01C01","Consumer Price Index (Base Dec 2016=100)","1996","1996","11","Restaurants and hotels","Base Dec 2016=100",""
"CPA01C01","Consumer Price Index (Base Dec 2016=100)","1996","1996","12","Miscellaneous goods and services","Base Dec 2016=100",""
"CPA01C01","Consumer Price Index (Base Dec 2016=100)","1997","1997","-","All items","Base Dec 2016=100","68.3"
"CPA01C01","Consumer Price Index (Base Dec 2016=100)","1997","1997","01","Food and non-alcoholic beverages","Base Dec 2016=100","83.6"
"CPA01C01","Consumer Price Index (Base Dec 2016=100)","1997","1997","02","Alcoholic beverages and tobacco","Base Dec 2016=100","50.7"
"CPA01C01","Consumer Price Index (Base Dec 2016=100)","1997","1997","03","Clothing and footwear","Base Dec 2016=100","227"
"CPA01C01","Consumer Price Index (Base Dec 2016=100)","1997","1997","04","Housing, water, electricity, gas and other fuels","Base Dec 2016=100","55.5"
"CPA01C01","Consumer Price Index (Base Dec 2016=100)","1997","1997","05","Furnishings, household equipment and routine household maintenance","Base Dec 2016=100","121.2"
"CPA01C01","Consumer Price Index (Base Dec 2016=100)","1997","1997","06","Health","Base Dec 2016=100","46.4"
"CPA01C01","Consumer Price Index (Base Dec 2016=100)","1997","1997","07","Transport","Base Dec 2016=100","75.1"
"CPA01C01","Consumer Price Index (Base Dec 2016=100)","1997","1997","08","Communications","Base Dec 2016=100","126"
"CPA01C01","Consumer Price Index (Base Dec 2016=100)","1997","1997","09","Recreation and culture","Base Dec 2016=100","80.8"
"CPA01C01","Consumer Price Index (Base Dec 2016=100)","1997","1997","10","Education","Base Dec 2016=100","30.4"
"CPA01C01","Consumer Price Index (Base Dec 2016=100)","1997","1997","11","Restaurants and hotels","Base Dec 2016=100","57.7"
"CPA01C01","Consumer Price Index (Base Dec 2016=100)","1997","1997","12","Miscellaneous goods and services","Base Dec 2016=100","47.2"
"CPA01C01","Consumer Price Index (Base Dec 2016=100)","1998","1998","-","All items","Base Dec 2016=100","70"
"CPA01C01","Consumer Price Index (Base Dec 2016=100)","1998","1998","01","Food and non-alcoholic beverages","Base Dec 2016=100","87"
"CPA01C01","Consumer Price Index (Base Dec 2016=100)","1998","1998","02","Alcoholic beverages and tobacco","Base Dec 2016=100","52.7"
"CPA01C01","Consumer Price Index (Base Dec 2016=100)","1998","1998","03","Clothing and footwear","Base Dec 2016=100","214.8"
"CPA01C01","Consumer Price Index (Base Dec 2016=100)","1998","1998","04","Housing, water, electricity, gas and other fuels","Base Dec 2016=100","55.9"
"CPA01C01","Consumer Price Index (Base Dec 2016=100)","1998","1998","05","Furnishings, household equipment and routine household maintenance","Base Dec 2016=100","125.5"
"CPA01C01","Consumer Price Index (Base Dec 2016=100)","1998","1998","06","Health","Base Dec 2016=100","48.9"
"CPA01C01","Consumer Price Index (Base Dec 2016=100)","1998","1998","07","Transport","Base Dec 2016=100","75.8"
"CPA01C01","Consumer Price Index (Base Dec 2016=100)","1998","1998","08","Communications","Base Dec 2016=100","118.4"
"CPA01C01","Consumer Price Index (Base Dec 2016=100)","1998","1998","09","Recreation and culture","Base Dec 2016=100","82.5"
"CPA01C01","Consumer Price Index (Base Dec 2016=100)","1998","1998","10","Education","Base Dec 2016=100","32.7"
"CPA01C01","Consumer Price Index (Base Dec 2016=100)","1998","1998","11","Restaurants and hotels","Base Dec 2016=100","60"
"CPA01C01","Consumer Price Index (Base Dec 2016=100)","1998","1998","12","Miscellaneous goods and services","Base Dec 2016=100","49.6"
"CPA01C01","Consumer Price Index (Base Dec 2016=100)","1999","1999","-","All items","Base Dec 2016=100","71.1"
"CPA01C01","Consumer Price Index (Base Dec 2016=100)","1999","1999","01","Food and non-alcoholic beverages","Base Dec 2016=100","89.7"
"CPA01C01","Consumer Price Index (Base Dec 2016=100)","1999","1999","02","Alcoholic beverages and tobacco","Base Dec 2016=100","54.8"
"CPA01C01","Consumer Price Index (Base Dec 2016=100)","1999","1999","03","Clothing and footwear","Base Dec 2016=100","201.3"
"CPA01C01","Consumer Price Index (Base Dec 2016=100)","1999","1999","04","Housing, water, electricity, gas and other fuels","Base Dec 2016=100","52.1"
"CPA01C01","Consumer Price Index (Base Dec 2016=100)","1999","1999","05","Furnishings, household equipment and routine household maintenance","Base Dec 2016=100","128.6"
"CPA01C01","Consumer Price Index (Base Dec 2016=100)","1999","1999","06","Health","Base Dec 2016=100","51.7"
"CPA01C01","Consumer Price Index (Base Dec 2016=100)","1999","1999","07","Transport","Base Dec 2016=100","77.5"
"CPA01C01","Consumer Price Index (Base Dec 2016=100)","1999","1999","08","Communications","Base Dec 2016=100","109.7"
"CPA01C01","Consumer Price Index (Base Dec 2016=100)","1999","1999","09","Recreation and culture","Base Dec 2016=100","84.9"
"CPA01C01","Consumer Price Index (Base Dec 2016=100)","1999","1999","10","Education","Base Dec 2016=100","36.1"
"CPA01C01","Consumer Price Index (Base Dec 2016=100)","1999","1999","11","Restaurants and hotels","Base Dec 2016=100","62.5"
"CPA01C01","Consumer Price Index (Base Dec 2016=100)","1999","1999","12","Miscellaneous goods and services","Base Dec 2016=100","52.4"
"CPA01C01","Consumer Price Index (Base Dec 2016=100)","2000","2000","-","All items","Base Dec 2016=100","75.1"
"CPA01C01","Consumer Price Index (Base Dec 2016=100)","2000","2000","01","Food and non-alcoholic beverages","Base Dec 2016=100","92.5"
"CPA01C01","Consumer Price Index (Base Dec 2016=100)","2000","2000","02","Alcoholic beverages and tobacco","Base Dec 2016=100","61.1"
"CPA01C01","Consumer Price Index (Base Dec 2016=100)","2000","2000","03","Clothing and footwear","Base Dec 2016=100","191.4"
"CPA01C01","Consumer Price Index (Base Dec 2016=100)","2000","2000","04","Housing, water, electricity, gas and other fuels","Base Dec 2016=100","57.1"
"CPA01C01","Consumer Price Index (Base Dec 2016=100)","2000","2000","05","Furnishings, household equipment and routine household maintenance","Base Dec 2016=100","134.3"
"CPA01C01","Consumer Price Index (Base Dec 2016=100)","2000","2000","06","Health","Base Dec 2016=100","55.4"
"CPA01C01","Consumer Price Index (Base Dec 2016=100)","2000","2000","07","Transport","Base Dec 2016=100","83.7"
"CPA01C01","Consumer Price Index (Base Dec 2016=100)","2000","2000","08","Communications","Base Dec 2016=100","106.4"
"CPA01C01","Consumer Price Index (Base Dec 2016=100)","2000","2000","09","Recreation and culture","Base Dec 2016=100","88"
"CPA01C01","Consumer Price Index (Base Dec 2016=100)","2000","2000","10","Education","Base Dec 2016=100","39.9"
"CPA01C01","Consumer Price Index (Base Dec 2016=100)","2000","2000","11","Restaurants and hotels","Base Dec 2016=100","65.9"
"CPA01C01","Consumer Price Index (Base Dec 2016=100)","2000","2000","12","Miscellaneous goods and services","Base Dec 2016=100","56.3"
"CPA01C01","Consumer Price Index (Base Dec 2016=100)","2001","2001","-","All items","Base Dec 2016=100","78.7"
"CPA01C01","Consumer Price Index (Base Dec 2016=100)","2001","2001","01","Food and non-alcoholic beverages","Base Dec 2016=100","98.5"
"CPA01C01","Consumer Price Index (Base Dec 2016=100)","2001","2001","02","Alcoholic beverages and tobacco","Base Dec 2016=100","62.7"
"CPA01C01","Consumer Price Index (Base Dec 2016=100)","2001","2001","03","Clothing and footwear","Base Dec 2016=100","186.1"
"CPA01C01","Consumer Price Index (Base Dec 2016=100)","2001","2001","04","Housing, water, electricity, gas and other fuels","Base Dec 2016=100","63.1"
"CPA01C01","Consumer Price Index (Base Dec 2016=100)","2001","2001","05","Furnishings, household equipment and routine household maintenance","Base Dec 2016=100","139"
"CPA01C01","Consumer Price Index (Base Dec 2016=100)","2001","2001","06","Health","Base Dec 2016=100","59.5"
"CPA01C01","Consumer Price Index (Base Dec 2016=100)","2001","2001","07","Transport","Base Dec 2016=100","82.4"
"CPA01C01","Consumer Price Index (Base Dec 2016=100)","2001","2001","08","Communications","Base Dec 2016=100","97.6"
"CPA01C01","Consumer Price Index (Base Dec 2016=100)","2001","2001","09","Recreation and culture","Base Dec 2016=100","92.3"
"CPA01C01","Consumer Price Index (Base Dec 2016=100)","2001","2001","10","Education","Base Dec 2016=100","42.8"
"CPA01C01","Consumer Price Index (Base Dec 2016=100)","2001","2001","11","Restaurants and hotels","Base Dec 2016=100","69.8"
"CPA01C01","Consumer Price Index (Base Dec 2016=100)","2001","2001","12","Miscellaneous goods and services","Base Dec 2016=100","61.5"
"CPA01C01","Consumer Price Index (Base Dec 2016=100)","2002","2002","-","All items","Base Dec 2016=100","82.4"
"CPA01C01","Consumer Price Index (Base Dec 2016=100)","2002","2002","01","Food and non-alcoholic beverages","Base Dec 2016=100","101.9"
"CPA01C01","Consumer Price Index (Base Dec 2016=100)","2002","2002","02","Alcoholic beverages and tobacco","Base Dec 2016=100","66.2"
"CPA01C01","Consumer Price Index (Base Dec 2016=100)","2002","2002","03","Clothing and footwear","Base Dec 2016=100","178.2"
"CPA01C01","Consumer Price Index (Base Dec 2016=100)","2002","2002","04","Housing, water, electricity, gas and other fuels","Base Dec 2016=100","63.8"
"CPA01C01","Consumer Price Index (Base Dec 2016=100)","2002","2002","05","Furnishings, household equipment and routine household maintenance","Base Dec 2016=100","141.5"
"CPA01C01","Consumer Price Index (Base Dec 2016=100)","2002","2002","06","Health","Base Dec 2016=100","65.5"
"CPA01C01","Consumer Price Index (Base Dec 2016=100)","2002","2002","07","Transport","Base Dec 2016=100","84.9"
"CPA01C01","Consumer Price Index (Base Dec 2016=100)","2002","2002","08","Communications","Base Dec 2016=100","99.7"
"CPA01C01","Consumer Price Index (Base Dec 2016=100)","2002","2002","09","Recreation and culture","Base Dec 2016=100","98.2"
"CPA01C01","Consumer Price Index (Base Dec 2016=100)","2002","2002","10","Education","Base Dec 2016=100","47.2"
"CPA01C01","Consumer Price Index (Base Dec 2016=100)","2002","2002","11","Restaurants and hotels","Base Dec 2016=100","75"
"CPA01C01","Consumer Price Index (Base Dec 2016=100)","2002","2002","12","Miscellaneous goods and services","Base Dec 2016=100","67.6"
"CPA01C01","Consumer Price Index (Base Dec 2016=100)","2003","2003","-","All items","Base Dec 2016=100","85.2"
"CPA01C01","Consumer Price Index (Base Dec 2016=100)","2003","2003","01","Food and non-alcoholic beverages","Base Dec 2016=100","103.4"
"CPA01C01","Consumer Price Index (Base Dec 2016=100)","2003","2003","02","Alcoholic beverages and tobacco","Base Dec 2016=100","72.7"
"CPA01C01","Consumer Price Index (Base Dec 2016=100)","2003","2003","03","Clothing and footwear","Base Dec 2016=100","171"
"CPA01C01","Consumer Price Index (Base Dec 2016=100)","2003","2003","04","Housing, water, electricity, gas and other fuels","Base Dec 2016=100","63.4"
"CPA01C01","Consumer Price Index (Base Dec 2016=100)","2003","2003","05","Furnishings, household equipment and routine household maintenance","Base Dec 2016=100","140.5"
"CPA01C01","Consumer Price Index (Base Dec 2016=100)","2003","2003","06","Health","Base Dec 2016=100","70.6"
"CPA01C01","Consumer Price Index (Base Dec 2016=100)","2003","2003","07","Transport","Base Dec 2016=100","87.7"
"CPA01C01","Consumer Price Index (Base Dec 2016=100)","2003","2003","08","Communications","Base Dec 2016=100","101.2"
"CPA01C01","Consumer Price Index (Base Dec 2016=100)","2003","2003","09","Recreation and culture","Base Dec 2016=100","102.2"
"CPA01C01","Consumer Price Index (Base Dec 2016=100)","2003","2003","10","Education","Base Dec 2016=100","51.4"
"CPA01C01","Consumer Price Index (Base Dec 2016=100)","2003","2003","11","Restaurants and hotels","Base Dec 2016=100","79.7"
"CPA01C01","Consumer Price Index (Base Dec 2016=100)","2003","2003","12","Miscellaneous goods and services","Base Dec 2016=100","70.7"
"CPA01C01","Consumer Price Index (Base Dec 2016=100)","2004","2004","-","All items","Base Dec 2016=100","87.1"
"CPA01C01","Consumer Price Index (Base Dec 2016=100)","2004","2004","01","Food and non-alcoholic beverages","Base Dec 2016=100","103.1"
"CPA01C01","Consumer Price Index (Base Dec 2016=100)","2004","2004","02","Alcoholic beverages and tobacco","Base Dec 2016=100","75.2"
"CPA01C01","Consumer Price Index (Base Dec 2016=100)","2004","2004","03","Clothing and footwear","Base Dec 2016=100","165"
"CPA01C01","Consumer Price Index (Base Dec 2016=100)","2004","2004","04","Housing, water, electricity, gas and other fuels","Base Dec 2016=100","66.2"
"CPA01C01","Consumer Price Index (Base Dec 2016=100)","2004","2004","05","Furnishings, household equipment and routine household maintenance","Base Dec 2016=100","138"
"CPA01C01","Consumer Price Index (Base Dec 2016=100)","2004","2004","06","Health","Base Dec 2016=100","74.7"
"CPA01C01","Consumer Price Index (Base Dec 2016=100)","2004","2004","07","Transport","Base Dec 2016=100","91.3"
"CPA01C01","Consumer Price Index (Base Dec 2016=100)","2004","2004","08","Communications","Base Dec 2016=100","103.9"
"CPA01C01","Consumer Price Index (Base Dec 2016=100)","2004","2004","09","Recreation and culture","Base Dec 2016=100","103.4"
"CPA01C01","Consumer Price Index (Base Dec 2016=100)","2004","2004","10","Education","Base Dec 2016=100","54.5"
"CPA01C01","Consumer Price Index (Base Dec 2016=100)","2004","2004","11","Restaurants and hotels","Base Dec 2016=100","82.9"
"CPA01C01","Consumer Price Index (Base Dec 2016=100)","2004","2004","12","Miscellaneous goods and services","Base Dec 2016=100","70.3"
"CPA01C01","Consumer Price Index (Base Dec 2016=100)","2005","2005","-","All items","Base Dec 2016=100","89.2"
"CPA01C01","Consumer Price Index (Base Dec 2016=100)","2005","2005","01","Food and non-alcoholic beverages","Base Dec 2016=100","102.4"
"CPA01C01","Consumer Price Index (Base Dec 2016=100)","2005","2005","02","Alcoholic beverages and tobacco","Base Dec 2016=100","75.7"
"CPA01C01","Consumer Price Index (Base Dec 2016=100)","2005","2005","03","Clothing and footwear","Base Dec 2016=100","160.4"
"CPA01C01","Consumer Price Index (Base Dec 2016=100)","2005","2005","04","Housing, water, electricity, gas and other fuels","Base Dec 2016=100","73.1"
"CPA01C01","Consumer Price Index (Base Dec 2016=100)","2005","2005","05","Furnishings, household equipment and routine household maintenance","Base Dec 2016=100","135.9"
"CPA01C01","Consumer Price Index (Base Dec 2016=100)","2005","2005","06","Health","Base Dec 2016=100","79.4"
"CPA01C01","Consumer Price Index (Base Dec 2016=100)","2005","2005","07","Transport","Base Dec 2016=100","94.5"
"CPA01C01","Consumer Price Index (Base Dec 2016=100)","2005","2005","08","Communications","Base Dec 2016=100","103.8"
"CPA01C01","Consumer Price Index (Base Dec 2016=100)","2005","2005","09","Recreation and culture","Base Dec 2016=100","103.4"
"CPA01C01","Consumer Price Index (Base Dec 2016=100)","2005","2005","10","Education","Base Dec 2016=100","57.8"
"CPA01C01","Consumer Price Index (Base Dec 2016=100)","2005","2005","11","Restaurants and hotels","Base Dec 2016=100","85.6"
"CPA01C01","Consumer Price Index (Base Dec 2016=100)","2005","2005","12","Miscellaneous goods and services","Base Dec 2016=100","70.2"
"CPA01C01","Consumer Price Index (Base Dec 2016=100)","2006","2006","-","All items","Base Dec 2016=100","92.7"
"CPA01C01","Consumer Price Index (Base Dec 2016=100)","2006","2006","01","Food and non-alcoholic beverages","Base Dec 2016=100","103.8"
"CPA01C01","Consumer Price Index (Base Dec 2016=100)","2006","2006","02","Alcoholic beverages and tobacco","Base Dec 2016=100","76.5"
"CPA01C01","Consumer Price Index (Base Dec 2016=100)","2006","2006","03","Clothing and footwear","Base Dec 2016=100","157.3"
"CPA01C01","Consumer Price Index (Base Dec 2016=100)","2006","2006","04","Housing, water, electricity, gas and other fuels","Base Dec 2016=100","84.8"
"CPA01C01","Consumer Price Index (Base Dec 2016=100)","2006","2006","05","Furnishings, household equipment and routine household maintenance","Base Dec 2016=100","134.2"
"CPA01C01","Consumer Price Index (Base Dec 2016=100)","2006","2006","06","Health","Base Dec 2016=100","82.9"
"CPA01C01","Consumer Price Index (Base Dec 2016=100)","2006","2006","07","Transport","Base Dec 2016=100","97.7"
"CPA01C01","Consumer Price Index (Base Dec 2016=100)","2006","2006","08","Communications","Base Dec 2016=100","103.2"
"CPA01C01","Consumer Price Index (Base Dec 2016=100)","2006","2006","09","Recreation and culture","Base Dec 2016=100","104.7"
"CPA01C01","Consumer Price Index (Base Dec 2016=100)","2006","2006","10","Education","Base Dec 2016=100","60.6"
"CPA01C01","Consumer Price Index (Base Dec 2016=100)","2006","2006","11","Restaurants and hotels","Base Dec 2016=100","89"
"CPA01C01","Consumer Price Index (Base Dec 2016=100)","2006","2006","12","Miscellaneous goods and services","Base Dec 2016=100","71.4"
"CPA01C01","Consumer Price Index (Base Dec 2016=100)","2007","2007","-","All items","Base Dec 2016=100","97.3"
"CPA01C01","Consumer Price Index (Base Dec 2016=100)","2007","2007","01","Food and non-alcoholic beverages","Base Dec 2016=100","106.7"
"CPA01C01","Consumer Price Index (Base Dec 2016=100)","2007","2007","02","Alcoholic beverages and tobacco","Base Dec 2016=100","80.6"
"CPA01C01","Consumer Price Index (Base Dec 2016=100)","2007","2007","03","Clothing and footwear","Base Dec 2016=100","152.1"
"CPA01C01","Consumer Price Index (Base Dec 2016=100)","2007","2007","04","Housing, water, electricity, gas and other fuels","Base Dec 2016=100","102.1"
"CPA01C01","Consumer Price Index (Base Dec 2016=100)","2007","2007","05","Furnishings, household equipment and routine household maintenance","Base Dec 2016=100","131.8"
"CPA01C01","Consumer Price Index (Base Dec 2016=100)","2007","2007","06","Health","Base Dec 2016=100","85.4"
"CPA01C01","Consumer Price Index (Base Dec 2016=100)","2007","2007","07","Transport","Base Dec 2016=100","99.8"
"CPA01C01","Consumer Price Index (Base Dec 2016=100)","2007","2007","08","Communications","Base Dec 2016=100","103.8"
"CPA01C01","Consumer Price Index (Base Dec 2016=100)","2007","2007","09","Recreation and culture","Base Dec 2016=100","106.3"
"CPA01C01","Consumer Price Index (Base Dec 2016=100)","2007","2007","10","Education","Base Dec 2016=100","63.6"
"CPA01C01","Consumer Price Index (Base Dec 2016=100)","2007","2007","11","Restaurants and hotels","Base Dec 2016=100","92.7"
"CPA01C01","Consumer Price Index (Base Dec 2016=100)","2007","2007","12","Miscellaneous goods and services","Base Dec 2016=100","72"
"CPA01C01","Consumer Price Index (Base Dec 2016=100)","2008","2008","-","All items","Base Dec 2016=100","101.2"
"CPA01C01","Consumer Price Index (Base Dec 2016=100)","2008","2008","01","Food and non-alcoholic beverages","Base Dec 2016=100","113.7"
"CPA01C01","Consumer Price Index (Base Dec 2016=100)","2008","2008","02","Alcoholic beverages and tobacco","Base Dec 2016=100","84.5"
"CPA01C01","Consumer Price Index (Base Dec 2016=100)","2008","2008","03","Clothing and footwear","Base Dec 2016=100","144.7"
"CPA01C01","Consumer Price Index (Base Dec 2016=100)","2008","2008","04","Housing, water, electricity, gas and other fuels","Base Dec 2016=100","111.9"
"CPA01C01","Consumer Price Index (Base Dec 2016=100)","2008","2008","05","Furnishings, household equipment and routine household maintenance","Base Dec 2016=100","129.8"
"CPA01C01","Consumer Price Index (Base Dec 2016=100)","2008","2008","06","Health","Base Dec 2016=100","90.4"
"CPA01C01","Consumer Price Index (Base Dec 2016=100)","2008","2008","07","Transport","Base Dec 2016=100","103.2"
"CPA01C01","Consumer Price Index (Base Dec 2016=100)","2008","2008","08","Communications","Base Dec 2016=100","104.7"
"CPA01C01","Consumer Price Index (Base Dec 2016=100)","2008","2008","09","Recreation and culture","Base Dec 2016=100","107.7"
"CPA01C01","Consumer Price Index (Base Dec 2016=100)","2008","2008","10","Education","Base Dec 2016=100","67.5"
"CPA01C01","Consumer Price Index (Base Dec 2016=100)","2008","2008","11","Restaurants and hotels","Base Dec 2016=100","95.6"
"CPA01C01","Consumer Price Index (Base Dec 2016=100)","2008","2008","12","Miscellaneous goods and services","Base Dec 2016=100","73.8"
"CPA01C01","Consumer Price Index (Base Dec 2016=100)","2009","2009","-","All items","Base Dec 2016=100","96.7"
"CPA01C01","Consumer Price Index (Base Dec 2016=100)","2009","2009","01","Food and non-alcoholic beverages","Base Dec 2016=100","109.8"
"CPA01C01","Consumer Price Index (Base Dec 2016=100)","2009","2009","02","Alcoholic beverages and tobacco","Base Dec 2016=100","89.8"
"CPA01C01","Consumer Price Index (Base Dec 2016=100)","2009","2009","03","Clothing and footwear","Base Dec 2016=100","127.7"
"CPA01C01","Consumer Price Index (Base Dec 2016=100)","2009","2009","04","Housing, water, electricity, gas and other fuels","Base Dec 2016=100","87.3"
"CPA01C01","Consumer Price Index (Base Dec 2016=100)","2009","2009","05","Furnishings, household equipment and routine household maintenance","Base Dec 2016=100","125.7"
"CPA01C01","Consumer Price Index (Base Dec 2016=100)","2009","2009","06","Health","Base Dec 2016=100","93.6"
"CPA01C01","Consumer Price Index (Base Dec 2016=100)","2009","2009","07","Transport","Base Dec 2016=100","99.1"
"CPA01C01","Consumer Price Index (Base Dec 2016=100)","2009","2009","08","Communications","Base Dec 2016=100","105.3"
"CPA01C01","Consumer Price Index (Base Dec 2016=100)","2009","2009","09","Recreation and culture","Base Dec 2016=100","107.3"
"CPA01C01","Consumer Price Index (Base Dec 2016=100)","2009","2009","10","Education","Base Dec 2016=100","71.9"
"CPA01C01","Consumer Price Index (Base Dec 2016=100)","2009","2009","11","Restaurants and hotels","Base Dec 2016=100","95.5"
"CPA01C01","Consumer Price Index (Base Dec 2016=100)","2009","2009","12","Miscellaneous goods and services","Base Dec 2016=100","79.4"
"CPA01C01","Consumer Price Index (Base Dec 2016=100)","2010","2010","-","All items","Base Dec 2016=100","95.8"
"CPA01C01","Consumer Price Index (Base Dec 2016=100)","2010","2010","01","Food and non-alcoholic beverages","Base Dec 2016=100","104.8"
"CPA01C01","Consumer Price Index (Base Dec 2016=100)","2010","2010","02","Alcoholic beverages and tobacco","Base Dec 2016=100","87.5"
"CPA01C01","Consumer Price Index (Base Dec 2016=100)","2010","2010","03","Clothing and footwear","Base Dec 2016=100","115.7"
"CPA01C01","Consumer Price Index (Base Dec 2016=100)","2010","2010","04","Housing, water, electricity, gas and other fuels","Base Dec 2016=100","88.4"
"CPA01C01","Consumer Price Index (Base Dec 2016=100)","2010","2010","05","Furnishings, household equipment and routine household maintenance","Base Dec 2016=100","120.6"
"CPA01C01","Consumer Price Index (Base Dec 2016=100)","2010","2010","06","Health","Base Dec 2016=100","94.2"
"CPA01C01","Consumer Price Index (Base Dec 2016=100)","2010","2010","07","Transport","Base Dec 2016=100","102.1"
"CPA01C01","Consumer Price Index (Base Dec 2016=100)","2010","2010","08","Communications","Base Dec 2016=100","106.7"
"CPA01C01","Consumer Price Index (Base Dec 2016=100)","2010","2010","09","Recreation and culture","Base Dec 2016=100","105.5"
"CPA01C01","Consumer Price Index (Base Dec 2016=100)","2010","2010","10","Education","Base Dec 2016=100","76.4"
"CPA01C01","Consumer Price Index (Base Dec 2016=100)","2010","2010","11","Restaurants and hotels","Base Dec 2016=100","93.1"
"CPA01C01","Consumer Price Index (Base Dec 2016=100)","2010","2010","12","Miscellaneous goods and services","Base Dec 2016=100","80.3"
"CPA01C01","Consumer Price Index (Base Dec 2016=100)","2011","2011","-","All items","Base Dec 2016=100","98.3"
"CPA01C01","Consumer Price Index (Base Dec 2016=100)","2011","2011","01","Food and non-alcoholic beverages","Base Dec 2016=100","106"
"CPA01C01","Consumer Price Index (Base Dec 2016=100)","2011","2011","02","Alcoholic beverages and tobacco","Base Dec 2016=100","87.4"
"CPA01C01","Consumer Price Index (Base Dec 2016=100)","2011","2011","03","Clothing and footwear","Base Dec 2016=100","113.7"
"CPA01C01","Consumer Price Index (Base Dec 2016=100)","2011","2011","04","Housing, water, electricity, gas and other fuels","Base Dec 2016=100","97"
"CPA01C01","Consumer Price Index (Base Dec 2016=100)","2011","2011","05","Furnishings, household equipment and routine household maintenance","Base Dec 2016=100","117.8"
"CPA01C01","Consumer Price Index (Base Dec 2016=100)","2011","2011","06","Health","Base Dec 2016=100","97.4"
"CPA01C01","Consumer Price Index (Base Dec 2016=100)","2011","2011","07","Transport","Base Dec 2016=100","105.6"
"CPA01C01","Consumer Price Index (Base Dec 2016=100)","2011","2011","08","Communications","Base Dec 2016=100","109.2"
"CPA01C01","Consumer Price Index (Base Dec 2016=100)","2011","2011","09","Recreation and culture","Base Dec 2016=100","104.6"
"CPA01C01","Consumer Price Index (Base Dec 2016=100)","2011","2011","10","Education","Base Dec 2016=100","76.9"
"CPA01C01","Consumer Price Index (Base Dec 2016=100)","2011","2011","11","Restaurants and hotels","Base Dec 2016=100","92.4"
"CPA01C01","Consumer Price Index (Base Dec 2016=100)","2011","2011","12","Miscellaneous goods and services","Base Dec 2016=100","85.5"
"CPA01C01","Consumer Price Index (Base Dec 2016=100)","2012","2012","-","All items","Base Dec 2016=100","99.9"
"CPA01C01","Consumer Price Index (Base Dec 2016=100)","2012","2012","01","Food and non-alcoholic beverages","Base Dec 2016=100","106.6"
"CPA01C01","Consumer Price Index (Base Dec 2016=100)","2012","2012","02","Alcoholic beverages and tobacco","Base Dec 2016=100","90.5"
"CPA01C01","Consumer Price Index (Base Dec 2016=100)","2012","2012","03","Clothing and footwear","Base Dec 2016=100","113.4"
"CPA01C01","Consumer Price Index (Base Dec 2016=100)","2012","2012","04","Housing, water, electricity, gas and other fuels","Base Dec 2016=100","97.6"
"CPA01C01","Consumer Price Index (Base Dec 2016=100)","2012","2012","05","Furnishings, household equipment and routine household maintenance","Base Dec 2016=100","115"
"CPA01C01","Consumer Price Index (Base Dec 2016=100)","2012","2012","06","Health","Base Dec 2016=100","97.8"
"CPA01C01","Consumer Price Index (Base Dec 2016=100)","2012","2012","07","Transport","Base Dec 2016=100","111.7"
"CPA01C01","Consumer Price Index (Base Dec 2016=100)","2012","2012","08","Communications","Base Dec 2016=100","107.5"
"CPA01C01","Consumer Price Index (Base Dec 2016=100)","2012","2012","09","Recreation and culture","Base Dec 2016=100","103.4"
"CPA01C01","Consumer Price Index (Base Dec 2016=100)","2012","2012","10","Education","Base Dec 2016=100","83.4"
"CPA01C01","Consumer Price Index (Base Dec 2016=100)","2012","2012","11","Restaurants and hotels","Base Dec 2016=100","92.8"
"CPA01C01","Consumer Price Index (Base Dec 2016=100)","2012","2012","12","Miscellaneous goods and services","Base Dec 2016=100","89.6"
"CPA01C01","Consumer Price Index (Base Dec 2016=100)","2013","2013","-","All items","Base Dec 2016=100","100.4"
"CPA01C01","Consumer Price Index (Base Dec 2016=100)","2013","2013","01","Food and non-alcoholic beverages","Base Dec 2016=100","107.7"
"CPA01C01","Consumer Price Index (Base Dec 2016=100)","2013","2013","02","Alcoholic beverages and tobacco","Base Dec 2016=100","95.2"
"CPA01C01","Consumer Price Index (Base Dec 2016=100)","2013","2013","03","Clothing and footwear","Base Dec 2016=100","110"
"CPA01C01","Consumer Price Index (Base Dec 2016=100)","2013","2013","04","Housing, water, electricity, gas and other fuels","Base Dec 2016=100","98.2"
"CPA01C01","Consumer Price Index (Base Dec 2016=100)","2013","2013","05","Furnishings, household equipment and routine household maintenance","Base Dec 2016=100","110.9"
"CPA01C01","Consumer Price Index (Base Dec 2016=100)","2013","2013","06","Health","Base Dec 2016=100","98.7"
"CPA01C01","Consumer Price Index (Base Dec 2016=100)","2013","2013","07","Transport","Base Dec 2016=100","110.3"
"CPA01C01","Consumer Price Index (Base Dec 2016=100)","2013","2013","08","Communications","Base Dec 2016=100","103.6"
"CPA01C01","Consumer Price Index (Base Dec 2016=100)","2013","2013","09","Recreation and culture","Base Dec 2016=100","103.4"
"CPA01C01","Consumer Price Index (Base Dec 2016=100)","2013","2013","10","Education","Base Dec 2016=100","87.3"
"CPA01C01","Consumer Price Index (Base Dec 2016=100)","2013","2013","11","Restaurants and hotels","Base Dec 2016=100","94.6"
"CPA01C01","Consumer Price Index (Base Dec 2016=100)","2013","2013","12","Miscellaneous goods and services","Base Dec 2016=100","91.3"
"CPA01C01","Consumer Price Index (Base Dec 2016=100)","2014","2014","-","All items","Base Dec 2016=100","100.6"
"CPA01C01","Consumer Price Index (Base Dec 2016=100)","2014","2014","01","Food and non-alcoholic beverages","Base Dec 2016=100","105.3"
"CPA01C01","Consumer Price Index (Base Dec 2016=100)","2014","2014","02","Alcoholic beverages and tobacco","Base Dec 2016=100","98.8"
"CPA01C01","Consumer Price Index (Base Dec 2016=100)","2014","2014","03","Clothing and footwear","Base Dec 2016=100","106.5"
"CPA01C01","Consumer Price Index (Base Dec 2016=100)","2014","2014","04","Housing, water, electricity, gas and other fuels","Base Dec 2016=100","98.2"
"CPA01C01","Consumer Price Index (Base Dec 2016=100)","2014","2014","05","Furnishings, household equipment and routine household maintenance","Base Dec 2016=100","107.7"
"CPA01C01","Consumer Price Index (Base Dec 2016=100)","2014","2014","06","Health","Base Dec 2016=100","98.5"
"CPA01C01","Consumer Price Index (Base Dec 2016=100)","2014","2014","07","Transport","Base Dec 2016=100","108.6"
"CPA01C01","Consumer Price Index (Base Dec 2016=100)","2014","2014","08","Communications","Base Dec 2016=100","100.7"
"CPA01C01","Consumer Price Index (Base Dec 2016=100)","2014","2014","09","Recreation and culture","Base Dec 2016=100","102.9"
"CPA01C01","Consumer Price Index (Base Dec 2016=100)","2014","2014","10","Education","Base Dec 2016=100","91.3"
"CPA01C01","Consumer Price Index (Base Dec 2016=100)","2014","2014","11","Restaurants and hotels","Base Dec 2016=100","96.6"
"CPA01C01","Consumer Price Index (Base Dec 2016=100)","2014","2014","12","Miscellaneous goods and services","Base Dec 2016=100","94.4"
"CPA01C01","Consumer Price Index (Base Dec 2016=100)","2015","2015","-","All items","Base Dec 2016=100","100.3"
"CPA01C01","Consumer Price Index (Base Dec 2016=100)","2015","2015","01","Food and non-alcoholic beverages","Base Dec 2016=100","103"
"CPA01C01","Consumer Price Index (Base Dec 2016=100)","2015","2015","02","Alcoholic beverages and tobacco","Base Dec 2016=100","99.2"
"CPA01C01","Consumer Price Index (Base Dec 2016=100)","2015","2015","03","Clothing and footwear","Base Dec 2016=100","102.5"
"CPA01C01","Consumer Price Index (Base Dec 2016=100)","2015","2015","04","Housing, water, electricity, gas and other fuels","Base Dec 2016=100","99.8"
"CPA01C01","Consumer Price Index (Base Dec 2016=100)","2015","2015","05","Furnishings, household equipment and routine household maintenance","Base Dec 2016=100","105.3"
"CPA01C01","Consumer Price Index (Base Dec 2016=100)","2015","2015","06","Health","Base Dec 2016=100","98.5"
"CPA01C01","Consumer Price Index (Base Dec 2016=100)","2015","2015","07","Transport","Base Dec 2016=100","103.4"
"CPA01C01","Consumer Price Index (Base Dec 2016=100)","2015","2015","08","Communications","Base Dec 2016=100","102.4"
"CPA01C01","Consumer Price Index (Base Dec 2016=100)","2015","2015","09","Recreation and culture","Base Dec 2016=100","102.6"
"CPA01C01","Consumer Price Index (Base Dec 2016=100)","2015","2015","10","Education","Base Dec 2016=100","95.6"
"CPA01C01","Consumer Price Index (Base Dec 2016=100)","2015","2015","11","Restaurants and hotels","Base Dec 2016=100","98.2"
"CPA01C01","Consumer Price Index (Base Dec 2016=100)","2015","2015","12","Miscellaneous goods and services","Base Dec 2016=100","95.8"
"CPA01C01","Consumer Price Index (Base Dec 2016=100)","2016","2016","-","All items","Base Dec 2016=100","100.3"
"CPA01C01","Consumer Price Index (Base Dec 2016=100)","2016","2016","01","Food and non-alcoholic beverages","Base Dec 2016=100","101.7"
"CPA01C01","Consumer Price Index (Base Dec 2016=100)","2016","2016","02","Alcoholic beverages and tobacco","Base Dec 2016=100","100.7"
"CPA01C01","Consumer Price Index (Base Dec 2016=100)","2016","2016","03","Clothing and footwear","Base Dec 2016=100","99.9"
"CPA01C01","Consumer Price Index (Base Dec 2016=100)","2016","2016","04","Housing, water, electricity, gas and other fuels","Base Dec 2016=100","99.4"
"CPA01C01","Consumer Price Index (Base Dec 2016=100)","2016","2016","05","Furnishings, household equipment and routine household maintenance","Base Dec 2016=100","101.8"
"CPA01C01","Consumer Price Index (Base Dec 2016=100)","2016","2016","06","Health","Base Dec 2016=100","99.7"
"CPA01C01","Consumer Price Index (Base Dec 2016=100)","2016","2016","07","Transport","Base Dec 2016=100","100.1"
"CPA01C01","Consumer Price Index (Base Dec 2016=100)","2016","2016","08","Communications","Base Dec 2016=100","101.1"
"CPA01C01","Consumer Price Index (Base Dec 2016=100)","2016","2016","09","Recreation and culture","Base Dec 2016=100","101.4"
"CPA01C01","Consumer Price Index (Base Dec 2016=100)","2016","2016","10","Education","Base Dec 2016=100","98.7"
"CPA01C01","Consumer Price Index (Base Dec 2016=100)","2016","2016","11","Restaurants and hotels","Base Dec 2016=100","100.2"
"CPA01C01","Consumer Price Index (Base Dec 2016=100)","2016","2016","12","Miscellaneous goods and services","Base Dec 2016=100","99.9"
"CPA01C01","Consumer Price Index (Base Dec 2016=100)","2017","2017","-","All items","Base Dec 2016=100","100.7"
"CPA01C01","Consumer Price Index (Base Dec 2016=100)","2017","2017","01","Food and non-alcoholic beverages","Base Dec 2016=100","99.5"
"CPA01C01","Consumer Price Index (Base Dec 2016=100)","2017","2017","02","Alcoholic beverages and tobacco","Base Dec 2016=100","101.4"
"CPA01C01","Consumer Price Index (Base Dec 2016=100)","2017","2017","03","Clothing and footwear","Base Dec 2016=100","95.6"
"CPA01C01","Consumer Price Index (Base Dec 2016=100)","2017","2017","04","Housing, water, electricity, gas and other fuels","Base Dec 2016=100","101.4"
"CPA01C01","Consumer Price Index (Base Dec 2016=100)","2017","2017","05","Furnishings, household equipment and routine household maintenance","Base Dec 2016=100","97.6"
"CPA01C01","Consumer Price Index (Base Dec 2016=100)","2017","2017","06","Health","Base Dec 2016=100","101"
"CPA01C01","Consumer Price Index (Base Dec 2016=100)","2017","2017","07","Transport","Base Dec 2016=100","102.2"
"CPA01C01","Consumer Price Index (Base Dec 2016=100)","2017","2017","08","Communications","Base Dec 2016=100","100.9"
"CPA01C01","Consumer Price Index (Base Dec 2016=100)","2017","2017","09","Recreation and culture","Base Dec 2016=100","99.4"
"CPA01C01","Consumer Price Index (Base Dec 2016=100)","2017","2017","10","Education","Base Dec 2016=100","100.4"
"CPA01C01","Consumer Price Index (Base Dec 2016=100)","2017","2017","11","Restaurants and hotels","Base Dec 2016=100","102.5"
"CPA01C01","Consumer Price Index (Base Dec 2016=100)","2017","2017","12","Miscellaneous goods and services","Base Dec 2016=100","100.1"
"CPA01C01","Consumer Price Index (Base Dec 2016=100)","2018","2018","-","All items","Base Dec 2016=100","101.2"
"CPA01C01","Consumer Price Index (Base Dec 2016=100)","2018","2018","01","Food and non-alcoholic beverages","Base Dec 2016=100","97.5"
"CPA01C01","Consumer Price Index (Base Dec 2016=100)","2018","2018","02","Alcoholic beverages and tobacco","Base Dec 2016=100","104.2"
"CPA01C01","Consumer Price Index (Base Dec 2016=100)","2018","2018","03","Clothing and footwear","Base Dec 2016=100","94.2"
"CPA01C01","Consumer Price Index (Base Dec 2016=100)","2018","2018","04","Housing, water, electricity, gas and other fuels","Base Dec 2016=100","106.6"
"CPA01C01","Consumer Price Index (Base Dec 2016=100)","2018","2018","05","Furnishings, household equipment and routine household maintenance","Base Dec 2016=100","93.8"
"CPA01C01","Consumer Price Index (Base Dec 2016=100)","2018","2018","06","Health","Base Dec 2016=100","101.2"
"CPA01C01","Consumer Price Index (Base Dec 2016=100)","2018","2018","07","Transport","Base Dec 2016=100","103"
"CPA01C01","Consumer Price Index (Base Dec 2016=100)","2018","2018","08","Communications","Base Dec 2016=100","100"
"CPA01C01","Consumer Price Index (Base Dec 2016=100)","2018","2018","09","Recreation and culture","Base Dec 2016=100","98.4"
"CPA01C01","Consumer Price Index (Base Dec 2016=100)","2018","2018","10","Education","Base Dec 2016=100","102"
"CPA01C01","Consumer Price Index (Base Dec 2016=100)","2018","2018","11","Restaurants and hotels","Base Dec 2016=100","104.7"
"CPA01C01","Consumer Price Index (Base Dec 2016=100)","2018","2018","12","Miscellaneous goods and services","Base Dec 2016=100","97.1"
"CPA01C01","Consumer Price Index (Base Dec 2016=100)","2019","2019","-","All items","Base Dec 2016=100","102.1"
"CPA01C01","Consumer Price Index (Base Dec 2016=100)","2019","2019","01","Food and non-alcoholic beverages","Base Dec 2016=100","96.9"
"CPA01C01","Consumer Price Index (Base Dec 2016=100)","2019","2019","02","Alcoholic beverages and tobacco","Base Dec 2016=100","107.1"
"CPA01C01","Consumer Price Index (Base Dec 2016=100)","2019","2019","03","Clothing and footwear","Base Dec 2016=100","92.8"
"CPA01C01","Consumer Price Index (Base Dec 2016=100)","2019","2019","04","Housing, water, electricity, gas and other fuels","Base Dec 2016=100","110.6"
"CPA01C01","Consumer Price Index (Base Dec 2016=100)","2019","2019","05","Furnishings, household equipment and routine household maintenance","Base Dec 2016=100","90.8"
"CPA01C01","Consumer Price Index (Base Dec 2016=100)","2019","2019","06","Health","Base Dec 2016=100","102"
"CPA01C01","Consumer Price Index (Base Dec 2016=100)","2019","2019","07","Transport","Base Dec 2016=100","103.2"
"CPA01C01","Consumer Price Index (Base Dec 2016=100)","2019","2019","08","Communications","Base Dec 2016=100","94.7"
"CPA01C01","Consumer Price Index (Base Dec 2016=100)","2019","2019","09","Recreation and culture","Base Dec 2016=100","99.1"
"CPA01C01","Consumer Price Index (Base Dec 2016=100)","2019","2019","10","Education","Base Dec 2016=100","104.4"
"CPA01C01","Consumer Price Index (Base Dec 2016=100)","2019","2019","11","Restaurants and hotels","Base Dec 2016=100","107.8"
"CPA01C01","Consumer Price Index (Base Dec 2016=100)","2019","2019","12","Miscellaneous goods and services","Base Dec 2016=100","97"
"CPA01C01","Consumer Price Index (Base Dec 2016=100)","2020","2020","-","All items","Base Dec 2016=100","101.8"
"CPA01C01","Consumer Price Index (Base Dec 2016=100)","2020","2020","01","Food and non-alcoholic beverages","Base Dec 2016=100","95.5"
"CPA01C01","Consumer Price Index (Base Dec 2016=100)","2020","2020","02","Alcoholic beverages and tobacco","Base Dec 2016=100","109.7"
"CPA01C01","Consumer Price Index (Base Dec 2016=100)","2020","2020","03","Clothing and footwear","Base Dec 2016=100","89.4"
"CPA01C01","Consumer Price Index (Base Dec 2016=100)","2020","2020","04","Housing, water, electricity, gas and other fuels","Base Dec 2016=100","109.5"
"CPA01C01","Consumer Price Index (Base Dec 2016=100)","2020","2020","05","Furnishings, household equipment and routine household maintenance","Base Dec 2016=100","88"
"CPA01C01","Consumer Price Index (Base Dec 2016=100)","2020","2020","06","Health","Base Dec 2016=100","104.9"
"CPA01C01","Consumer Price Index (Base Dec 2016=100)","2020","2020","07","Transport","Base Dec 2016=100","101.5"
"CPA01C01","Consumer Price Index (Base Dec 2016=100)","2020","2020","08","Communications","Base Dec 2016=100","88.1"
"CPA01C01","Consumer Price Index (Base Dec 2016=100)","2020","2020","09","Recreation and culture","Base Dec 2016=100","100.5"
"CPA01C01","Consumer Price Index (Base Dec 2016=100)","2020","2020","10","Education","Base Dec 2016=100","107.5"
"CPA01C01","Consumer Price Index (Base Dec 2016=100)","2020","2020","11","Restaurants and hotels","Base Dec 2016=100","109"
"CPA01C01","Consumer Price Index (Base Dec 2016=100)","2020","2020","12","Miscellaneous goods and services","Base Dec 2016=100","97.9"
"CPA01C01","Consumer Price Index (Base Dec 2016=100)","2021","2021","-","All items","Base Dec 2016=100","104.2"
"CPA01C01","Consumer Price Index (Base Dec 2016=100)","2021","2021","01","Food and non-alcoholic beverages","Base Dec 2016=100","95.3"
"CPA01C01","Consumer Price Index (Base Dec 2016=100)","2021","2021","02","Alcoholic beverages and tobacco","Base Dec 2016=100","112.2"
"CPA01C01","Consumer Price Index (Base Dec 2016=100)","2021","2021","03","Clothing and footwear","Base Dec 2016=100","86.6"
"CPA01C01","Consumer Price Index (Base Dec 2016=100)","2021","2021","04","Housing, water, electricity, gas and other fuels","Base Dec 2016=100","115.6"
"CPA01C01","Consumer Price Index (Base Dec 2016=100)","2021","2021","05","Furnishings, household equipment and routine household maintenance","Base Dec 2016=100","87.7"
"CPA01C01","Consumer Price Index (Base Dec 2016=100)","2021","2021","06","Health","Base Dec 2016=100","106.6"
"CPA01C01","Consumer Price Index (Base Dec 2016=100)","2021","2021","07","Transport","Base Dec 2016=100","107.9"
"CPA01C01","Consumer Price Index (Base Dec 2016=100)","2021","2021","08","Communications","Base Dec 2016=100","88.4"
"CPA01C01","Consumer Price Index (Base Dec 2016=100)","2021","2021","09","Recreation and culture","Base Dec 2016=100","101.6"
"CPA01C01","Consumer Price Index (Base Dec 2016=100)","2021","2021","10","Education","Base Dec 2016=100","107.7"
"CPA01C01","Consumer Price Index (Base Dec 2016=100)","2021","2021","11","Restaurants and hotels","Base Dec 2016=100","112.4"
"CPA01C01","Consumer Price Index (Base Dec 2016=100)","2021","2021","12","Miscellaneous goods and services","Base Dec 2016=100","98"
"CPA01C01","Consumer Price Index (Base Dec 2016=100)","2022","2022","-","All items","Base Dec 2016=100","112.3"
"CPA01C01","Consumer Price Index (Base Dec 2016=100)","2022","2022","01","Food and non-alcoholic beverages","Base Dec 2016=100","101.8"
"CPA01C01","Consumer Price Index (Base Dec 2016=100)","2022","2022","02","Alcoholic beverages and tobacco","Base Dec 2016=100","121.2"
"CPA01C01","Consumer Price Index (Base Dec 2016=100)","2022","2022","03","Clothing and footwear","Base Dec 2016=100","88.5"
"CPA01C01","Consumer Price Index (Base Dec 2016=100)","2022","2022","04","Housing, water, electricity, gas and other fuels","Base Dec 2016=100","139.5"
"CPA01C01","Consumer Price Index (Base Dec 2016=100)","2022","2022","05","Furnishings, household equipment and routine household maintenance","Base Dec 2016=100","90.7"
"CPA01C01","Consumer Price Index (Base Dec 2016=100)","2022","2022","06","Health","Base Dec 2016=100","107.8"
"CPA01C01","Consumer Price Index (Base Dec 2016=100)","2022","2022","07","Transport","Base Dec 2016=100","122.9"
"CPA01C01","Consumer Price Index (Base Dec 2016=100)","2022","2022","08","Communications","Base Dec 2016=100","91"
"CPA01C01","Consumer Price Index (Base Dec 2016=100)","2022","2022","09","Recreation and culture","Base Dec 2016=100","104.3"
"CPA01C01","Consumer Price Index (Base Dec 2016=100)","2022","2022","10","Education","Base Dec 2016=100","105.3"
"CPA01C01","Consumer Price Index (Base Dec 2016=100)","2022","2022","11","Restaurants and hotels","Base Dec 2016=100","119.1"
"CPA01C01","Consumer Price Index (Base Dec 2016=100)","2022","2022","12","Miscellaneous goods and services","Base Dec 2016=100","97.2"
"CPA01C01","Consumer Price Index (Base Dec 2016=100)","2023","2023","-","All items","Base Dec 2016=100","119.4"
"CPA01C01","Consumer Price Index (Base Dec 2016=100)","2023","2023","01","Food and non-alcoholic beverages","Base Dec 2016=100","111.8"
"CPA01C01","Consumer Price Index (Base Dec 2016=100)","2023","2023","02","Alcoholic beverages and tobacco","Base Dec 2016=100","126.8"
"CPA01C01","Consumer Price Index (Base Dec 2016=100)","2023","2023","03","Clothing and footwear","Base Dec 2016=100","91.5"
"CPA01C01","Consumer Price Index (Base Dec 2016=100)","2023","2023","04","Housing, water, electricity, gas and other fuels","Base Dec 2016=100","161.2"
"CPA01C01","Consumer Price Index (Base Dec 2016=100)","2023","2023","05","Furnishings, household equipment and routine household maintenance","Base Dec 2016=100","92.9"
"CPA01C01","Consumer Price Index (Base Dec 2016=100)","2023","2023","06","Health","Base Dec 2016=100","111"
"CPA01C01","Consumer Price Index (Base Dec 2016=100)","2023","2023","07","Transport","Base Dec 2016=100","122.5"
"CPA01C01","Consumer Price Index (Base Dec 2016=100)","2023","2023","08","Communications","Base Dec 2016=100","92.1"
"CPA01C01","Consumer Price Index (Base Dec 2016=100)","2023","2023","09","Recreation and culture","Base Dec 2016=100","112.4"
"CPA01C01","Consumer Price Index (Base Dec 2016=100)","2023","2023","10","Education","Base Dec 2016=100","100.7"
"CPA01C01","Consumer Price Index (Base Dec 2016=100)","2023","2023","11","Restaurants and hotels","Base Dec 2016=100","128.4"
"CPA01C01","Consumer Price Index (Base Dec 2016=100)","2023","2023","12","Miscellaneous goods and services","Base Dec 2016=100","98.4"
"CPA01C01","Consumer Price Index (Base Dec 2016=100)","2024","2024","-","All items","Base Dec 2016=100","121.9"
"CPA01C01","Consumer Price Index (Base Dec 2016=100)","2024","2024","01","Food and non-alcoholic beverages","Base Dec 2016=100","114.7"
"CPA01C01","Consumer Price Index (Base Dec 2016=100)","2024","2024","02","Alcoholic beverages and tobacco","Base Dec 2016=100","131.5"
"CPA01C01","Consumer Price Index (Base Dec 2016=100)","2024","2024","03","Clothing and footwear","Base Dec 2016=100","85.9"
"CPA01C01","Consumer Price Index (Base Dec 2016=100)","2024","2024","04","Housing, water, electricity, gas and other fuels","Base Dec 2016=100","161.7"
"CPA01C01","Consumer Price Index (Base Dec 2016=100)","2024","2024","05","Furnishings, household equipment and routine household maintenance","Base Dec 2016=100","92.2"
"CPA01C01","Consumer Price Index (Base Dec 2016=100)","2024","2024","06","Health","Base Dec 2016=100","113.2"
"CPA01C01","Consumer Price Index (Base Dec 2016=100)","2024","2024","07","Transport","Base Dec 2016=100","125.7"
"CPA01C01","Consumer Price Index (Base Dec 2016=100)","2024","2024","08","Communications","Base Dec 2016=100","93.1"
"CPA01C01","Consumer Price Index (Base Dec 2016=100)","2024","2024","09","Recreation and culture","Base Dec 2016=100","117.4"
"CPA01C01","Consumer Price Index (Base Dec 2016=100)","2024","2024","10","Education","Base Dec 2016=100","102.8"
"CPA01C01","Consumer Price Index (Base Dec 2016=100)","2024","2024","11","Restaurants and hotels","Base Dec 2016=100","134.4"
"CPA01C01","Consumer Price Index (Base Dec 2016=100)","2024","2024","12","Miscellaneous goods and services","Base Dec 2016=100","101.5"
"CPA01C02","Consumer Price Index (Base Dec 2011=100)","1975","1975","-","All items","Base Dec 2011=100","15.1"
"CPA01C02","Consumer Price Index (Base Dec 2011=100)","1975","1975","01","Food and non-alcoholic beverages","Base Dec 2011=100",""
"CPA01C02","Consumer Price Index (Base Dec 2011=100)","1975","1975","02","Alcoholic beverages and tobacco","Base Dec 2011=100",""
"CPA01C02","Consumer Price Index (Base Dec 2011=100)","1975","1975","03","Clothing and footwear","Base Dec 2011=100",""
"CPA01C02","Consumer Price Index (Base Dec 2011=100)","1975","1975","04","Housing, water, electricity, gas and other fuels","Base Dec 2011=100",""
"CPA01C02","Consumer Price Index (Base Dec 2011=100)","1975","1975","05","Furnishings, household equipment and routine household maintenance","Base Dec 2011=100",""
"CPA01C02","Consumer Price Index (Base Dec 2011=100)","1975","1975","06","Health","Base Dec 2011=100",""
"CPA01C02","Consumer Price Index (Base Dec 2011=100)","1975","1975","07","Transport","Base Dec 2011=100",""
"CPA01C02","Consumer Price Index (Base Dec 2011=100)","1975","1975","08","Communications","Base Dec 2011=100",""
"CPA01C02","Consumer Price Index (Base Dec 2011=100)","1975","1975","09","Recreation and culture","Base Dec 2011=100",""
"CPA01C02","Consumer Price Index (Base Dec 2011=100)","1975","1975","10","Education","Base Dec 2011=100",""
"CPA01C02","Consumer Price Index (Base Dec 2011=100)","1975","1975","11","Restaurants and hotels","Base Dec 2011=100",""
"CPA01C02","Consumer Price Index (Base Dec 2011=100)","1975","1975","12","Miscellaneous goods and services","Base Dec 2011=100",""
"CPA01C02","Consumer Price Index (Base Dec 2011=100)","1976","1976","-","All items","Base Dec 2011=100","17.3"
"CPA01C02","Consumer Price Index (Base Dec 2011=100)","1976","1976","01","Food and non-alcoholic beverages","Base Dec 2011=100",""
"CPA01C02","Consumer Price Index (Base Dec 2011=100)","1976","1976","02","Alcoholic beverages and tobacco","Base Dec 2011=100",""
"CPA01C02","Consumer Price Index (Base Dec 2011=100)","1976","1976","03","Clothing and footwear","Base Dec 2011=100",""
"CPA01C02","Consumer Price Index (Base Dec 2011=100)","1976","1976","04","Housing, water, electricity, gas and other fuels","Base Dec 2011=100",""
"CPA01C02","Consumer Price Index (Base Dec 2011=100)","1976","1976","05","Furnishings, household equipment and routine household maintenance","Base Dec 2011=100",""
"CPA01C02","Consumer Price Index (Base Dec 2011=100)","1976","1976","06","Health","Base Dec 2011=100",""
"CPA01C02","Consumer Price Index (Base Dec 2011=100)","1976","1976","07","Transport","Base Dec 2011=100",""
"CPA01C02","Consumer Price Index (Base Dec 2011=100)","1976","1976","08","Communications","Base Dec 2011=100",""
"CPA01C02","Consumer Price Index (Base Dec 2011=100)","1976","1976","09","Recreation and culture","Base Dec 2011=100",""
"CPA01C02","Consumer Price Index (Base Dec 2011=100)","1976","1976","10","Education","Base Dec 2011=100",""
"CPA01C02","Consumer Price Index (Base Dec 2011=100)","1976","1976","11","Restaurants and hotels","Base Dec 2011=100",""
"CPA01C02","Consumer Price Index (Base Dec 2011=100)","1976","1976","12","Miscellaneous goods and services","Base Dec 2011=100",""
"CPA01C02","Consumer Price Index (Base Dec 2011=100)","1977","1977","-","All items","Base Dec 2011=100","19.6"
"CPA01C02","Consumer Price Index (Base Dec 2011=100)","1977","1977","01","Food and non-alcoholic beverages","Base Dec 2011=100",""
"CPA01C02","Consumer Price Index (Base Dec 2011=100)","1977","1977","02","Alcoholic beverages and tobacco","Base Dec 2011=100",""
"CPA01C02","Consumer Price Index (Base Dec 2011=100)","1977","1977","03","Clothing and footwear","Base Dec 2011=100",""
"CPA01C02","Consumer Price Index (Base Dec 2011=100)","1977","1977","04","Housing, water, electricity, gas and other fuels","Base Dec 2011=100",""
"CPA01C02","Consumer Price Index (Base Dec 2011=100)","1977","1977","05","Furnishings, household equipment and routine household maintenance","Base Dec 2011=100",""
"CPA01C02","Consumer Price Index (Base Dec 2011=100)","1977","1977","06","Health","Base Dec 2011=100",""
"CPA01C02","Consumer Price Index (Base Dec 2011=100)","1977","1977","07","Transport","Base Dec 2011=100",""
"CPA01C02","Consumer Price Index (Base Dec 2011=100)","1977","1977","08","Communications","Base Dec 2011=100",""
"CPA01C02","Consumer Price Index (Base Dec 2011=100)","1977","1977","09","Recreation and culture","Base Dec 2011=100",""
"CPA01C02","Consumer Price Index (Base Dec 2011=100)","1977","1977","10","Education","Base Dec 2011=100",""
"CPA01C02","Consumer Price Index (Base Dec 2011=100)","1977","1977","11","Restaurants and hotels","Base Dec 2011=100",""
"CPA01C02","Consumer Price Index (Base Dec 2011=100)","1977","1977","12","Miscellaneous goods and services","Base Dec 2011=100",""
"CPA01C02","Consumer Price Index (Base Dec 2011=100)","1978","1978","-","All items","Base Dec 2011=100","21.1"
"CPA01C02","Consumer Price Index (Base Dec 2011=100)","1978","1978","01","Food and non-alcoholic beverages","Base Dec 2011=100",""
"CPA01C02","Consumer Price Index (Base Dec 2011=100)","1978","1978","02","Alcoholic beverages and tobacco","Base Dec 2011=100",""
"CPA01C02","Consumer Price Index (Base Dec 2011=100)","1978","1978","03","Clothing and footwear","Base Dec 2011=100",""
"CPA01C02","Consumer Price Index (Base Dec 2011=100)","1978","1978","04","Housing, water, electricity, gas and other fuels","Base Dec 2011=100",""
"CPA01C02","Consumer Price Index (Base Dec 2011=100)","1978","1978","05","Furnishings, household equipment and routine household maintenance","Base Dec 2011=100",""
"CPA01C02","Consumer Price Index (Base Dec 2011=100)","1978","1978","06","Health","Base Dec 2011=100",""
"CPA01C02","Consumer Price Index (Base Dec 2011=100)","1978","1978","07","Transport","Base Dec 2011=100",""
"CPA01C02","Consumer Price Index (Base Dec 2011=100)","1978","1978","08","Communications","Base Dec 2011=100",""
"CPA01C02","Consumer Price Index (Base Dec 2011=100)","1978","1978","09","Recreation and culture","Base Dec 2011=100",""
"CPA01C02","Consumer Price Index (Base Dec 2011=100)","1978","1978","10","Education","Base Dec 2011=100",""
"CPA01C02","Consumer Price Index (Base Dec 2011=100)","1978","1978","11","Restaurants and hotels","Base Dec 2011=100",""
"CPA01C02","Consumer Price Index (Base Dec 2011=100)","1978","1978","12","Miscellaneous goods and services","Base Dec 2011=100",""
"CPA01C02","Consumer Price Index (Base Dec 2011=100)","1979","1979","-","All items","Base Dec 2011=100","23.9"
"CPA01C02","Consumer Price Index (Base Dec 2011=100)","1979","1979","01","Food and non-alcoholic beverages","Base Dec 2011=100",""
"CPA01C02","Consumer Price Index (Base Dec 2011=100)","1979","1979","02","Alcoholic beverages and tobacco","Base Dec 2011=100",""
"CPA01C02","Consumer Price Index (Base Dec 2011=100)","1979","1979","03","Clothing and footwear","Base Dec 2011=100",""
"CPA01C02","Consumer Price Index (Base Dec 2011=100)","1979","1979","04","Housing, water, electricity, gas and other fuels","Base Dec 2011=100",""
"CPA01C02","Consumer Price Index (Base Dec 2011=100)","1979","1979","05","Furnishings, household equipment and routine household maintenance","Base Dec 2011=100",""
"CPA01C02","Consumer Price Index (Base Dec 2011=100)","1979","1979","06","Health","Base Dec 2011=100",""
"CPA01C02","Consumer Price Index (Base Dec 2011=100)","1979","1979","07","Transport","Base Dec 2011=100",""
"CPA01C02","Consumer Price Index (Base Dec 2011=100)","1979","1979","08","Communications","Base Dec 2011=100",""
"CPA01C02","Consumer Price Index (Base Dec 2011=100)","1979","1979","09","Recreation and culture","Base Dec 2011=100",""
"CPA01C02","Consumer Price Index (Base Dec 2011=100)","1979","1979","10","Education","Base Dec 2011=100",""
"CPA01C02","Consumer Price Index (Base Dec 2011=100)","1979","1979","11","Restaurants and hotels","Base Dec 2011=100",""
"CPA01C02","Consumer Price Index (Base Dec 2011=100)","1979","1979","12","Miscellaneous goods and services","Base Dec 2011=100",""
"CPA01C02","Consumer Price Index (Base Dec 2011=100)","1980","1980","-","All items","Base Dec 2011=100","28.2"
"CPA01C02","Consumer Price Index (Base Dec 2011=100)","1980","1980","01","Food and non-alcoholic beverages","Base Dec 2011=100",""
"CPA01C02","Consumer Price Index (Base Dec 2011=100)","1980","1980","02","Alcoholic beverages and tobacco","Base Dec 2011=100",""
"CPA01C02","Consumer Price Index (Base Dec 2011=100)","1980","1980","03","Clothing and footwear","Base Dec 2011=100",""
"CPA01C02","Consumer Price Index (Base Dec 2011=100)","1980","1980","04","Housing, water, electricity, gas and other fuels","Base Dec 2011=100",""
"CPA01C02","Consumer Price Index (Base Dec 2011=100)","1980","1980","05","Furnishings, household equipment and routine household maintenance","Base Dec 2011=100",""
"CPA01C02","Consumer Price Index (Base Dec 2011=100)","1980","1980","06","Health","Base Dec 2011=100",""
"CPA01C02","Consumer Price Index (Base Dec 2011=100)","1980","1980","07","Transport","Base Dec 2011=100",""
"CPA01C02","Consumer Price Index (Base Dec 2011=100)","1980","1980","08","Communications","Base Dec 2011=100",""
"CPA01C02","Consumer Price Index (Base Dec 2011=100)","1980","1980","09","Recreation and culture","Base Dec 2011=100",""
"CPA01C02","Consumer Price Index (Base Dec 2011=100)","1980","1980","10","Education","Base Dec 2011=100",""
"CPA01C02","Consumer Price Index (Base Dec 2011=100)","1980","1980","11","Restaurants and hotels","Base Dec 2011=100",""
"CPA01C02","Consumer Price Index (Base Dec 2011=100)","1980","1980","12","Miscellaneous goods and services","Base Dec 2011=100",""
"CPA01C02","Consumer Price Index (Base Dec 2011=100)","1981","1981","-","All items","Base Dec 2011=100","34"
"CPA01C02","Consumer Price Index (Base Dec 2011=100)","1981","1981","01","Food and non-alcoholic beverages","Base Dec 2011=100",""
"CPA01C02","Consumer Price Index (Base Dec 2011=100)","1981","1981","02","Alcoholic beverages and tobacco","Base Dec 2011=100",""
"CPA01C02","Consumer Price Index (Base Dec 2011=100)","1981","1981","03","Clothing and footwear","Base Dec 2011=100",""
"CPA01C02","Consumer Price Index (Base Dec 2011=100)","1981","1981","04","Housing, water, electricity, gas and other fuels","Base Dec 2011=100",""
"CPA01C02","Consumer Price Index (Base Dec 2011=100)","1981","1981","05","Furnishings, household equipment and routine household maintenance","Base Dec 2011=100",""
"CPA01C02","Consumer Price Index (Base Dec 2011=100)","1981","1981","06","Health","Base Dec 2011=100",""
"CPA01C02","Consumer Price Index (Base Dec 2011=100)","1981","1981","07","Transport","Base Dec 2011=100",""
"CPA01C02","Consumer Price Index (Base Dec 2011=100)","1981","1981","08","Communications","Base Dec 2011=100",""
"CPA01C02","Consumer Price Index (Base Dec 2011=100)","1981","1981","09","Recreation and culture","Base Dec 2011=100",""
"CPA01C02","Consumer Price Index (Base Dec 2011=100)","1981","1981","10","Education","Base Dec 2011=100",""
"CPA01C02","Consumer Price Index (Base Dec 2011=100)","1981","1981","11","Restaurants and hotels","Base Dec 2011=100",""
"CPA01C02","Consumer Price Index (Base Dec 2011=100)","1981","1981","12","Miscellaneous goods and services","Base Dec 2011=100",""
"CPA01C02","Consumer Price Index (Base Dec 2011=100)","1982","1982","-","All items","Base Dec 2011=100","39.8"
"CPA01C02","Consumer Price Index (Base Dec 2011=100)","1982","1982","01","Food and non-alcoholic beverages","Base Dec 2011=100",""
"CPA01C02","Consumer Price Index (Base Dec 2011=100)","1982","1982","02","Alcoholic beverages and tobacco","Base Dec 2011=100",""
"CPA01C02","Consumer Price Index (Base Dec 2011=100)","1982","1982","03","Clothing and footwear","Base Dec 2011=100",""
"CPA01C02","Consumer Price Index (Base Dec 2011=100)","1982","1982","04","Housing, water, electricity, gas and other fuels","Base Dec 2011=100",""
"CPA01C02","Consumer Price Index (Base Dec 2011=100)","1982","1982","05","Furnishings, household equipment and routine household maintenance","Base Dec 2011=100",""
"CPA01C02","Consumer Price Index (Base Dec 2011=100)","1982","1982","06","Health","Base Dec 2011=100",""
"CPA01C02","Consumer Price Index (Base Dec 2011=100)","1982","1982","07","Transport","Base Dec 2011=100",""
"CPA01C02","Consumer Price Index (Base Dec 2011=100)","1982","1982","08","Communications","Base Dec 2011=100",""
"CPA01C02","Consumer Price Index (Base Dec 2011=100)","1982","1982","09","Recreation and culture","Base Dec 2011=100",""
"CPA01C02","Consumer Price Index (Base Dec 2011=100)","1982","1982","10","Education","Base Dec 2011=100",""
"CPA01C02","Consumer Price Index (Base Dec 2011=100)","1982","1982","11","Restaurants and hotels","Base Dec 2011=100",""
"CPA01C02","Consumer Price Index (Base Dec 2011=100)","1982","1982","12","Miscellaneous goods and services","Base Dec 2011=100",""
"CPA01C02","Consumer Price Index (Base Dec 2011=100)","1983","1983","-","All items","Base Dec 2011=100","43.9"
"CPA01C02","Consumer Price Index (Base Dec 2011=100)","1983","1983","01","Food and non-alcoholic beverages","Base Dec 2011=100",""
"CPA01C02","Consumer Price Index (Base Dec 2011=100)","1983","1983","02","Alcoholic beverages and tobacco","Base Dec 2011=100",""
"CPA01C02","Consumer Price Index (Base Dec 2011=100)","1983","1983","03","Clothing and footwear","Base Dec 2011=100",""
"CPA01C02","Consumer Price Index (Base Dec 2011=100)","1983","1983","04","Housing, water, electricity, gas and other fuels","Base Dec 2011=100",""
"CPA01C02","Consumer Price Index (Base Dec 2011=100)","1983","1983","05","Furnishings, household equipment and routine household maintenance","Base Dec 2011=100",""
"CPA01C02","Consumer Price Index (Base Dec 2011=100)","1983","1983","06","Health","Base Dec 2011=100",""
"CPA01C02","Consumer Price Index (Base Dec 2011=100)","1983","1983","07","Transport","Base Dec 2011=100",""
"CPA01C02","Consumer Price Index (Base Dec 2011=100)","1983","1983","08","Communications","Base Dec 2011=100",""
"CPA01C02","Consumer Price Index (Base Dec 2011=100)","1983","1983","09","Recreation and culture","Base Dec 2011=100",""
"CPA01C02","Consumer Price Index (Base Dec 2011=100)","1983","1983","10","Education","Base Dec 2011=100",""
"CPA01C02","Consumer Price Index (Base Dec 2011=100)","1983","1983","11","Restaurants and hotels","Base Dec 2011=100",""
"CPA01C02","Consumer Price Index (Base Dec 2011=100)","1983","1983","12","Miscellaneous goods and services","Base Dec 2011=100",""
"CPA01C02","Consumer Price Index (Base Dec 2011=100)","1984","1984","-","All items","Base Dec 2011=100","47.7"
"CPA01C02","Consumer Price Index (Base Dec 2011=100)","1984","1984","01","Food and non-alcoholic beverages","Base Dec 2011=100",""
"CPA01C02","Consumer Price Index (Base Dec 2011=100)","1984","1984","02","Alcoholic beverages and tobacco","Base Dec 2011=100",""
"CPA01C02","Consumer Price Index (Base Dec 2011=100)","1984","1984","03","Clothing and footwear","Base Dec 2011=100",""
"CPA01C02","Consumer Price Index (Base Dec 2011=100)","1984","1984","04","Housing, water, electricity, gas and other fuels","Base Dec 2011=100",""
"CPA01C02","Consumer Price Index (Base Dec 2011=100)","1984","1984","05","Furnishings, household equipment and routine household maintenance","Base Dec 2011=100",""
"CPA01C02","Consumer Price Index (Base Dec 2011=100)","1984","1984","06","Health","Base Dec 2011=100",""
"CPA01C02","Consumer Price Index (Base Dec 2011=100)","1984","1984","07","Transport","Base Dec 2011=100",""
"CPA01C02","Consumer Price Index (Base Dec 2011=100)","1984","1984","08","Communications","Base Dec 2011=100",""
"CPA01C02","Consumer Price Index (Base Dec 2011=100)","1984","1984","09","Recreation and culture","Base Dec 2011=100",""
"CPA01C02","Consumer Price Index (Base Dec 2011=100)","1984","1984","10","Education","Base Dec 2011=100",""
"CPA01C02","Consumer Price Index (Base Dec 2011=100)","1984","1984","11","Restaurants and hotels","Base Dec 2011=100",""
"CPA01C02","Consumer Price Index (Base Dec 2011=100)","1984","1984","12","Miscellaneous goods and services","Base Dec 2011=100",""
"CPA01C02","Consumer Price Index (Base Dec 2011=100)","1985","1985","-","All items","Base Dec 2011=100","50.3"
"CPA01C02","Consumer Price Index (Base Dec 2011=100)","1985","1985","01","Food and non-alcoholic beverages","Base Dec 2011=100",""
"CPA01C02","Consumer Price Index (Base Dec 2011=100)","1985","1985","02","Alcoholic beverages and tobacco","Base Dec 2011=100",""
"CPA01C02","Consumer Price Index (Base Dec 2011=100)","1985","1985","03","Clothing and footwear","Base Dec 2011=100",""
"CPA01C02","Consumer Price Index (Base Dec 2011=100)","1985","1985","04","Housing, water, electricity, gas and other fuels","Base Dec 2011=100",""
"CPA01C02","Consumer Price Index (Base Dec 2011=100)","1985","1985","05","Furnishings, household equipment and routine household maintenance","Base Dec 2011=100",""
"CPA01C02","Consumer Price Index (Base Dec 2011=100)","1985","1985","06","Health","Base Dec 2011=100",""
"CPA01C02","Consumer Price Index (Base Dec 2011=100)","1985","1985","07","Transport","Base Dec 2011=100",""
"CPA01C02","Consumer Price Index (Base Dec 2011=100)","1985","1985","08","Communications","Base Dec 2011=100",""
"CPA01C02","Consumer Price Index (Base Dec 2011=100)","1985","1985","09","Recreation and culture","Base Dec 2011=100",""
"CPA01C02","Consumer Price Index (Base Dec 2011=100)","1985","1985","10","Education","Base Dec 2011=100",""
"CPA01C02","Consumer Price Index (Base Dec 2011=100)","1985","1985","11","Restaurants and hotels","Base Dec 2011=100",""
"CPA01C02","Consumer Price Index (Base Dec 2011=100)","1985","1985","12","Miscellaneous goods and services","Base Dec 2011=100",""
"CPA01C02","Consumer Price Index (Base Dec 2011=100)","1986","1986","-","All items","Base Dec 2011=100","52.2"
"CPA01C02","Consumer Price Index (Base Dec 2011=100)","1986","1986","01","Food and non-alcoholic beverages","Base Dec 2011=100",""
"CPA01C02","Consumer Price Index (Base Dec 2011=100)","1986","1986","02","Alcoholic beverages and tobacco","Base Dec 2011=100",""
"CPA01C02","Consumer Price Index (Base Dec 2011=100)","1986","1986","03","Clothing and footwear","Base Dec 2011=100",""
"CPA01C02","Consumer Price Index (Base Dec 2011=100)","1986","1986","04","Housing, water, electricity, gas and other fuels","Base Dec 2011=100",""
"CPA01C02","Consumer Price Index (Base Dec 2011=100)","1986","1986","05","Furnishings, household equipment and routine household maintenance","Base Dec 2011=100",""
"CPA01C02","Consumer Price Index (Base Dec 2011=100)","1986","1986","06","Health","Base Dec 2011=100",""
"CPA01C02","Consumer Price Index (Base Dec 2011=100)","1986","1986","07","Transport","Base Dec 2011=100",""
"CPA01C02","Consumer Price Index (Base Dec 2011=100)","1986","1986","08","Communications","Base Dec 2011=100",""
"CPA01C02","Consumer Price Index (Base Dec 2011=100)","1986","1986","09","Recreation and culture","Base Dec 2011=100",""
"CPA01C02","Consumer Price Index (Base Dec 2011=100)","1986","1986","10","Education","Base Dec 2011=100",""
"CPA01C02","Consumer Price Index (Base Dec 2011=100)","1986","1986","11","Restaurants and hotels","Base Dec 2011=100",""
"CPA01C02","Consumer Price Index (Base Dec 2011=100)","1986","1986","12","Miscellaneous goods and services","Base Dec 2011=100",""
"CPA01C02","Consumer Price Index (Base Dec 2011=100)","1987","1987","-","All items","Base Dec 2011=100","53.9"
"CPA01C02","Consumer Price Index (Base Dec 2011=100)","1987","1987","01","Food and non-alcoholic beverages","Base Dec 2011=100",""
"CPA01C02","Consumer Price Index (Base Dec 2011=100)","1987","1987","02","Alcoholic beverages and tobacco","Base Dec 2011=100",""
"CPA01C02","Consumer Price Index (Base Dec 2011=100)","1987","1987","03","Clothing and footwear","Base Dec 2011=100",""
"CPA01C02","Consumer Price Index (Base Dec 2011=100)","1987","1987","04","Housing, water, electricity, gas and other fuels","Base Dec 2011=100",""
"CPA01C02","Consumer Price Index (Base Dec 2011=100)","1987","1987","05","Furnishings, household equipment and routine household maintenance","Base Dec 2011=100",""
"CPA01C02","Consumer Price Index (Base Dec 2011=100)","1987","1987","06","Health","Base Dec 2011=100",""
"CPA01C02","Consumer Price Index (Base Dec 2011=100)","1987","1987","07","Transport","Base Dec 2011=100",""
"CPA01C02","Consumer Price Index (Base Dec 2011=100)","1987","1987","08","Communications","Base Dec 2011=100",""
"CPA01C02","Consumer Price Index (Base Dec 2011=100)","1987","1987","09","Recreation and culture","Base Dec 2011=100",""
"CPA01C02","Consumer Price Index (Base Dec 2011=100)","1987","1987","10","Education","Base Dec 2011=100",""
"CPA01C02","Consumer Price Index (Base Dec 2011=100)","1987","1987","11","Restaurants and hotels","Base Dec 2011=100",""
"CPA01C02","Consumer Price Index (Base Dec 2011=100)","1987","1987","12","Miscellaneous goods and services","Base Dec 2011=100",""
"CPA01C02","Consumer Price Index (Base Dec 2011=100)","1988","1988","-","All items","Base Dec 2011=100","55"
"CPA01C02","Consumer Price Index (Base Dec 2011=100)","1988","1988","01","Food and non-alcoholic beverages","Base Dec 2011=100",""
"CPA01C02","Consumer Price Index (Base Dec 2011=100)","1988","1988","02","Alcoholic beverages and tobacco","Base Dec 2011=100",""
"CPA01C02","Consumer Price Index (Base Dec 2011=100)","1988","1988","03","Clothing and footwear","Base Dec 2011=100",""
"CPA01C02","Consumer Price Index (Base Dec 2011=100)","1988","1988","04","Housing, water, electricity, gas and other fuels","Base Dec 2011=100",""
"CPA01C02","Consumer Price Index (Base Dec 2011=100)","1988","1988","05","Furnishings, household equipment and routine household maintenance","Base Dec 2011=100",""
"CPA01C02","Consumer Price Index (Base Dec 2011=100)","1988","1988","06","Health","Base Dec 2011=100",""
"CPA01C02","Consumer Price Index (Base Dec 2011=100)","1988","1988","07","Transport","Base Dec 2011=100",""
"CPA01C02","Consumer Price Index (Base Dec 2011=100)","1988","1988","08","Communications","Base Dec 2011=100",""
"CPA01C02","Consumer Price Index (Base Dec 2011=100)","1988","1988","09","Recreation and culture","Base Dec 2011=100",""
"CPA01C02","Consumer Price Index (Base Dec 2011=100)","1988","1988","10","Education","Base Dec 2011=100",""
"CPA01C02","Consumer Price Index (Base Dec 2011=100)","1988","1988","11","Restaurants and hotels","Base Dec 2011=100",""
"CPA01C02","Consumer Price Index (Base Dec 2011=100)","1988","1988","12","Miscellaneous goods and services","Base Dec 2011=100",""
"CPA01C02","Consumer Price Index (Base Dec 2011=100)","1989","1989","-","All items","Base Dec 2011=100","57.3"
"CPA01C02","Consumer Price Index (Base Dec 2011=100)","1989","1989","01","Food and non-alcoholic beverages","Base Dec 2011=100",""
"CPA01C02","Consumer Price Index (Base Dec 2011=100)","1989","1989","02","Alcoholic beverages and tobacco","Base Dec 2011=100",""
"CPA01C02","Consumer Price Index (Base Dec 2011=100)","1989","1989","03","Clothing and footwear","Base Dec 2011=100",""
"CPA01C02","Consumer Price Index (Base Dec 2011=100)","1989","1989","04","Housing, water, electricity, gas and other fuels","Base Dec 2011=100",""
"CPA01C02","Consumer Price Index (Base Dec 2011=100)","1989","1989","05","Furnishings, household equipment and routine household maintenance","Base Dec 2011=100",""
"CPA01C02","Consumer Price Index (Base Dec 2011=100)","1989","1989","06","Health","Base Dec 2011=100",""
"CPA01C02","Consumer Price Index (Base Dec 2011=100)","1989","1989","07","Transport","Base Dec 2011=100",""
"CPA01C02","Consumer Price Index (Base Dec 2011=100)","1989","1989","08","Communications","Base Dec 2011=100",""
"CPA01C02","Consumer Price Index (Base Dec 2011=100)","1989","1989","09","Recreation and culture","Base Dec 2011=100",""
"CPA01C02","Consumer Price Index (Base Dec 2011=100)","1989","1989","10","Education","Base Dec 2011=100",""
"CPA01C02","Consumer Price Index (Base Dec 2011=100)","1989","1989","11","Restaurants and hotels","Base Dec 2011=100",""
"CPA01C02","Consumer Price Index (Base Dec 2011=100)","1989","1989","12","Miscellaneous goods and services","Base Dec 2011=100",""
"CPA01C02","Consumer Price Index (Base Dec 2011=100)","1990","1990","-","All items","Base Dec 2011=100","59.2"
"CPA01C02","Consumer Price Index (Base Dec 2011=100)","1990","1990","01","Food and non-alcoholic beverages","Base Dec 2011=100",""
"CPA01C02","Consumer Price Index (Base Dec 2011=100)","1990","1990","02","Alcoholic beverages and tobacco","Base Dec 2011=100",""
"CPA01C02","Consumer Price Index (Base Dec 2011=100)","1990","1990","03","Clothing and footwear","Base Dec 2011=100",""
"CPA01C02","Consumer Price Index (Base Dec 2011=100)","1990","1990","04","Housing, water, electricity, gas and other fuels","Base Dec 2011=100",""
"CPA01C02","Consumer Price Index (Base Dec 2011=100)","1990","1990","05","Furnishings, household equipment and routine household maintenance","Base Dec 2011=100",""
"CPA01C02","Consumer Price Index (Base Dec 2011=100)","1990","1990","06","Health","Base Dec 2011=100",""
"CPA01C02","Consumer Price Index (Base Dec 2011=100)","1990","1990","07","Transport","Base Dec 2011=100",""
"CPA01C02","Consumer Price Index (Base Dec 2011=100)","1990","1990","08","Communications","Base Dec 2011=100",""
"CPA01C02","Consumer Price Index (Base Dec 2011=100)","1990","1990","09","Recreation and culture","Base Dec 2011=100",""
"CPA01C02","Consumer Price Index (Base Dec 2011=100)","1990","1990","10","Education","Base Dec 2011=100",""
"CPA01C02","Consumer Price Index (Base Dec 2011=100)","1990","1990","11","Restaurants and hotels","Base Dec 2011=100",""
"CPA01C02","Consumer Price Index (Base Dec 2011=100)","1990","1990","12","Miscellaneous goods and services","Base Dec 2011=100",""
"CPA01C02","Consumer Price Index (Base Dec 2011=100)","1991","1991","-","All items","Base Dec 2011=100","61.1"
"CPA01C02","Consumer Price Index (Base Dec 2011=100)","1991","1991","01","Food and non-alcoholic beverages","Base Dec 2011=100",""
"CPA01C02","Consumer Price Index (Base Dec 2011=100)","1991","1991","02","Alcoholic beverages and tobacco","Base Dec 2011=100",""
"CPA01C02","Consumer Price Index (Base Dec 2011=100)","1991","1991","03","Clothing and footwear","Base Dec 2011=100",""
"CPA01C02","Consumer Price Index (Base Dec 2011=100)","1991","1991","04","Housing, water, electricity, gas and other fuels","Base Dec 2011=100",""
"CPA01C02","Consumer Price Index (Base Dec 2011=100)","1991","1991","05","Furnishings, household equipment and routine household maintenance","Base Dec 2011=100",""
"CPA01C02","Consumer Price Index (Base Dec 2011=100)","1991","1991","06","Health","Base Dec 2011=100",""
"CPA01C02","Consumer Price Index (Base Dec 2011=100)","1991","1991","07","Transport","Base Dec 2011=100",""
"CPA01C02","Consumer Price Index (Base Dec 2011=100)","1991","1991","08","Communications","Base Dec 2011=100",""
"CPA01C02","Consumer Price Index (Base Dec 2011=100)","1991","1991","09","Recreation and culture","Base Dec 2011=100",""
"CPA01C02","Consumer Price Index (Base Dec 2011=100)","1991","1991","10","Education","Base Dec 2011=100",""
"CPA01C02","Consumer Price Index (Base Dec 2011=100)","1991","1991","11","Restaurants and hotels","Base Dec 2011=100",""
"CPA01C02","Consumer Price Index (Base Dec 2011=100)","1991","1991","12","Miscellaneous goods and services","Base Dec 2011=100",""
"CPA01C02","Consumer Price Index (Base Dec 2011=100)","1992","1992","-","All items","Base Dec 2011=100","63"
"CPA01C02","Consumer Price Index (Base Dec 2011=100)","1992","1992","01","Food and non-alcoholic beverages","Base Dec 2011=100",""
"CPA01C02","Consumer Price Index (Base Dec 2011=100)","1992","1992","02","Alcoholic beverages and tobacco","Base Dec 2011=100",""
"CPA01C02","Consumer Price Index (Base Dec 2011=100)","1992","1992","03","Clothing and footwear","Base Dec 2011=100",""
"CPA01C02","Consumer Price Index (Base Dec 2011=100)","1992","1992","04","Housing, water, electricity, gas and other fuels","Base Dec 2011=100",""
"CPA01C02","Consumer Price Index (Base Dec 2011=100)","1992","1992","05","Furnishings, household equipment and routine household maintenance","Base Dec 2011=100",""
"CPA01C02","Consumer Price Index (Base Dec 2011=100)","1992","1992","06","Health","Base Dec 2011=100",""
"CPA01C02","Consumer Price Index (Base Dec 2011=100)","1992","1992","07","Transport","Base Dec 2011=100",""
"CPA01C02","Consumer Price Index (Base Dec 2011=100)","1992","1992","08","Communications","Base Dec 2011=100",""
"CPA01C02","Consumer Price Index (Base Dec 2011=100)","1992","1992","09","Recreation and culture","Base Dec 2011=100",""
"CPA01C02","Consumer Price Index (Base Dec 2011=100)","1992","1992","10","Education","Base Dec 2011=100",""
"CPA01C02","Consumer Price Index (Base Dec 2011=100)","1992","1992","11","Restaurants and hotels","Base Dec 2011=100",""
"CPA01C02","Consumer Price Index (Base Dec 2011=100)","1992","1992","12","Miscellaneous goods and services","Base Dec 2011=100",""
"CPA01C02","Consumer Price Index (Base Dec 2011=100)","1993","1993","-","All items","Base Dec 2011=100","63.9"
"CPA01C02","Consumer Price Index (Base Dec 2011=100)","1993","1993","01","Food and non-alcoholic beverages","Base Dec 2011=100",""
"CPA01C02","Consumer Price Index (Base Dec 2011=100)","1993","1993","02","Alcoholic beverages and tobacco","Base Dec 2011=100",""
"CPA01C02","Consumer Price Index (Base Dec 2011=100)","1993","1993","03","Clothing and footwear","Base Dec 2011=100",""
"CPA01C02","Consumer Price Index (Base Dec 2011=100)","1993","1993","04","Housing, water, electricity, gas and other fuels","Base Dec 2011=100",""
"CPA01C02","Consumer Price Index (Base Dec 2011=100)","1993","1993","05","Furnishings, household equipment and routine household maintenance","Base Dec 2011=100",""
"CPA01C02","Consumer Price Index (Base Dec 2011=100)","1993","1993","06","Health","Base Dec 2011=100",""
"CPA01C02","Consumer Price Index (Base Dec 2011=100)","1993","1993","07","Transport","Base Dec 2011=100",""
"CPA01C02","Consumer Price Index (Base Dec 2011=100)","1993","1993","08","Communications","Base Dec 2011=100",""
"CPA01C02","Consumer Price Index (Base Dec 2011=100)","1993","1993","09","Recreation and culture","Base Dec 2011=100",""
"CPA01C02","Consumer Price Index (Base Dec 2011=100)","1993","1993","10","Education","Base Dec 2011=100",""
"CPA01C02","Consumer Price Index (Base Dec 2011=100)","1993","1993","11","Restaurants and hotels","Base Dec 2011=100",""
"CPA01C02","Consumer Price Index (Base Dec 2011=100)","1993","1993","12","Miscellaneous goods and services","Base Dec 2011=100",""
"CPA01C02","Consumer Price Index (Base Dec 2011=100)","1994","1994","-","All items","Base Dec 2011=100","65.4"
"CPA01C02","Consumer Price Index (Base Dec 2011=100)","1994","1994","01","Food and non-alcoholic beverages","Base Dec 2011=100",""
"CPA01C02","Consumer Price Index (Base Dec 2011=100)","1994","1994","02","Alcoholic beverages and tobacco","Base Dec 2011=100",""
"CPA01C02","Consumer Price Index (Base Dec 2011=100)","1994","1994","03","Clothing and footwear","Base Dec 2011=100",""
"CPA01C02","Consumer Price Index (Base Dec 2011=100)","1994","1994","04","Housing, water, electricity, gas and other fuels","Base Dec 2011=100",""
"CPA01C02","Consumer Price Index (Base Dec 2011=100)","1994","1994","05","Furnishings, household equipment and routine household maintenance","Base Dec 2011=100",""
"CPA01C02","Consumer Price Index (Base Dec 2011=100)","1994","1994","06","Health","Base Dec 2011=100",""
"CPA01C02","Consumer Price Index (Base Dec 2011=100)","1994","1994","07","Transport","Base Dec 2011=100",""
"CPA01C02","Consumer Price Index (Base Dec 2011=100)","1994","1994","08","Communications","Base Dec 2011=100",""
"CPA01C02","Consumer Price Index (Base Dec 2011=100)","1994","1994","09","Recreation and culture","Base Dec 2011=100",""
"CPA01C02","Consumer Price Index (Base Dec 2011=100)","1994","1994","10","Education","Base Dec 2011=100",""
"CPA01C02","Consumer Price Index (Base Dec 2011=100)","1994","1994","11","Restaurants and hotels","Base Dec 2011=100",""
"CPA01C02","Consumer Price Index (Base Dec 2011=100)","1994","1994","12","Miscellaneous goods and services","Base Dec 2011=100",""
"CPA01C02","Consumer Price Index (Base Dec 2011=100)","1995","1995","-","All items","Base Dec 2011=100","67"
"CPA01C02","Consumer Price Index (Base Dec 2011=100)","1995","1995","01","Food and non-alcoholic beverages","Base Dec 2011=100",""
"CPA01C02","Consumer Price Index (Base Dec 2011=100)","1995","1995","02","Alcoholic beverages and tobacco","Base Dec 2011=100",""
"CPA01C02","Consumer Price Index (Base Dec 2011=100)","1995","1995","03","Clothing and footwear","Base Dec 2011=100",""
"CPA01C02","Consumer Price Index (Base Dec 2011=100)","1995","1995","04","Housing, water, electricity, gas and other fuels","Base Dec 2011=100",""
"CPA01C02","Consumer Price Index (Base Dec 2011=100)","1995","1995","05","Furnishings, household equipment and routine household maintenance","Base Dec 2011=100",""
"CPA01C02","Consumer Price Index (Base Dec 2011=100)","1995","1995","06","Health","Base Dec 2011=100",""
"CPA01C02","Consumer Price Index (Base Dec 2011=100)","1995","1995","07","Transport","Base Dec 2011=100",""
"CPA01C02","Consumer Price Index (Base Dec 2011=100)","1995","1995","08","Communications","Base Dec 2011=100",""
"CPA01C02","Consumer Price Index (Base Dec 2011=100)","1995","1995","09","Recreation and culture","Base Dec 2011=100",""
"CPA01C02","Consumer Price Index (Base Dec 2011=100)","1995","1995","10","Education","Base Dec 2011=100",""
"CPA01C02","Consumer Price Index (Base Dec 2011=100)","1995","1995","11","Restaurants and hotels","Base Dec 2011=100",""
"CPA01C02","Consumer Price Index (Base Dec 2011=100)","1995","1995","12","Miscellaneous goods and services","Base Dec 2011=100",""
"CPA01C02","Consumer Price Index (Base Dec 2011=100)","1996","1996","-","All items","Base Dec 2011=100","68.2"
"CPA01C02","Consumer Price Index (Base Dec 2011=100)","1996","1996","01","Food and non-alcoholic beverages","Base Dec 2011=100",""
"CPA01C02","Consumer Price Index (Base Dec 2011=100)","1996","1996","02","Alcoholic beverages and tobacco","Base Dec 2011=100",""
"CPA01C02","Consumer Price Index (Base Dec 2011=100)","1996","1996","03","Clothing and footwear","Base Dec 2011=100",""
"CPA01C02","Consumer Price Index (Base Dec 2011=100)","1996","1996","04","Housing, water, electricity, gas and other fuels","Base Dec 2011=100",""
"CPA01C02","Consumer Price Index (Base Dec 2011=100)","1996","1996","05","Furnishings, household equipment and routine household maintenance","Base Dec 2011=100",""
"CPA01C02","Consumer Price Index (Base Dec 2011=100)","1996","1996","06","Health","Base Dec 2011=100",""
"CPA01C02","Consumer Price Index (Base Dec 2011=100)","1996","1996","07","Transport","Base Dec 2011=100",""
"CPA01C02","Consumer Price Index (Base Dec 2011=100)","1996","1996","08","Communications","Base Dec 2011=100",""
"CPA01C02","Consumer Price Index (Base Dec 2011=100)","1996","1996","09","Recreation and culture","Base Dec 2011=100",""
"CPA01C02","Consumer Price Index (Base Dec 2011=100)","1996","1996","10","Education","Base Dec 2011=100",""
"CPA01C02","Consumer Price Index (Base Dec 2011=100)","1996","1996","11","Restaurants and hotels","Base Dec 2011=100",""
"CPA01C02","Consumer Price Index (Base Dec 2011=100)","1996","1996","12","Miscellaneous goods and services","Base Dec 2011=100",""
"CPA01C02","Consumer Price Index (Base Dec 2011=100)","1997","1997","-","All items","Base Dec 2011=100","69.1"
"CPA01C02","Consumer Price Index (Base Dec 2011=100)","1997","1997","01","Food and non-alcoholic beverages","Base Dec 2011=100","78.7"
"CPA01C02","Consumer Price Index (Base Dec 2011=100)","1997","1997","02","Alcoholic beverages and tobacco","Base Dec 2011=100","58"
"CPA01C02","Consumer Price Index (Base Dec 2011=100)","1997","1997","03","Clothing and footwear","Base Dec 2011=100","194.7"
"CPA01C02","Consumer Price Index (Base Dec 2011=100)","1997","1997","04","Housing, water, electricity, gas and other fuels","Base Dec 2011=100","55.6"
"CPA01C02","Consumer Price Index (Base Dec 2011=100)","1997","1997","05","Furnishings, household equipment and routine household maintenance","Base Dec 2011=100","103.1"
"CPA01C02","Consumer Price Index (Base Dec 2011=100)","1997","1997","06","Health","Base Dec 2011=100","47.7"
"CPA01C02","Consumer Price Index (Base Dec 2011=100)","1997","1997","07","Transport","Base Dec 2011=100","71.6"
"CPA01C02","Consumer Price Index (Base Dec 2011=100)","1997","1997","08","Communications","Base Dec 2011=100","115.1"
"CPA01C02","Consumer Price Index (Base Dec 2011=100)","1997","1997","09","Recreation and culture","Base Dec 2011=100","77.5"
"CPA01C02","Consumer Price Index (Base Dec 2011=100)","1997","1997","10","Education","Base Dec 2011=100","36.9"
"CPA01C02","Consumer Price Index (Base Dec 2011=100)","1997","1997","11","Restaurants and hotels","Base Dec 2011=100","63.1"
"CPA01C02","Consumer Price Index (Base Dec 2011=100)","1997","1997","12","Miscellaneous goods and services","Base Dec 2011=100","54.8"
"CPA01C02","Consumer Price Index (Base Dec 2011=100)","1998","1998","-","All items","Base Dec 2011=100","70.8"
"CPA01C02","Consumer Price Index (Base Dec 2011=100)","1998","1998","01","Food and non-alcoholic beverages","Base Dec 2011=100","82"
"CPA01C02","Consumer Price Index (Base Dec 2011=100)","1998","1998","02","Alcoholic beverages and tobacco","Base Dec 2011=100","60.2"
"CPA01C02","Consumer Price Index (Base Dec 2011=100)","1998","1998","03","Clothing and footwear","Base Dec 2011=100","184.3"
"CPA01C02","Consumer Price Index (Base Dec 2011=100)","1998","1998","04","Housing, water, electricity, gas and other fuels","Base Dec 2011=100","56"
"CPA01C02","Consumer Price Index (Base Dec 2011=100)","1998","1998","05","Furnishings, household equipment and routine household maintenance","Base Dec 2011=100","106.8"
"CPA01C02","Consumer Price Index (Base Dec 2011=100)","1998","1998","06","Health","Base Dec 2011=100","50.3"
"CPA01C02","Consumer Price Index (Base Dec 2011=100)","1998","1998","07","Transport","Base Dec 2011=100","72.3"
"CPA01C02","Consumer Price Index (Base Dec 2011=100)","1998","1998","08","Communications","Base Dec 2011=100","108.2"
"CPA01C02","Consumer Price Index (Base Dec 2011=100)","1998","1998","09","Recreation and culture","Base Dec 2011=100","79.1"
"CPA01C02","Consumer Price Index (Base Dec 2011=100)","1998","1998","10","Education","Base Dec 2011=100","39.7"
"CPA01C02","Consumer Price Index (Base Dec 2011=100)","1998","1998","11","Restaurants and hotels","Base Dec 2011=100","65.6"
"CPA01C02","Consumer Price Index (Base Dec 2011=100)","1998","1998","12","Miscellaneous goods and services","Base Dec 2011=100","57.6"
"CPA01C02","Consumer Price Index (Base Dec 2011=100)","1999","1999","-","All items","Base Dec 2011=100","72"
"CPA01C02","Consumer Price Index (Base Dec 2011=100)","1999","1999","01","Food and non-alcoholic beverages","Base Dec 2011=100","84.5"
"CPA01C02","Consumer Price Index (Base Dec 2011=100)","1999","1999","02","Alcoholic beverages and tobacco","Base Dec 2011=100","62.6"
"CPA01C02","Consumer Price Index (Base Dec 2011=100)","1999","1999","03","Clothing and footwear","Base Dec 2011=100","172.7"
"CPA01C02","Consumer Price Index (Base Dec 2011=100)","1999","1999","04","Housing, water, electricity, gas and other fuels","Base Dec 2011=100","52.3"
"CPA01C02","Consumer Price Index (Base Dec 2011=100)","1999","1999","05","Furnishings, household equipment and routine household maintenance","Base Dec 2011=100","109.4"
"CPA01C02","Consumer Price Index (Base Dec 2011=100)","1999","1999","06","Health","Base Dec 2011=100","53.1"
"CPA01C02","Consumer Price Index (Base Dec 2011=100)","1999","1999","07","Transport","Base Dec 2011=100","73.9"
"CPA01C02","Consumer Price Index (Base Dec 2011=100)","1999","1999","08","Communications","Base Dec 2011=100","100.3"
"CPA01C02","Consumer Price Index (Base Dec 2011=100)","1999","1999","09","Recreation and culture","Base Dec 2011=100","81.5"
"CPA01C02","Consumer Price Index (Base Dec 2011=100)","1999","1999","10","Education","Base Dec 2011=100","43.8"
"CPA01C02","Consumer Price Index (Base Dec 2011=100)","1999","1999","11","Restaurants and hotels","Base Dec 2011=100","68.3"
"CPA01C02","Consumer Price Index (Base Dec 2011=100)","1999","1999","12","Miscellaneous goods and services","Base Dec 2011=100","60.8"
"CPA01C02","Consumer Price Index (Base Dec 2011=100)","2000","2000","-","All items","Base Dec 2011=100","76"
"CPA01C02","Consumer Price Index (Base Dec 2011=100)","2000","2000","01","Food and non-alcoholic beverages","Base Dec 2011=100","87.1"
"CPA01C02","Consumer Price Index (Base Dec 2011=100)","2000","2000","02","Alcoholic beverages and tobacco","Base Dec 2011=100","69.8"
"CPA01C02","Consumer Price Index (Base Dec 2011=100)","2000","2000","03","Clothing and footwear","Base Dec 2011=100","164.2"
"CPA01C02","Consumer Price Index (Base Dec 2011=100)","2000","2000","04","Housing, water, electricity, gas and other fuels","Base Dec 2011=100","57.2"
"CPA01C02","Consumer Price Index (Base Dec 2011=100)","2000","2000","05","Furnishings, household equipment and routine household maintenance","Base Dec 2011=100","114.3"
"CPA01C02","Consumer Price Index (Base Dec 2011=100)","2000","2000","06","Health","Base Dec 2011=100","56.9"
"CPA01C02","Consumer Price Index (Base Dec 2011=100)","2000","2000","07","Transport","Base Dec 2011=100","79.9"
"CPA01C02","Consumer Price Index (Base Dec 2011=100)","2000","2000","08","Communications","Base Dec 2011=100","97.3"
"CPA01C02","Consumer Price Index (Base Dec 2011=100)","2000","2000","09","Recreation and culture","Base Dec 2011=100","84.5"
"CPA01C02","Consumer Price Index (Base Dec 2011=100)","2000","2000","10","Education","Base Dec 2011=100","48.4"
"CPA01C02","Consumer Price Index (Base Dec 2011=100)","2000","2000","11","Restaurants and hotels","Base Dec 2011=100","72"
"CPA01C02","Consumer Price Index (Base Dec 2011=100)","2000","2000","12","Miscellaneous goods and services","Base Dec 2011=100","65.4"
"CPA01C02","Consumer Price Index (Base Dec 2011=100)","2001","2001","-","All items","Base Dec 2011=100","79.7"
"CPA01C02","Consumer Price Index (Base Dec 2011=100)","2001","2001","01","Food and non-alcoholic beverages","Base Dec 2011=100","92.8"
"CPA01C02","Consumer Price Index (Base Dec 2011=100)","2001","2001","02","Alcoholic beverages and tobacco","Base Dec 2011=100","71.5"
"CPA01C02","Consumer Price Index (Base Dec 2011=100)","2001","2001","03","Clothing and footwear","Base Dec 2011=100","159.6"
"CPA01C02","Consumer Price Index (Base Dec 2011=100)","2001","2001","04","Housing, water, electricity, gas and other fuels","Base Dec 2011=100","63.3"
"CPA01C02","Consumer Price Index (Base Dec 2011=100)","2001","2001","05","Furnishings, household equipment and routine household maintenance","Base Dec 2011=100","118.3"
"CPA01C02","Consumer Price Index (Base Dec 2011=100)","2001","2001","06","Health","Base Dec 2011=100","61.2"
"CPA01C02","Consumer Price Index (Base Dec 2011=100)","2001","2001","07","Transport","Base Dec 2011=100","78.6"
"CPA01C02","Consumer Price Index (Base Dec 2011=100)","2001","2001","08","Communications","Base Dec 2011=100","89.2"
"CPA01C02","Consumer Price Index (Base Dec 2011=100)","2001","2001","09","Recreation and culture","Base Dec 2011=100","88.6"
"CPA01C02","Consumer Price Index (Base Dec 2011=100)","2001","2001","10","Education","Base Dec 2011=100","51.9"
"CPA01C02","Consumer Price Index (Base Dec 2011=100)","2001","2001","11","Restaurants and hotels","Base Dec 2011=100","76.3"
"CPA01C02","Consumer Price Index (Base Dec 2011=100)","2001","2001","12","Miscellaneous goods and services","Base Dec 2011=100","71.5"
"CPA01C02","Consumer Price Index (Base Dec 2011=100)","2002","2002","-","All items","Base Dec 2011=100","83.4"
"CPA01C02","Consumer Price Index (Base Dec 2011=100)","2002","2002","01","Food and non-alcoholic beverages","Base Dec 2011=100","96"
"CPA01C02","Consumer Price Index (Base Dec 2011=100)","2002","2002","02","Alcoholic beverages and tobacco","Base Dec 2011=100","75.6"
"CPA01C02","Consumer Price Index (Base Dec 2011=100)","2002","2002","03","Clothing and footwear","Base Dec 2011=100","152.8"
"CPA01C02","Consumer Price Index (Base Dec 2011=100)","2002","2002","04","Housing, water, electricity, gas and other fuels","Base Dec 2011=100","64"
"CPA01C02","Consumer Price Index (Base Dec 2011=100)","2002","2002","05","Furnishings, household equipment and routine household maintenance","Base Dec 2011=100","120.4"
"CPA01C02","Consumer Price Index (Base Dec 2011=100)","2002","2002","06","Health","Base Dec 2011=100","67.3"
"CPA01C02","Consumer Price Index (Base Dec 2011=100)","2002","2002","07","Transport","Base Dec 2011=100","80.9"
"CPA01C02","Consumer Price Index (Base Dec 2011=100)","2002","2002","08","Communications","Base Dec 2011=100","91.1"
"CPA01C02","Consumer Price Index (Base Dec 2011=100)","2002","2002","09","Recreation and culture","Base Dec 2011=100","94.2"
"CPA01C02","Consumer Price Index (Base Dec 2011=100)","2002","2002","10","Education","Base Dec 2011=100","57.2"
"CPA01C02","Consumer Price Index (Base Dec 2011=100)","2002","2002","11","Restaurants and hotels","Base Dec 2011=100","81.9"
"CPA01C02","Consumer Price Index (Base Dec 2011=100)","2002","2002","12","Miscellaneous goods and services","Base Dec 2011=100","78.4"
"CPA01C02","Consumer Price Index (Base Dec 2011=100)","2003","2003","-","All items","Base Dec 2011=100","86.3"
"CPA01C02","Consumer Price Index (Base Dec 2011=100)","2003","2003","01","Food and non-alcoholic beverages","Base Dec 2011=100","97.3"
"CPA01C02","Consumer Price Index (Base Dec 2011=100)","2003","2003","02","Alcoholic beverages and tobacco","Base Dec 2011=100","83"
"CPA01C02","Consumer Price Index (Base Dec 2011=100)","2003","2003","03","Clothing and footwear","Base Dec 2011=100","146.7"
"CPA01C02","Consumer Price Index (Base Dec 2011=100)","2003","2003","04","Housing, water, electricity, gas and other fuels","Base Dec 2011=100","63.6"
"CPA01C02","Consumer Price Index (Base Dec 2011=100)","2003","2003","05","Furnishings, household equipment and routine household maintenance","Base Dec 2011=100","119.5"
"CPA01C02","Consumer Price Index (Base Dec 2011=100)","2003","2003","06","Health","Base Dec 2011=100","72.5"
"CPA01C02","Consumer Price Index (Base Dec 2011=100)","2003","2003","07","Transport","Base Dec 2011=100","83.6"
"CPA01C02","Consumer Price Index (Base Dec 2011=100)","2003","2003","08","Communications","Base Dec 2011=100","92.5"
"CPA01C02","Consumer Price Index (Base Dec 2011=100)","2003","2003","09","Recreation and culture","Base Dec 2011=100","98.1"
"CPA01C02","Consumer Price Index (Base Dec 2011=100)","2003","2003","10","Education","Base Dec 2011=100","62.5"
"CPA01C02","Consumer Price Index (Base Dec 2011=100)","2003","2003","11","Restaurants and hotels","Base Dec 2011=100","87.1"
"CPA01C02","Consumer Price Index (Base Dec 2011=100)","2003","2003","12","Miscellaneous goods and services","Base Dec 2011=100","82.1"
"CPA01C02","Consumer Price Index (Base Dec 2011=100)","2004","2004","-","All items","Base Dec 2011=100","88.2"
"CPA01C02","Consumer Price Index (Base Dec 2011=100)","2004","2004","01","Food and non-alcoholic beverages","Base Dec 2011=100","97.1"
"CPA01C02","Consumer Price Index (Base Dec 2011=100)","2004","2004","02","Alcoholic beverages and tobacco","Base Dec 2011=100","85.9"
"CPA01C02","Consumer Price Index (Base Dec 2011=100)","2004","2004","03","Clothing and footwear","Base Dec 2011=100","141.5"
"CPA01C02","Consumer Price Index (Base Dec 2011=100)","2004","2004","04","Housing, water, electricity, gas and other fuels","Base Dec 2011=100","66.3"
"CPA01C02","Consumer Price Index (Base Dec 2011=100)","2004","2004","05","Furnishings, household equipment and routine household maintenance","Base Dec 2011=100","117.4"
"CPA01C02","Consumer Price Index (Base Dec 2011=100)","2004","2004","06","Health","Base Dec 2011=100","76.8"
"CPA01C02","Consumer Price Index (Base Dec 2011=100)","2004","2004","07","Transport","Base Dec 2011=100","87"
"CPA01C02","Consumer Price Index (Base Dec 2011=100)","2004","2004","08","Communications","Base Dec 2011=100","94.9"
"CPA01C02","Consumer Price Index (Base Dec 2011=100)","2004","2004","09","Recreation and culture","Base Dec 2011=100","99.2"
"CPA01C02","Consumer Price Index (Base Dec 2011=100)","2004","2004","10","Education","Base Dec 2011=100","66.2"
"CPA01C02","Consumer Price Index (Base Dec 2011=100)","2004","2004","11","Restaurants and hotels","Base Dec 2011=100","90.6"
"CPA01C02","Consumer Price Index (Base Dec 2011=100)","2004","2004","12","Miscellaneous goods and services","Base Dec 2011=100","81.7"
"CPA01C02","Consumer Price Index (Base Dec 2011=100)","2005","2005","-","All items","Base Dec 2011=100","90.3"
"CPA01C02","Consumer Price Index (Base Dec 2011=100)","2005","2005","01","Food and non-alcoholic beverages","Base Dec 2011=100","96.4"
"CPA01C02","Consumer Price Index (Base Dec 2011=100)","2005","2005","02","Alcoholic beverages and tobacco","Base Dec 2011=100","86.4"
"CPA01C02","Consumer Price Index (Base Dec 2011=100)","2005","2005","03","Clothing and footwear","Base Dec 2011=100","137.6"
"CPA01C02","Consumer Price Index (Base Dec 2011=100)","2005","2005","04","Housing, water, electricity, gas and other fuels","Base Dec 2011=100","73.3"
"CPA01C02","Consumer Price Index (Base Dec 2011=100)","2005","2005","05","Furnishings, household equipment and routine household maintenance","Base Dec 2011=100","115.6"
"CPA01C02","Consumer Price Index (Base Dec 2011=100)","2005","2005","06","Health","Base Dec 2011=100","81.6"
"CPA01C02","Consumer Price Index (Base Dec 2011=100)","2005","2005","07","Transport","Base Dec 2011=100","90.1"
"CPA01C02","Consumer Price Index (Base Dec 2011=100)","2005","2005","08","Communications","Base Dec 2011=100","94.8"
"CPA01C02","Consumer Price Index (Base Dec 2011=100)","2005","2005","09","Recreation and culture","Base Dec 2011=100","99.2"
"CPA01C02","Consumer Price Index (Base Dec 2011=100)","2005","2005","10","Education","Base Dec 2011=100","70.1"
"CPA01C02","Consumer Price Index (Base Dec 2011=100)","2005","2005","11","Restaurants and hotels","Base Dec 2011=100","93.6"
"CPA01C02","Consumer Price Index (Base Dec 2011=100)","2005","2005","12","Miscellaneous goods and services","Base Dec 2011=100","81.6"
"CPA01C02","Consumer Price Index (Base Dec 2011=100)","2006","2006","-","All items","Base Dec 2011=100","93.9"
"CPA01C02","Consumer Price Index (Base Dec 2011=100)","2006","2006","01","Food and non-alcoholic beverages","Base Dec 2011=100","97.7"
"CPA01C02","Consumer Price Index (Base Dec 2011=100)","2006","2006","02","Alcoholic beverages and tobacco","Base Dec 2011=100","87.4"
"CPA01C02","Consumer Price Index (Base Dec 2011=100)","2006","2006","03","Clothing and footwear","Base Dec 2011=100","134.9"
"CPA01C02","Consumer Price Index (Base Dec 2011=100)","2006","2006","04","Housing, water, electricity, gas and other fuels","Base Dec 2011=100","85"
"CPA01C02","Consumer Price Index (Base Dec 2011=100)","2006","2006","05","Furnishings, household equipment and routine household maintenance","Base Dec 2011=100","114.2"
"CPA01C02","Consumer Price Index (Base Dec 2011=100)","2006","2006","06","Health","Base Dec 2011=100","85.2"
"CPA01C02","Consumer Price Index (Base Dec 2011=100)","2006","2006","07","Transport","Base Dec 2011=100","93.2"
"CPA01C02","Consumer Price Index (Base Dec 2011=100)","2006","2006","08","Communications","Base Dec 2011=100","94.3"
"CPA01C02","Consumer Price Index (Base Dec 2011=100)","2006","2006","09","Recreation and culture","Base Dec 2011=100","100.5"
"CPA01C02","Consumer Price Index (Base Dec 2011=100)","2006","2006","10","Education","Base Dec 2011=100","73.5"
"CPA01C02","Consumer Price Index (Base Dec 2011=100)","2006","2006","11","Restaurants and hotels","Base Dec 2011=100","97.2"
"CPA01C02","Consumer Price Index (Base Dec 2011=100)","2006","2006","12","Miscellaneous goods and services","Base Dec 2011=100","82.9"
"CPA01C02","Consumer Price Index (Base Dec 2011=100)","2007","2007","-","All items","Base Dec 2011=100","98.5"
"CPA01C02","Consumer Price Index (Base Dec 2011=100)","2007","2007","01","Food and non-alcoholic beverages","Base Dec 2011=100","100.5"
"CPA01C02","Consumer Price Index (Base Dec 2011=100)","2007","2007","02","Alcoholic beverages and tobacco","Base Dec 2011=100","92.1"
"CPA01C02","Consumer Price Index (Base Dec 2011=100)","2007","2007","03","Clothing and footwear","Base Dec 2011=100","130.5"
"CPA01C02","Consumer Price Index (Base Dec 2011=100)","2007","2007","04","Housing, water, electricity, gas and other fuels","Base Dec 2011=100","102.3"
"CPA01C02","Consumer Price Index (Base Dec 2011=100)","2007","2007","05","Furnishings, household equipment and routine household maintenance","Base Dec 2011=100","112.2"
"CPA01C02","Consumer Price Index (Base Dec 2011=100)","2007","2007","06","Health","Base Dec 2011=100","87.7"
"CPA01C02","Consumer Price Index (Base Dec 2011=100)","2007","2007","07","Transport","Base Dec 2011=100","95.2"
"CPA01C02","Consumer Price Index (Base Dec 2011=100)","2007","2007","08","Communications","Base Dec 2011=100","94.8"
"CPA01C02","Consumer Price Index (Base Dec 2011=100)","2007","2007","09","Recreation and culture","Base Dec 2011=100","102"
"CPA01C02","Consumer Price Index (Base Dec 2011=100)","2007","2007","10","Education","Base Dec 2011=100","77.3"
"CPA01C02","Consumer Price Index (Base Dec 2011=100)","2007","2007","11","Restaurants and hotels","Base Dec 2011=100","101.3"
"CPA01C02","Consumer Price Index (Base Dec 2011=100)","2007","2007","12","Miscellaneous goods and services","Base Dec 2011=100","83.7"
"CPA01C02","Consumer Price Index (Base Dec 2011=100)","2008","2008","-","All items","Base Dec 2011=100","102.5"
"CPA01C02","Consumer Price Index (Base Dec 2011=100)","2008","2008","01","Food and non-alcoholic beverages","Base Dec 2011=100","107.1"
"CPA01C02","Consumer Price Index (Base Dec 2011=100)","2008","2008","02","Alcoholic beverages and tobacco","Base Dec 2011=100","96.4"
"CPA01C02","Consumer Price Index (Base Dec 2011=100)","2008","2008","03","Clothing and footwear","Base Dec 2011=100","124.2"
"CPA01C02","Consumer Price Index (Base Dec 2011=100)","2008","2008","04","Housing, water, electricity, gas and other fuels","Base Dec 2011=100","112.1"
"CPA01C02","Consumer Price Index (Base Dec 2011=100)","2008","2008","05","Furnishings, household equipment and routine household maintenance","Base Dec 2011=100","110.4"
"CPA01C02","Consumer Price Index (Base Dec 2011=100)","2008","2008","06","Health","Base Dec 2011=100","92.9"
"CPA01C02","Consumer Price Index (Base Dec 2011=100)","2008","2008","07","Transport","Base Dec 2011=100","98.4"
"CPA01C02","Consumer Price Index (Base Dec 2011=100)","2008","2008","08","Communications","Base Dec 2011=100","95.7"
"CPA01C02","Consumer Price Index (Base Dec 2011=100)","2008","2008","09","Recreation and culture","Base Dec 2011=100","103.4"
"CPA01C02","Consumer Price Index (Base Dec 2011=100)","2008","2008","10","Education","Base Dec 2011=100","82"
"CPA01C02","Consumer Price Index (Base Dec 2011=100)","2008","2008","11","Restaurants and hotels","Base Dec 2011=100","104.5"
"CPA01C02","Consumer Price Index (Base Dec 2011=100)","2008","2008","12","Miscellaneous goods and services","Base Dec 2011=100","85.7"
"CPA01C02","Consumer Price Index (Base Dec 2011=100)","2009","2009","-","All items","Base Dec 2011=100","97.9"
"CPA01C02","Consumer Price Index (Base Dec 2011=100)","2009","2009","01","Food and non-alcoholic beverages","Base Dec 2011=100","103.3"
"CPA01C02","Consumer Price Index (Base Dec 2011=100)","2009","2009","02","Alcoholic beverages and tobacco","Base Dec 2011=100","102.6"
"CPA01C02","Consumer Price Index (Base Dec 2011=100)","2009","2009","03","Clothing and footwear","Base Dec 2011=100","109.6"
"CPA01C02","Consumer Price Index (Base Dec 2011=100)","2009","2009","04","Housing, water, electricity, gas and other fuels","Base Dec 2011=100","87.5"
"CPA01C02","Consumer Price Index (Base Dec 2011=100)","2009","2009","05","Furnishings, household equipment and routine household maintenance","Base Dec 2011=100","107"
"CPA01C02","Consumer Price Index (Base Dec 2011=100)","2009","2009","06","Health","Base Dec 2011=100","96.2"
"CPA01C02","Consumer Price Index (Base Dec 2011=100)","2009","2009","07","Transport","Base Dec 2011=100","94.5"
"CPA01C02","Consumer Price Index (Base Dec 2011=100)","2009","2009","08","Communications","Base Dec 2011=100","96.2"
"CPA01C02","Consumer Price Index (Base Dec 2011=100)","2009","2009","09","Recreation and culture","Base Dec 2011=100","103"
"CPA01C02","Consumer Price Index (Base Dec 2011=100)","2009","2009","10","Education","Base Dec 2011=100","87.2"
"CPA01C02","Consumer Price Index (Base Dec 2011=100)","2009","2009","11","Restaurants and hotels","Base Dec 2011=100","104.4"
"CPA01C02","Consumer Price Index (Base Dec 2011=100)","2009","2009","12","Miscellaneous goods and services","Base Dec 2011=100","92.2"
"CPA01C02","Consumer Price Index (Base Dec 2011=100)","2010","2010","-","All items","Base Dec 2011=100","96.9"
"CPA01C02","Consumer Price Index (Base Dec 2011=100)","2010","2010","01","Food and non-alcoholic beverages","Base Dec 2011=100","98.6"
"CPA01C02","Consumer Price Index (Base Dec 2011=100)","2010","2010","02","Alcoholic beverages and tobacco","Base Dec 2011=100","99.9"
"CPA01C02","Consumer Price Index (Base Dec 2011=100)","2010","2010","03","Clothing and footwear","Base Dec 2011=100","99.2"
"CPA01C02","Consumer Price Index (Base Dec 2011=100)","2010","2010","04","Housing, water, electricity, gas and other fuels","Base Dec 2011=100","88.6"
"CPA01C02","Consumer Price Index (Base Dec 2011=100)","2010","2010","05","Furnishings, household equipment and routine household maintenance","Base Dec 2011=100","102.6"
"CPA01C02","Consumer Price Index (Base Dec 2011=100)","2010","2010","06","Health","Base Dec 2011=100","96.8"
"CPA01C02","Consumer Price Index (Base Dec 2011=100)","2010","2010","07","Transport","Base Dec 2011=100","97.4"
"CPA01C02","Consumer Price Index (Base Dec 2011=100)","2010","2010","08","Communications","Base Dec 2011=100","97.5"
"CPA01C02","Consumer Price Index (Base Dec 2011=100)","2010","2010","09","Recreation and culture","Base Dec 2011=100","101.3"
"CPA01C02","Consumer Price Index (Base Dec 2011=100)","2010","2010","10","Education","Base Dec 2011=100","92.7"
"CPA01C02","Consumer Price Index (Base Dec 2011=100)","2010","2010","11","Restaurants and hotels","Base Dec 2011=100","101.7"
"CPA01C02","Consumer Price Index (Base Dec 2011=100)","2010","2010","12","Miscellaneous goods and services","Base Dec 2011=100","93.2"
"CPA01C02","Consumer Price Index (Base Dec 2011=100)","2011","2011","-","All items","Base Dec 2011=100","99.4"
"CPA01C02","Consumer Price Index (Base Dec 2011=100)","2011","2011","01","Food and non-alcoholic beverages","Base Dec 2011=100","99.8"
"CPA01C02","Consumer Price Index (Base Dec 2011=100)","2011","2011","02","Alcoholic beverages and tobacco","Base Dec 2011=100","99.8"
"CPA01C02","Consumer Price Index (Base Dec 2011=100)","2011","2011","03","Clothing and footwear","Base Dec 2011=100","97.5"
"CPA01C02","Consumer Price Index (Base Dec 2011=100)","2011","2011","04","Housing, water, electricity, gas and other fuels","Base Dec 2011=100","97.2"
"CPA01C02","Consumer Price Index (Base Dec 2011=100)","2011","2011","05","Furnishings, household equipment and routine household maintenance","Base Dec 2011=100","100.3"
"CPA01C02","Consumer Price Index (Base Dec 2011=100)","2011","2011","06","Health","Base Dec 2011=100","100.1"
"CPA01C02","Consumer Price Index (Base Dec 2011=100)","2011","2011","07","Transport","Base Dec 2011=100","100.7"
"CPA01C02","Consumer Price Index (Base Dec 2011=100)","2011","2011","08","Communications","Base Dec 2011=100","99.8"
"CPA01C02","Consumer Price Index (Base Dec 2011=100)","2011","2011","09","Recreation and culture","Base Dec 2011=100","100.4"
"CPA01C02","Consumer Price Index (Base Dec 2011=100)","2011","2011","10","Education","Base Dec 2011=100","93.4"
"CPA01C02","Consumer Price Index (Base Dec 2011=100)","2011","2011","11","Restaurants and hotels","Base Dec 2011=100","101"
"CPA01C02","Consumer Price Index (Base Dec 2011=100)","2011","2011","12","Miscellaneous goods and services","Base Dec 2011=100","99.2"
"CPA01C02","Consumer Price Index (Base Dec 2011=100)","2012","2012","-","All items","Base Dec 2011=100","101.1"
"CPA01C02","Consumer Price Index (Base Dec 2011=100)","2012","2012","01","Food and non-alcoholic beverages","Base Dec 2011=100","100.3"
"CPA01C02","Consumer Price Index (Base Dec 2011=100)","2012","2012","02","Alcoholic beverages and tobacco","Base Dec 2011=100","103.3"
"CPA01C02","Consumer Price Index (Base Dec 2011=100)","2012","2012","03","Clothing and footwear","Base Dec 2011=100","97.3"
"CPA01C02","Consumer Price Index (Base Dec 2011=100)","2012","2012","04","Housing, water, electricity, gas and other fuels","Base Dec 2011=100","97.8"
"CPA01C02","Consumer Price Index (Base Dec 2011=100)","2012","2012","05","Furnishings, household equipment and routine household maintenance","Base Dec 2011=100","97.9"
"CPA01C02","Consumer Price Index (Base Dec 2011=100)","2012","2012","06","Health","Base Dec 2011=100","100.5"
"CPA01C02","Consumer Price Index (Base Dec 2011=100)","2012","2012","07","Transport","Base Dec 2011=100","106.5"
"CPA01C02","Consumer Price Index (Base Dec 2011=100)","2012","2012","08","Communications","Base Dec 2011=100","98.3"
"CPA01C02","Consumer Price Index (Base Dec 2011=100)","2012","2012","09","Recreation and culture","Base Dec 2011=100","99.2"
"CPA01C02","Consumer Price Index (Base Dec 2011=100)","2012","2012","10","Education","Base Dec 2011=100","101.2"
"CPA01C02","Consumer Price Index (Base Dec 2011=100)","2012","2012","11","Restaurants and hotels","Base Dec 2011=100","101.4"
"CPA01C02","Consumer Price Index (Base Dec 2011=100)","2012","2012","12","Miscellaneous goods and services","Base Dec 2011=100","104"
"CPA01C02","Consumer Price Index (Base Dec 2011=100)","2013","2013","-","All items","Base Dec 2011=100","101.6"
"CPA01C02","Consumer Price Index (Base Dec 2011=100)","2013","2013","01","Food and non-alcoholic beverages","Base Dec 2011=100","101.4"
"CPA01C02","Consumer Price Index (Base Dec 2011=100)","2013","2013","02","Alcoholic beverages and tobacco","Base Dec 2011=100","108.7"
"CPA01C02","Consumer Price Index (Base Dec 2011=100)","2013","2013","03","Clothing and footwear","Base Dec 2011=100","94.4"
"CPA01C02","Consumer Price Index (Base Dec 2011=100)","2013","2013","04","Housing, water, electricity, gas and other fuels","Base Dec 2011=100","98.5"
"CPA01C02","Consumer Price Index (Base Dec 2011=100)","2013","2013","05","Furnishings, household equipment and routine household maintenance","Base Dec 2011=100","94.4"
"CPA01C02","Consumer Price Index (Base Dec 2011=100)","2013","2013","06","Health","Base Dec 2011=100","101.4"
"CPA01C02","Consumer Price Index (Base Dec 2011=100)","2013","2013","07","Transport","Base Dec 2011=100","105.2"
"CPA01C02","Consumer Price Index (Base Dec 2011=100)","2013","2013","08","Communications","Base Dec 2011=100","94.7"
"CPA01C02","Consumer Price Index (Base Dec 2011=100)","2013","2013","09","Recreation and culture","Base Dec 2011=100","99.2"
"CPA01C02","Consumer Price Index (Base Dec 2011=100)","2013","2013","10","Education","Base Dec 2011=100","105.9"
"CPA01C02","Consumer Price Index (Base Dec 2011=100)","2013","2013","11","Restaurants and hotels","Base Dec 2011=100","103.4"
"CPA01C02","Consumer Price Index (Base Dec 2011=100)","2013","2013","12","Miscellaneous goods and services","Base Dec 2011=100","106"
"CPA01C02","Consumer Price Index (Base Dec 2011=100)","2014","2014","-","All items","Base Dec 2011=100","101.8"
"CPA01C02","Consumer Price Index (Base Dec 2011=100)","2014","2014","01","Food and non-alcoholic beverages","Base Dec 2011=100","99.1"
"CPA01C02","Consumer Price Index (Base Dec 2011=100)","2014","2014","02","Alcoholic beverages and tobacco","Base Dec 2011=100","112.8"
"CPA01C02","Consumer Price Index (Base Dec 2011=100)","2014","2014","03","Clothing and footwear","Base Dec 2011=100","91.3"
"CPA01C02","Consumer Price Index (Base Dec 2011=100)","2014","2014","04","Housing, water, electricity, gas and other fuels","Base Dec 2011=100","98.5"
"CPA01C02","Consumer Price Index (Base Dec 2011=100)","2014","2014","05","Furnishings, household equipment and routine household maintenance","Base Dec 2011=100","91.7"
"CPA01C02","Consumer Price Index (Base Dec 2011=100)","2014","2014","06","Health","Base Dec 2011=100","101.2"
"CPA01C02","Consumer Price Index (Base Dec 2011=100)","2014","2014","07","Transport","Base Dec 2011=100","103.6"
"CPA01C02","Consumer Price Index (Base Dec 2011=100)","2014","2014","08","Communications","Base Dec 2011=100","92"
"CPA01C02","Consumer Price Index (Base Dec 2011=100)","2014","2014","09","Recreation and culture","Base Dec 2011=100","98.7"
"CPA01C02","Consumer Price Index (Base Dec 2011=100)","2014","2014","10","Education","Base Dec 2011=100","110.8"
"CPA01C02","Consumer Price Index (Base Dec 2011=100)","2014","2014","11","Restaurants and hotels","Base Dec 2011=100","105.6"
"CPA01C02","Consumer Price Index (Base Dec 2011=100)","2014","2014","12","Miscellaneous goods and services","Base Dec 2011=100","109.7"
"CPA01C02","Consumer Price Index (Base Dec 2011=100)","2015","2015","-","All items","Base Dec 2011=100","101.5"
"CPA01C02","Consumer Price Index (Base Dec 2011=100)","2015","2015","01","Food and non-alcoholic beverages","Base Dec 2011=100","97"
"CPA01C02","Consumer Price Index (Base Dec 2011=100)","2015","2015","02","Alcoholic beverages and tobacco","Base Dec 2011=100","113.3"
"CPA01C02","Consumer Price Index (Base Dec 2011=100)","2015","2015","03","Clothing and footwear","Base Dec 2011=100","87.9"
"CPA01C02","Consumer Price Index (Base Dec 2011=100)","2015","2015","04","Housing, water, electricity, gas and other fuels","Base Dec 2011=100","100"
"CPA01C02","Consumer Price Index (Base Dec 2011=100)","2015","2015","05","Furnishings, household equipment and routine household maintenance","Base Dec 2011=100","89.6"
"CPA01C02","Consumer Price Index (Base Dec 2011=100)","2015","2015","06","Health","Base Dec 2011=100","101.2"
"CPA01C02","Consumer Price Index (Base Dec 2011=100)","2015","2015","07","Transport","Base Dec 2011=100","98.6"
"CPA01C02","Consumer Price Index (Base Dec 2011=100)","2015","2015","08","Communications","Base Dec 2011=100","93.5"
"CPA01C02","Consumer Price Index (Base Dec 2011=100)","2015","2015","09","Recreation and culture","Base Dec 2011=100","98.4"
"CPA01C02","Consumer Price Index (Base Dec 2011=100)","2015","2015","10","Education","Base Dec 2011=100","116"
"CPA01C02","Consumer Price Index (Base Dec 2011=100)","2015","2015","11","Restaurants and hotels","Base Dec 2011=100","107.3"
"CPA01C02","Consumer Price Index (Base Dec 2011=100)","2015","2015","12","Miscellaneous goods and services","Base Dec 2011=100","111.3"
"CPA01C02","Consumer Price Index (Base Dec 2011=100)","2016","2016","-","All items","Base Dec 2011=100","101.5"
"CPA01C02","Consumer Price Index (Base Dec 2011=100)","2016","2016","01","Food and non-alcoholic beverages","Base Dec 2011=100","95.7"
"CPA01C02","Consumer Price Index (Base Dec 2011=100)","2016","2016","02","Alcoholic beverages and tobacco","Base Dec 2011=100","115"
"CPA01C02","Consumer Price Index (Base Dec 2011=100)","2016","2016","03","Clothing and footwear","Base Dec 2011=100","85.7"
"CPA01C02","Consumer Price Index (Base Dec 2011=100)","2016","2016","04","Housing, water, electricity, gas and other fuels","Base Dec 2011=100","99.6"
"CPA01C02","Consumer Price Index (Base Dec 2011=100)","2016","2016","05","Furnishings, household equipment and routine household maintenance","Base Dec 2011=100","86.7"
"CPA01C02","Consumer Price Index (Base Dec 2011=100)","2016","2016","06","Health","Base Dec 2011=100","102.4"
"CPA01C02","Consumer Price Index (Base Dec 2011=100)","2016","2016","07","Transport","Base Dec 2011=100","95.5"
"CPA01C02","Consumer Price Index (Base Dec 2011=100)","2016","2016","08","Communications","Base Dec 2011=100","92.4"
"CPA01C02","Consumer Price Index (Base Dec 2011=100)","2016","2016","09","Recreation and culture","Base Dec 2011=100","97.3"
"CPA01C02","Consumer Price Index (Base Dec 2011=100)","2016","2016","10","Education","Base Dec 2011=100","119.8"
"CPA01C02","Consumer Price Index (Base Dec 2011=100)","2016","2016","11","Restaurants and hotels","Base Dec 2011=100","109.5"
"CPA01C02","Consumer Price Index (Base Dec 2011=100)","2016","2016","12","Miscellaneous goods and services","Base Dec 2011=100","116"
"CPA01C02","Consumer Price Index (Base Dec 2011=100)","2017","2017","-","All items","Base Dec 2011=100","101.9"
"CPA01C02","Consumer Price Index (Base Dec 2011=100)","2017","2017","01","Food and non-alcoholic beverages","Base Dec 2011=100","93.7"
"CPA01C02","Consumer Price Index (Base Dec 2011=100)","2017","2017","02","Alcoholic beverages and tobacco","Base Dec 2011=100","115.7"
"CPA01C02","Consumer Price Index (Base Dec 2011=100)","2017","2017","03","Clothing and footwear","Base Dec 2011=100","82"
"CPA01C02","Consumer Price Index (Base Dec 2011=100)","2017","2017","04","Housing, water, electricity, gas and other fuels","Base Dec 2011=100","101.6"
"CPA01C02","Consumer Price Index (Base Dec 2011=100)","2017","2017","05","Furnishings, household equipment and routine household maintenance","Base Dec 2011=100","83"
"CPA01C02","Consumer Price Index (Base Dec 2011=100)","2017","2017","06","Health","Base Dec 2011=100","103.8"
"CPA01C02","Consumer Price Index (Base Dec 2011=100)","2017","2017","07","Transport","Base Dec 2011=100","97.5"
"CPA01C02","Consumer Price Index (Base Dec 2011=100)","2017","2017","08","Communications","Base Dec 2011=100","92.2"
"CPA01C02","Consumer Price Index (Base Dec 2011=100)","2017","2017","09","Recreation and culture","Base Dec 2011=100","95.4"
"CPA01C02","Consumer Price Index (Base Dec 2011=100)","2017","2017","10","Education","Base Dec 2011=100","121.9"
"CPA01C02","Consumer Price Index (Base Dec 2011=100)","2017","2017","11","Restaurants and hotels","Base Dec 2011=100","112"
"CPA01C02","Consumer Price Index (Base Dec 2011=100)","2017","2017","12","Miscellaneous goods and services","Base Dec 2011=100","116.3"
"CPA01C02","Consumer Price Index (Base Dec 2011=100)","2018","2018","-","All items","Base Dec 2011=100","102.4"
"CPA01C02","Consumer Price Index (Base Dec 2011=100)","2018","2018","01","Food and non-alcoholic beverages","Base Dec 2011=100","91.8"
"CPA01C02","Consumer Price Index (Base Dec 2011=100)","2018","2018","02","Alcoholic beverages and tobacco","Base Dec 2011=100","119"
"CPA01C02","Consumer Price Index (Base Dec 2011=100)","2018","2018","03","Clothing and footwear","Base Dec 2011=100","80.8"
"CPA01C02","Consumer Price Index (Base Dec 2011=100)","2018","2018","04","Housing, water, electricity, gas and other fuels","Base Dec 2011=100","106.8"
"CPA01C02","Consumer Price Index (Base Dec 2011=100)","2018","2018","05","Furnishings, household equipment and routine household maintenance","Base Dec 2011=100","79.8"
"CPA01C02","Consumer Price Index (Base Dec 2011=100)","2018","2018","06","Health","Base Dec 2011=100","104"
"CPA01C02","Consumer Price Index (Base Dec 2011=100)","2018","2018","07","Transport","Base Dec 2011=100","98.3"
"CPA01C02","Consumer Price Index (Base Dec 2011=100)","2018","2018","08","Communications","Base Dec 2011=100","91.4"
"CPA01C02","Consumer Price Index (Base Dec 2011=100)","2018","2018","09","Recreation and culture","Base Dec 2011=100","94.4"
"CPA01C02","Consumer Price Index (Base Dec 2011=100)","2018","2018","10","Education","Base Dec 2011=100","123.9"
"CPA01C02","Consumer Price Index (Base Dec 2011=100)","2018","2018","11","Restaurants and hotels","Base Dec 2011=100","114.4"
"CPA01C02","Consumer Price Index (Base Dec 2011=100)","2018","2018","12","Miscellaneous goods and services","Base Dec 2011=100","112.7"
"CPA01C02","Consumer Price Index (Base Dec 2011=100)","2019","2019","-","All items","Base Dec 2011=100","103.3"
"CPA01C02","Consumer Price Index (Base Dec 2011=100)","2019","2019","01","Food and non-alcoholic beverages","Base Dec 2011=100","91.2"
"CPA01C02","Consumer Price Index (Base Dec 2011=100)","2019","2019","02","Alcoholic beverages and tobacco","Base Dec 2011=100","122.3"
"CPA01C02","Consumer Price Index (Base Dec 2011=100)","2019","2019","03","Clothing and footwear","Base Dec 2011=100","79.6"
"CPA01C02","Consumer Price Index (Base Dec 2011=100)","2019","2019","04","Housing, water, electricity, gas and other fuels","Base Dec 2011=100","110.9"
"CPA01C02","Consumer Price Index (Base Dec 2011=100)","2019","2019","05","Furnishings, household equipment and routine household maintenance","Base Dec 2011=100","77.2"
"CPA01C02","Consumer Price Index (Base Dec 2011=100)","2019","2019","06","Health","Base Dec 2011=100","104.8"
"CPA01C02","Consumer Price Index (Base Dec 2011=100)","2019","2019","07","Transport","Base Dec 2011=100","98.5"
"CPA01C02","Consumer Price Index (Base Dec 2011=100)","2019","2019","08","Communications","Base Dec 2011=100","86.5"
"CPA01C02","Consumer Price Index (Base Dec 2011=100)","2019","2019","09","Recreation and culture","Base Dec 2011=100","95.1"
"CPA01C02","Consumer Price Index (Base Dec 2011=100)","2019","2019","10","Education","Base Dec 2011=100","126.7"
"CPA01C02","Consumer Price Index (Base Dec 2011=100)","2019","2019","11","Restaurants and hotels","Base Dec 2011=100","117.8"
"CPA01C02","Consumer Price Index (Base Dec 2011=100)","2019","2019","12","Miscellaneous goods and services","Base Dec 2011=100","112.6"
"CPA01C02","Consumer Price Index (Base Dec 2011=100)","2020","2020","-","All items","Base Dec 2011=100","103"
"CPA01C02","Consumer Price Index (Base Dec 2011=100)","2020","2020","01","Food and non-alcoholic beverages","Base Dec 2011=100","90"
"CPA01C02","Consumer Price Index (Base Dec 2011=100)","2020","2020","02","Alcoholic beverages and tobacco","Base Dec 2011=100","125.3"
"CPA01C02","Consumer Price Index (Base Dec 2011=100)","2020","2020","03","Clothing and footwear","Base Dec 2011=100","76.7"
"CPA01C02","Consumer Price Index (Base Dec 2011=100)","2020","2020","04","Housing, water, electricity, gas and other fuels","Base Dec 2011=100","109.7"
"CPA01C02","Consumer Price Index (Base Dec 2011=100)","2020","2020","05","Furnishings, household equipment and routine household maintenance","Base Dec 2011=100","74.9"
"CPA01C02","Consumer Price Index (Base Dec 2011=100)","2020","2020","06","Health","Base Dec 2011=100","107.8"
"CPA01C02","Consumer Price Index (Base Dec 2011=100)","2020","2020","07","Transport","Base Dec 2011=100","96.8"
"CPA01C02","Consumer Price Index (Base Dec 2011=100)","2020","2020","08","Communications","Base Dec 2011=100","80.5"
"CPA01C02","Consumer Price Index (Base Dec 2011=100)","2020","2020","09","Recreation and culture","Base Dec 2011=100","96.5"
"CPA01C02","Consumer Price Index (Base Dec 2011=100)","2020","2020","10","Education","Base Dec 2011=100","130.6"
"CPA01C02","Consumer Price Index (Base Dec 2011=100)","2020","2020","11","Restaurants and hotels","Base Dec 2011=100","119.1"
"CPA01C02","Consumer Price Index (Base Dec 2011=100)","2020","2020","12","Miscellaneous goods and services","Base Dec 2011=100","113.7"
"CPA01C02","Consumer Price Index (Base Dec 2011=100)","2021","2021","-","All items","Base Dec 2011=100","105.4"
"CPA01C02","Consumer Price Index (Base Dec 2011=100)","2021","2021","01","Food and non-alcoholic beverages","Base Dec 2011=100","89.7"
"CPA01C02","Consumer Price Index (Base Dec 2011=100)","2021","2021","02","Alcoholic beverages and tobacco","Base Dec 2011=100","128.2"
"CPA01C02","Consumer Price Index (Base Dec 2011=100)","2021","2021","03","Clothing and footwear","Base Dec 2011=100","74.3"
"CPA01C02","Consumer Price Index (Base Dec 2011=100)","2021","2021","04","Housing, water, electricity, gas and other fuels","Base Dec 2011=100","115.9"
"CPA01C02","Consumer Price Index (Base Dec 2011=100)","2021","2021","05","Furnishings, household equipment and routine household maintenance","Base Dec 2011=100","74.6"
"CPA01C02","Consumer Price Index (Base Dec 2011=100)","2021","2021","06","Health","Base Dec 2011=100","109.5"
"CPA01C02","Consumer Price Index (Base Dec 2011=100)","2021","2021","07","Transport","Base Dec 2011=100","102.9"
"CPA01C02","Consumer Price Index (Base Dec 2011=100)","2021","2021","08","Communications","Base Dec 2011=100","80.8"
"CPA01C02","Consumer Price Index (Base Dec 2011=100)","2021","2021","09","Recreation and culture","Base Dec 2011=100","97.5"
"CPA01C02","Consumer Price Index (Base Dec 2011=100)","2021","2021","10","Education","Base Dec 2011=100","130.8"
"CPA01C02","Consumer Price Index (Base Dec 2011=100)","2021","2021","11","Restaurants and hotels","Base Dec 2011=100","122.8"
"CPA01C02","Consumer Price Index (Base Dec 2011=100)","2021","2021","12","Miscellaneous goods and services","Base Dec 2011=100","113.7"
"CPA01C02","Consumer Price Index (Base Dec 2011=100)","2022","2022","-","All items","Base Dec 2011=100","113.7"
"CPA01C02","Consumer Price Index (Base Dec 2011=100)","2022","2022","01","Food and non-alcoholic beverages","Base Dec 2011=100","95.9"
"CPA01C02","Consumer Price Index (Base Dec 2011=100)","2022","2022","02","Alcoholic beverages and tobacco","Base Dec 2011=100","138.4"
"CPA01C02","Consumer Price Index (Base Dec 2011=100)","2022","2022","03","Clothing and footwear","Base Dec 2011=100","75.9"
"CPA01C02","Consumer Price Index (Base Dec 2011=100)","2022","2022","04","Housing, water, electricity, gas and other fuels","Base Dec 2011=100","139.7"
"CPA01C02","Consumer Price Index (Base Dec 2011=100)","2022","2022","05","Furnishings, household equipment and routine household maintenance","Base Dec 2011=100","77.2"
"CPA01C02","Consumer Price Index (Base Dec 2011=100)","2022","2022","06","Health","Base Dec 2011=100","110.7"
"CPA01C02","Consumer Price Index (Base Dec 2011=100)","2022","2022","07","Transport","Base Dec 2011=100","117.2"
"CPA01C02","Consumer Price Index (Base Dec 2011=100)","2022","2022","08","Communications","Base Dec 2011=100","83.1"
"CPA01C02","Consumer Price Index (Base Dec 2011=100)","2022","2022","09","Recreation and culture","Base Dec 2011=100","100.1"
"CPA01C02","Consumer Price Index (Base Dec 2011=100)","2022","2022","10","Education","Base Dec 2011=100","127.8"
"CPA01C02","Consumer Price Index (Base Dec 2011=100)","2022","2022","11","Restaurants and hotels","Base Dec 2011=100","130.1"
"CPA01C02","Consumer Price Index (Base Dec 2011=100)","2022","2022","12","Miscellaneous goods and services","Base Dec 2011=100","112.8"
"CPA01C02","Consumer Price Index (Base Dec 2011=100)","2023","2023","-","All items","Base Dec 2011=100","120.8"
"CPA01C02","Consumer Price Index (Base Dec 2011=100)","2023","2023","01","Food and non-alcoholic beverages","Base Dec 2011=100","105.3"
"CPA01C02","Consumer Price Index (Base Dec 2011=100)","2023","2023","02","Alcoholic beverages and tobacco","Base Dec 2011=100","144.8"
"CPA01C02","Consumer Price Index (Base Dec 2011=100)","2023","2023","03","Clothing and footwear","Base Dec 2011=100","78.4"
"CPA01C02","Consumer Price Index (Base Dec 2011=100)","2023","2023","04","Housing, water, electricity, gas and other fuels","Base Dec 2011=100","161.6"
"CPA01C02","Consumer Price Index (Base Dec 2011=100)","2023","2023","05","Furnishings, household equipment and routine household maintenance","Base Dec 2011=100","79.1"
"CPA01C02","Consumer Price Index (Base Dec 2011=100)","2023","2023","06","Health","Base Dec 2011=100","114"
"CPA01C02","Consumer Price Index (Base Dec 2011=100)","2023","2023","07","Transport","Base Dec 2011=100","116.9"
"CPA01C02","Consumer Price Index (Base Dec 2011=100)","2023","2023","08","Communications","Base Dec 2011=100","84.2"
"CPA01C02","Consumer Price Index (Base Dec 2011=100)","2023","2023","09","Recreation and culture","Base Dec 2011=100","107.9"
"CPA01C02","Consumer Price Index (Base Dec 2011=100)","2023","2023","10","Education","Base Dec 2011=100","122.2"
"CPA01C02","Consumer Price Index (Base Dec 2011=100)","2023","2023","11","Restaurants and hotels","Base Dec 2011=100","140.3"
"CPA01C02","Consumer Price Index (Base Dec 2011=100)","2023","2023","12","Miscellaneous goods and services","Base Dec 2011=100","114.2"
"CPA01C02","Consumer Price Index (Base Dec 2011=100)","2024","2024","-","All items","Base Dec 2011=100","123.4"
"CPA01C02","Consumer Price Index (Base Dec 2011=100)","2024","2024","01","Food and non-alcoholic beverages","Base Dec 2011=100","108"
"CPA01C02","Consumer Price Index (Base Dec 2011=100)","2024","2024","02","Alcoholic beverages and tobacco","Base Dec 2011=100","150.2"
"CPA01C02","Consumer Price Index (Base Dec 2011=100)","2024","2024","03","Clothing and footwear","Base Dec 2011=100","73.6"
"CPA01C02","Consumer Price Index (Base Dec 2011=100)","2024","2024","04","Housing, water, electricity, gas and other fuels","Base Dec 2011=100","162"
"CPA01C02","Consumer Price Index (Base Dec 2011=100)","2024","2024","05","Furnishings, household equipment and routine household maintenance","Base Dec 2011=100","78.5"
"CPA01C02","Consumer Price Index (Base Dec 2011=100)","2024","2024","06","Health","Base Dec 2011=100","116.2"
"CPA01C02","Consumer Price Index (Base Dec 2011=100)","2024","2024","07","Transport","Base Dec 2011=100","119.9"
"CPA01C02","Consumer Price Index (Base Dec 2011=100)","2024","2024","08","Communications","Base Dec 2011=100","85.1"
"CPA01C02","Consumer Price Index (Base Dec 2011=100)","2024","2024","09","Recreation and culture","Base Dec 2011=100","112.6"
"CPA01C02","Consumer Price Index (Base Dec 2011=100)","2024","2024","10","Education","Base Dec 2011=100","124.8"
"CPA01C02","Consumer Price Index (Base Dec 2011=100)","2024","2024","11","Restaurants and hotels","Base Dec 2011=100","146.9"
"CPA01C02","Consumer Price Index (Base Dec 2011=100)","2024","2024","12","Miscellaneous goods and services","Base Dec 2011=100","117.9"
"CPA01C03","Consumer Price Index (Base Dec 2006=100)","1975","1975","-","All items","Base Dec 2006=100","15.7"
"CPA01C03","Consumer Price Index (Base Dec 2006=100)","1975","1975","01","Food and non-alcoholic beverages","Base Dec 2006=100",""
"CPA01C03","Consumer Price Index (Base Dec 2006=100)","1975","1975","02","Alcoholic beverages and tobacco","Base Dec 2006=100",""
"CPA01C03","Consumer Price Index (Base Dec 2006=100)","1975","1975","03","Clothing and footwear","Base Dec 2006=100",""
"CPA01C03","Consumer Price Index (Base Dec 2006=100)","1975","1975","04","Housing, water, electricity, gas and other fuels","Base Dec 2006=100",""
"CPA01C03","Consumer Price Index (Base Dec 2006=100)","1975","1975","05","Furnishings, household equipment and routine household maintenance","Base Dec 2006=100",""
"CPA01C03","Consumer Price Index (Base Dec 2006=100)","1975","1975","06","Health","Base Dec 2006=100",""
"CPA01C03","Consumer Price Index (Base Dec 2006=100)","1975","1975","07","Transport","Base Dec 2006=100",""
"CPA01C03","Consumer Price Index (Base Dec 2006=100)","1975","1975","08","Communications","Base Dec 2006=100",""
"CPA01C03","Consumer Price Index (Base Dec 2006=100)","1975","1975","09","Recreation and culture","Base Dec 2006=100",""
"CPA01C03","Consumer Price Index (Base Dec 2006=100)","1975","1975","10","Education","Base Dec 2006=100",""
"CPA01C03","Consumer Price Index (Base Dec 2006=100)","1975","1975","11","Restaurants and hotels","Base Dec 2006=100",""
"CPA01C03","Consumer Price Index (Base Dec 2006=100)","1975","1975","12","Miscellaneous goods and services","Base Dec 2006=100",""
"CPA01C03","Consumer Price Index (Base Dec 2006=100)","1976","1976","-","All items","Base Dec 2006=100","18"
"CPA01C03","Consumer Price Index (Base Dec 2006=100)","1976","1976","01","Food and non-alcoholic beverages","Base Dec 2006=100",""
"CPA01C03","Consumer Price Index (Base Dec 2006=100)","1976","1976","02","Alcoholic beverages and tobacco","Base Dec 2006=100",""
"CPA01C03","Consumer Price Index (Base Dec 2006=100)","1976","1976","03","Clothing and footwear","Base Dec 2006=100",""
"CPA01C03","Consumer Price Index (Base Dec 2006=100)","1976","1976","04","Housing, water, electricity, gas and other fuels","Base Dec 2006=100",""
"CPA01C03","Consumer Price Index (Base Dec 2006=100)","1976","1976","05","Furnishings, household equipment and routine household maintenance","Base Dec 2006=100",""
"CPA01C03","Consumer Price Index (Base Dec 2006=100)","1976","1976","06","Health","Base Dec 2006=100",""
"CPA01C03","Consumer Price Index (Base Dec 2006=100)","1976","1976","07","Transport","Base Dec 2006=100",""
"CPA01C03","Consumer Price Index (Base Dec 2006=100)","1976","1976","08","Communications","Base Dec 2006=100",""
"CPA01C03","Consumer Price Index (Base Dec 2006=100)","1976","1976","09","Recreation and culture","Base Dec 2006=100",""
"CPA01C03","Consumer Price Index (Base Dec 2006=100)","1976","1976","10","Education","Base Dec 2006=100",""
"CPA01C03","Consumer Price Index (Base Dec 2006=100)","1976","1976","11","Restaurants and hotels","Base Dec 2006=100",""
"CPA01C03","Consumer Price Index (Base Dec 2006=100)","1976","1976","12","Miscellaneous goods and services","Base Dec 2006=100",""
"CPA01C03","Consumer Price Index (Base Dec 2006=100)","1977","1977","-","All items","Base Dec 2006=100","20.4"
"CPA01C03","Consumer Price Index (Base Dec 2006=100)","1977","1977","01","Food and non-alcoholic beverages","Base Dec 2006=100",""
"CPA01C03","Consumer Price Index (Base Dec 2006=100)","1977","1977","02","Alcoholic beverages and tobacco","Base Dec 2006=100",""
"CPA01C03","Consumer Price Index (Base Dec 2006=100)","1977","1977","03","Clothing and footwear","Base Dec 2006=100",""
"CPA01C03","Consumer Price Index (Base Dec 2006=100)","1977","1977","04","Housing, water, electricity, gas and other fuels","Base Dec 2006=100",""
"CPA01C03","Consumer Price Index (Base Dec 2006=100)","1977","1977","05","Furnishings, household equipment and routine household maintenance","Base Dec 2006=100",""
"CPA01C03","Consumer Price Index (Base Dec 2006=100)","1977","1977","06","Health","Base Dec 2006=100",""
"CPA01C03","Consumer Price Index (Base Dec 2006=100)","1977","1977","07","Transport","Base Dec 2006=100",""
"CPA01C03","Consumer Price Index (Base Dec 2006=100)","1977","1977","08","Communications","Base Dec 2006=100",""
"CPA01C03","Consumer Price Index (Base Dec 2006=100)","1977","1977","09","Recreation and culture","Base Dec 2006=100",""
"CPA01C03","Consumer Price Index (Base Dec 2006=100)","1977","1977","10","Education","Base Dec 2006=100",""
"CPA01C03","Consumer Price Index (Base Dec 2006=100)","1977","1977","11","Restaurants and hotels","Base Dec 2006=100",""
"CPA01C03","Consumer Price Index (Base Dec 2006=100)","1977","1977","12","Miscellaneous goods and services","Base Dec 2006=100",""
"CPA01C03","Consumer Price Index (Base Dec 2006=100)","1978","1978","-","All items","Base Dec 2006=100","22"
"CPA01C03","Consumer Price Index (Base Dec 2006=100)","1978","1978","01","Food and non-alcoholic beverages","Base Dec 2006=100",""
"CPA01C03","Consumer Price Index (Base Dec 2006=100)","1978","1978","02","Alcoholic beverages and tobacco","Base Dec 2006=100",""
"CPA01C03","Consumer Price Index (Base Dec 2006=100)","1978","1978","03","Clothing and footwear","Base Dec 2006=100",""
"CPA01C03","Consumer Price Index (Base Dec 2006=100)","1978","1978","04","Housing, water, electricity, gas and other fuels","Base Dec 2006=100",""
"CPA01C03","Consumer Price Index (Base Dec 2006=100)","1978","1978","05","Furnishings, household equipment and routine household maintenance","Base Dec 2006=100",""
"CPA01C03","Consumer Price Index (Base Dec 2006=100)","1978","1978","06","Health","Base Dec 2006=100",""
"CPA01C03","Consumer Price Index (Base Dec 2006=100)","1978","1978","07","Transport","Base Dec 2006=100",""
"CPA01C03","Consumer Price Index (Base Dec 2006=100)","1978","1978","08","Communications","Base Dec 2006=100",""
"CPA01C03","Consumer Price Index (Base Dec 2006=100)","1978","1978","09","Recreation and culture","Base Dec 2006=100",""
"CPA01C03","Consumer Price Index (Base Dec 2006=100)","1978","1978","10","Education","Base Dec 2006=100",""
"CPA01C03","Consumer Price Index (Base Dec 2006=100)","1978","1978","11","Restaurants and hotels","Base Dec 2006=100",""
"CPA01C03","Consumer Price Index (Base Dec 2006=100)","1978","1978","12","Miscellaneous goods and services","Base Dec 2006=100",""
"CPA01C03","Consumer Price Index (Base Dec 2006=100)","1979","1979","-","All items","Base Dec 2006=100","24.9"
"CPA01C03","Consumer Price Index (Base Dec 2006=100)","1979","1979","01","Food and non-alcoholic beverages","Base Dec 2006=100",""
"CPA01C03","Consumer Price Index (Base Dec 2006=100)","1979","1979","02","Alcoholic beverages and tobacco","Base Dec 2006=100",""
"CPA01C03","Consumer Price Index (Base Dec 2006=100)","1979","1979","03","Clothing and footwear","Base Dec 2006=100",""
"CPA01C03","Consumer Price Index (Base Dec 2006=100)","1979","1979","04","Housing, water, electricity, gas and other fuels","Base Dec 2006=100",""
"CPA01C03","Consumer Price Index (Base Dec 2006=100)","1979","1979","05","Furnishings, household equipment and routine household maintenance","Base Dec 2006=100",""
"CPA01C03","Consumer Price Index (Base Dec 2006=100)","1979","1979","06","Health","Base Dec 2006=100",""
"CPA01C03","Consumer Price Index (Base Dec 2006=100)","1979","1979","07","Transport","Base Dec 2006=100",""
"CPA01C03","Consumer Price Index (Base Dec 2006=100)","1979","1979","08","Communications","Base Dec 2006=100",""
"CPA01C03","Consumer Price Index (Base Dec 2006=100)","1979","1979","09","Recreation and culture","Base Dec 2006=100",""
"CPA01C03","Consumer Price Index (Base Dec 2006=100)","1979","1979","10","Education","Base Dec 2006=100",""
"CPA01C03","Consumer Price Index (Base Dec 2006=100)","1979","1979","11","Restaurants and hotels","Base Dec 2006=100",""
"CPA01C03","Consumer Price Index (Base Dec 2006=100)","1979","1979","12","Miscellaneous goods and services","Base Dec 2006=100",""
"CPA01C03","Consumer Price Index (Base Dec 2006=100)","1980","1980","-","All items","Base Dec 2006=100","29.5"
"CPA01C03","Consumer Price Index (Base Dec 2006=100)","1980","1980","01","Food and non-alcoholic beverages","Base Dec 2006=100",""
"CPA01C03","Consumer Price Index (Base Dec 2006=100)","1980","1980","02","Alcoholic beverages and tobacco","Base Dec 2006=100",""
"CPA01C03","Consumer Price Index (Base Dec 2006=100)","1980","1980","03","Clothing and footwear","Base Dec 2006=100",""
"CPA01C03","Consumer Price Index (Base Dec 2006=100)","1980","1980","04","Housing, water, electricity, gas and other fuels","Base Dec 2006=100",""
"CPA01C03","Consumer Price Index (Base Dec 2006=100)","1980","1980","05","Furnishings, household equipment and routine household maintenance","Base Dec 2006=100",""
"CPA01C03","Consumer Price Index (Base Dec 2006=100)","1980","1980","06","Health","Base Dec 2006=100",""
"CPA01C03","Consumer Price Index (Base Dec 2006=100)","1980","1980","07","Transport","Base Dec 2006=100",""
"CPA01C03","Consumer Price Index (Base Dec 2006=100)","1980","1980","08","Communications","Base Dec 2006=100",""
"CPA01C03","Consumer Price Index (Base Dec 2006=100)","1980","1980","09","Recreation and culture","Base Dec 2006=100",""
"CPA01C03","Consumer Price Index (Base Dec 2006=100)","1980","1980","10","Education","Base Dec 2006=100",""
"CPA01C03","Consumer Price Index (Base Dec 2006=100)","1980","1980","11","Restaurants and hotels","Base Dec 2006=100",""
"CPA01C03","Consumer Price Index (Base Dec 2006=100)","1980","1980","12","Miscellaneous goods and services","Base Dec 2006=100",""
"CPA01C03","Consumer Price Index (Base Dec 2006=100)","1981","1981","-","All items","Base Dec 2006=100","35.5"
"CPA01C03","Consumer Price Index (Base Dec 2006=100)","1981","1981","01","Food and non-alcoholic beverages","Base Dec 2006=100",""
"CPA01C03","Consumer Price Index (Base Dec 2006=100)","1981","1981","02","Alcoholic beverages and tobacco","Base Dec 2006=100",""
"CPA01C03","Consumer Price Index (Base Dec 2006=100)","1981","1981","03","Clothing and footwear","Base Dec 2006=100",""
"CPA01C03","Consumer Price Index (Base Dec 2006=100)","1981","1981","04","Housing, water, electricity, gas and other fuels","Base Dec 2006=100",""
"CPA01C03","Consumer Price Index (Base Dec 2006=100)","1981","1981","05","Furnishings, household equipment and routine household maintenance","Base Dec 2006=100",""
"CPA01C03","Consumer Price Index (Base Dec 2006=100)","1981","1981","06","Health","Base Dec 2006=100",""
"CPA01C03","Consumer Price Index (Base Dec 2006=100)","1981","1981","07","Transport","Base Dec 2006=100",""
"CPA01C03","Consumer Price Index (Base Dec 2006=100)","1981","1981","08","Communications","Base Dec 2006=100",""
"CPA01C03","Consumer Price Index (Base Dec 2006=100)","1981","1981","09","Recreation and culture","Base Dec 2006=100",""
"CPA01C03","Consumer Price Index (Base Dec 2006=100)","1981","1981","10","Education","Base Dec 2006=100",""
"CPA01C03","Consumer Price Index (Base Dec 2006=100)","1981","1981","11","Restaurants and hotels","Base Dec 2006=100",""
"CPA01C03","Consumer Price Index (Base Dec 2006=100)","1981","1981","12","Miscellaneous goods and services","Base Dec 2006=100",""
"CPA01C03","Consumer Price Index (Base Dec 2006=100)","1982","1982","-","All items","Base Dec 2006=100","41.5"
"CPA01C03","Consumer Price Index (Base Dec 2006=100)","1982","1982","01","Food and non-alcoholic beverages","Base Dec 2006=100",""
"CPA01C03","Consumer Price Index (Base Dec 2006=100)","1982","1982","02","Alcoholic beverages and tobacco","Base Dec 2006=100",""
"CPA01C03","Consumer Price Index (Base Dec 2006=100)","1982","1982","03","Clothing and footwear","Base Dec 2006=100",""
"CPA01C03","Consumer Price Index (Base Dec 2006=100)","1982","1982","04","Housing, water, electricity, gas and other fuels","Base Dec 2006=100",""
"CPA01C03","Consumer Price Index (Base Dec 2006=100)","1982","1982","05","Furnishings, household equipment and routine household maintenance","Base Dec 2006=100",""
"CPA01C03","Consumer Price Index (Base Dec 2006=100)","1982","1982","06","Health","Base Dec 2006=100",""
"CPA01C03","Consumer Price Index (Base Dec 2006=100)","1982","1982","07","Transport","Base Dec 2006=100",""
"CPA01C03","Consumer Price Index (Base Dec 2006=100)","1982","1982","08","Communications","Base Dec 2006=100",""
"CPA01C03","Consumer Price Index (Base Dec 2006=100)","1982","1982","09","Recreation and culture","Base Dec 2006=100",""
"CPA01C03","Consumer Price Index (Base Dec 2006=100)","1982","1982","10","Education","Base Dec 2006=100",""
"CPA01C03","Consumer Price Index (Base Dec 2006=100)","1982","1982","11","Restaurants and hotels","Base Dec 2006=100",""
"CPA01C03","Consumer Price Index (Base Dec 2006=100)","1982","1982","12","Miscellaneous goods and services","Base Dec 2006=100",""
"CPA01C03","Consumer Price Index (Base Dec 2006=100)","1983","1983","-","All items","Base Dec 2006=100","45.9"
"CPA01C03","Consumer Price Index (Base Dec 2006=100)","1983","1983","01","Food and non-alcoholic beverages","Base Dec 2006=100",""
"CPA01C03","Consumer Price Index (Base Dec 2006=100)","1983","1983","02","Alcoholic beverages and tobacco","Base Dec 2006=100",""
"CPA01C03","Consumer Price Index (Base Dec 2006=100)","1983","1983","03","Clothing and footwear","Base Dec 2006=100",""
"CPA01C03","Consumer Price Index (Base Dec 2006=100)","1983","1983","04","Housing, water, electricity, gas and other fuels","Base Dec 2006=100",""
"CPA01C03","Consumer Price Index (Base Dec 2006=100)","1983","1983","05","Furnishings, household equipment and routine household maintenance","Base Dec 2006=100",""
"CPA01C03","Consumer Price Index (Base Dec 2006=100)","1983","1983","06","Health","Base Dec 2006=100",""
"CPA01C03","Consumer Price Index (Base Dec 2006=100)","1983","1983","07","Transport","Base Dec 2006=100",""
"CPA01C03","Consumer Price Index (Base Dec 2006=100)","1983","1983","08","Communications","Base Dec 2006=100",""
"CPA01C03","Consumer Price Index (Base Dec 2006=100)","1983","1983","09","Recreation and culture","Base Dec 2006=100",""
"CPA01C03","Consumer Price Index (Base Dec 2006=100)","1983","1983","10","Education","Base Dec 2006=100",""
"CPA01C03","Consumer Price Index (Base Dec 2006=100)","1983","1983","11","Restaurants and hotels","Base Dec 2006=100",""
"CPA01C03","Consumer Price Index (Base Dec 2006=100)","1983","1983","12","Miscellaneous goods and services","Base Dec 2006=100",""
"CPA01C03","Consumer Price Index (Base Dec 2006=100)","1984","1984","-","All items","Base Dec 2006=100","49.8"
"CPA01C03","Consumer Price Index (Base Dec 2006=100)","1984","1984","01","Food and non-alcoholic beverages","Base Dec 2006=100",""
"CPA01C03","Consumer Price Index (Base Dec 2006=100)","1984","1984","02","Alcoholic beverages and tobacco","Base Dec 2006=100",""
"CPA01C03","Consumer Price Index (Base Dec 2006=100)","1984","1984","03","Clothing and footwear","Base Dec 2006=100",""
"CPA01C03","Consumer Price Index (Base Dec 2006=100)","1984","1984","04","Housing, water, electricity, gas and other fuels","Base Dec 2006=100",""
"CPA01C03","Consumer Price Index (Base Dec 2006=100)","1984","1984","05","Furnishings, household equipment and routine household maintenance","Base Dec 2006=100",""
"CPA01C03","Consumer Price Index (Base Dec 2006=100)","1984","1984","06","Health","Base Dec 2006=100",""
"CPA01C03","Consumer Price Index (Base Dec 2006=100)","1984","1984","07","Transport","Base Dec 2006=100",""
"CPA01C03","Consumer Price Index (Base Dec 2006=100)","1984","1984","08","Communications","Base Dec 2006=100",""
"CPA01C03","Consumer Price Index (Base Dec 2006=100)","1984","1984","09","Recreation and culture","Base Dec 2006=100",""
"CPA01C03","Consumer Price Index (Base Dec 2006=100)","1984","1984","10","Education","Base Dec 2006=100",""
"CPA01C03","Consumer Price Index (Base Dec 2006=100)","1984","1984","11","Restaurants and hotels","Base Dec 2006=100",""
"CPA01C03","Consumer Price Index (Base Dec 2006=100)","1984","1984","12","Miscellaneous goods and services","Base Dec 2006=100",""
"CPA01C03","Consumer Price Index (Base Dec 2006=100)","1985","1985","-","All items","Base Dec 2006=100","52.6"
"CPA01C03","Consumer Price Index (Base Dec 2006=100)","1985","1985","01","Food and non-alcoholic beverages","Base Dec 2006=100",""
"CPA01C03","Consumer Price Index (Base Dec 2006=100)","1985","1985","02","Alcoholic beverages and tobacco","Base Dec 2006=100",""
"CPA01C03","Consumer Price Index (Base Dec 2006=100)","1985","1985","03","Clothing and footwear","Base Dec 2006=100",""
"CPA01C03","Consumer Price Index (Base Dec 2006=100)","1985","1985","04","Housing, water, electricity, gas and other fuels","Base Dec 2006=100",""
"CPA01C03","Consumer Price Index (Base Dec 2006=100)","1985","1985","05","Furnishings, household equipment and routine household maintenance","Base Dec 2006=100",""
"CPA01C03","Consumer Price Index (Base Dec 2006=100)","1985","1985","06","Health","Base Dec 2006=100",""
"CPA01C03","Consumer Price Index (Base Dec 2006=100)","1985","1985","07","Transport","Base Dec 2006=100",""
"CPA01C03","Consumer Price Index (Base Dec 2006=100)","1985","1985","08","Communications","Base Dec 2006=100",""
"CPA01C03","Consumer Price Index (Base Dec 2006=100)","1985","1985","09","Recreation and culture","Base Dec 2006=100",""
"CPA01C03","Consumer Price Index (Base Dec 2006=100)","1985","1985","10","Education","Base Dec 2006=100",""
"CPA01C03","Consumer Price Index (Base Dec 2006=100)","1985","1985","11","Restaurants and hotels","Base Dec 2006=100",""
"CPA01C03","Consumer Price Index (Base Dec 2006=100)","1985","1985","12","Miscellaneous goods and services","Base Dec 2006=100",""
"CPA01C03","Consumer Price Index (Base Dec 2006=100)","1986","1986","-","All items","Base Dec 2006=100","54.5"
"CPA01C03","Consumer Price Index (Base Dec 2006=100)","1986","1986","01","Food and non-alcoholic beverages","Base Dec 2006=100",""
"CPA01C03","Consumer Price Index (Base Dec 2006=100)","1986","1986","02","Alcoholic beverages and tobacco","Base Dec 2006=100",""
"CPA01C03","Consumer Price Index (Base Dec 2006=100)","1986","1986","03","Clothing and footwear","Base Dec 2006=100",""
"CPA01C03","Consumer Price Index (Base Dec 2006=100)","1986","1986","04","Housing, water, electricity, gas and other fuels","Base Dec 2006=100",""
"CPA01C03","Consumer Price Index (Base Dec 2006=100)","1986","1986","05","Furnishings, household equipment and routine household maintenance","Base Dec 2006=100",""
"CPA01C03","Consumer Price Index (Base Dec 2006=100)","1986","1986","06","Health","Base Dec 2006=100",""
"CPA01C03","Consumer Price Index (Base Dec 2006=100)","1986","1986","07","Transport","Base Dec 2006=100",""
"CPA01C03","Consumer Price Index (Base Dec 2006=100)","1986","1986","08","Communications","Base Dec 2006=100",""
"CPA01C03","Consumer Price Index (Base Dec 2006=100)","1986","1986","09","Recreation and culture","Base Dec 2006=100",""
"CPA01C03","Consumer Price Index (Base Dec 2006=100)","1986","1986","10","Education","Base Dec 2006=100",""
"CPA01C03","Consumer Price Index (Base Dec 2006=100)","1986","1986","11","Restaurants and hotels","Base Dec 2006=100",""
"CPA01C03","Consumer Price Index (Base Dec 2006=100)","1986","1986","12","Miscellaneous goods and services","Base Dec 2006=100",""
"CPA01C03","Consumer Price Index (Base Dec 2006=100)","1987","1987","-","All items","Base Dec 2006=100","56.3"
"CPA01C03","Consumer Price Index (Base Dec 2006=100)","1987","1987","01","Food and non-alcoholic beverages","Base Dec 2006=100",""
"CPA01C03","Consumer Price Index (Base Dec 2006=100)","1987","1987","02","Alcoholic beverages and tobacco","Base Dec 2006=100",""
"CPA01C03","Consumer Price Index (Base Dec 2006=100)","1987","1987","03","Clothing and footwear","Base Dec 2006=100",""
"CPA01C03","Consumer Price Index (Base Dec 2006=100)","1987","1987","04","Housing, water, electricity, gas and other fuels","Base Dec 2006=100",""
"CPA01C03","Consumer Price Index (Base Dec 2006=100)","1987","1987","05","Furnishings, household equipment and routine household maintenance","Base Dec 2006=100",""
"CPA01C03","Consumer Price Index (Base Dec 2006=100)","1987","1987","06","Health","Base Dec 2006=100",""
"CPA01C03","Consumer Price Index (Base Dec 2006=100)","1987","1987","07","Transport","Base Dec 2006=100",""
"CPA01C03","Consumer Price Index (Base Dec 2006=100)","1987","1987","08","Communications","Base Dec 2006=100",""
"CPA01C03","Consumer Price Index (Base Dec 2006=100)","1987","1987","09","Recreation and culture","Base Dec 2006=100",""
"CPA01C03","Consumer Price Index (Base Dec 2006=100)","1987","1987","10","Education","Base Dec 2006=100",""
"CPA01C03","Consumer Price Index (Base Dec 2006=100)","1987","1987","11","Restaurants and hotels","Base Dec 2006=100",""
"CPA01C03","Consumer Price Index (Base Dec 2006=100)","1987","1987","12","Miscellaneous goods and services","Base Dec 2006=100",""
"CPA01C03","Consumer Price Index (Base Dec 2006=100)","1988","1988","-","All items","Base Dec 2006=100","57.5"
"CPA01C03","Consumer Price Index (Base Dec 2006=100)","1988","1988","01","Food and non-alcoholic beverages","Base Dec 2006=100",""
"CPA01C03","Consumer Price Index (Base Dec 2006=100)","1988","1988","02","Alcoholic beverages and tobacco","Base Dec 2006=100",""
"CPA01C03","Consumer Price Index (Base Dec 2006=100)","1988","1988","03","Clothing and footwear","Base Dec 2006=100",""
"CPA01C03","Consumer Price Index (Base Dec 2006=100)","1988","1988","04","Housing, water, electricity, gas and other fuels","Base Dec 2006=100",""
"CPA01C03","Consumer Price Index (Base Dec 2006=100)","1988","1988","05","Furnishings, household equipment and routine household maintenance","Base Dec 2006=100",""
"CPA01C03","Consumer Price Index (Base Dec 2006=100)","1988","1988","06","Health","Base Dec 2006=100",""
"CPA01C03","Consumer Price Index (Base Dec 2006=100)","1988","1988","07","Transport","Base Dec 2006=100",""
"CPA01C03","Consumer Price Index (Base Dec 2006=100)","1988","1988","08","Communications","Base Dec 2006=100",""
"CPA01C03","Consumer Price Index (Base Dec 2006=100)","1988","1988","09","Recreation and culture","Base Dec 2006=100",""
"CPA01C03","Consumer Price Index (Base Dec 2006=100)","1988","1988","10","Education","Base Dec 2006=100",""
"CPA01C03","Consumer Price Index (Base Dec 2006=100)","1988","1988","11","Restaurants and hotels","Base Dec 2006=100",""
"CPA01C03","Consumer Price Index (Base Dec 2006=100)","1988","1988","12","Miscellaneous goods and services","Base Dec 2006=100",""
"CPA01C03","Consumer Price Index (Base Dec 2006=100)","1989","1989","-","All items","Base Dec 2006=100","59.8"
"CPA01C03","Consumer Price Index (Base Dec 2006=100)","1989","1989","01","Food and non-alcoholic beverages","Base Dec 2006=100",""
"CPA01C03","Consumer Price Index (Base Dec 2006=100)","1989","1989","02","Alcoholic beverages and tobacco","Base Dec 2006=100",""
"CPA01C03","Consumer Price Index (Base Dec 2006=100)","1989","1989","03","Clothing and footwear","Base Dec 2006=100",""
"CPA01C03","Consumer Price Index (Base Dec 2006=100)","1989","1989","04","Housing, water, electricity, gas and other fuels","Base Dec 2006=100",""
"CPA01C03","Consumer Price Index (Base Dec 2006=100)","1989","1989","05","Furnishings, household equipment and routine household maintenance","Base Dec 2006=100",""
"CPA01C03","Consumer Price Index (Base Dec 2006=100)","1989","1989","06","Health","Base Dec 2006=100",""
"CPA01C03","Consumer Price Index (Base Dec 2006=100)","1989","1989","07","Transport","Base Dec 2006=100",""
"CPA01C03","Consumer Price Index (Base Dec 2006=100)","1989","1989","08","Communications","Base Dec 2006=100",""
"CPA01C03","Consumer Price Index (Base Dec 2006=100)","1989","1989","09","Recreation and culture","Base Dec 2006=100",""
"CPA01C03","Consumer Price Index (Base Dec 2006=100)","1989","1989","10","Education","Base Dec 2006=100",""
"CPA01C03","Consumer Price Index (Base Dec 2006=100)","1989","1989","11","Restaurants and hotels","Base Dec 2006=100",""
"CPA01C03","Consumer Price Index (Base Dec 2006=100)","1989","1989","12","Miscellaneous goods and services","Base Dec 2006=100",""
"CPA01C03","Consumer Price Index (Base Dec 2006=100)","1990","1990","-","All items","Base Dec 2006=100","61.8"
"CPA01C03","Consumer Price Index (Base Dec 2006=100)","1990","1990","01","Food and non-alcoholic beverages","Base Dec 2006=100",""
"CPA01C03","Consumer Price Index (Base Dec 2006=100)","1990","1990","02","Alcoholic beverages and tobacco","Base Dec 2006=100",""
"CPA01C03","Consumer Price Index (Base Dec 2006=100)","1990","1990","03","Clothing and footwear","Base Dec 2006=100",""
"CPA01C03","Consumer Price Index (Base Dec 2006=100)","1990","1990","04","Housing, water, electricity, gas and other fuels","Base Dec 2006=100",""
"CPA01C03","Consumer Price Index (Base Dec 2006=100)","1990","1990","05","Furnishings, household equipment and routine household maintenance","Base Dec 2006=100",""
"CPA01C03","Consumer Price Index (Base Dec 2006=100)","1990","1990","06","Health","Base Dec 2006=100",""
"CPA01C03","Consumer Price Index (Base Dec 2006=100)","1990","1990","07","Transport","Base Dec 2006=100",""
"CPA01C03","Consumer Price Index (Base Dec 2006=100)","1990","1990","08","Communications","Base Dec 2006=100",""
"CPA01C03","Consumer Price Index (Base Dec 2006=100)","1990","1990","09","Recreation and culture","Base Dec 2006=100",""
"CPA01C03","Consumer Price Index (Base Dec 2006=100)","1990","1990","10","Education","Base Dec 2006=100",""
"CPA01C03","Consumer Price Index (Base Dec 2006=100)","1990","1990","11","Restaurants and hotels","Base Dec 2006=100",""
"CPA01C03","Consumer Price Index (Base Dec 2006=100)","1990","1990","12","Miscellaneous goods and services","Base Dec 2006=100",""
"CPA01C03","Consumer Price Index (Base Dec 2006=100)","1991","1991","-","All items","Base Dec 2006=100","63.8"
"CPA01C03","Consumer Price Index (Base Dec 2006=100)","1991","1991","01","Food and non-alcoholic beverages","Base Dec 2006=100",""
"CPA01C03","Consumer Price Index (Base Dec 2006=100)","1991","1991","02","Alcoholic beverages and tobacco","Base Dec 2006=100",""
"CPA01C03","Consumer Price Index (Base Dec 2006=100)","1991","1991","03","Clothing and footwear","Base Dec 2006=100",""
"CPA01C03","Consumer Price Index (Base Dec 2006=100)","1991","1991","04","Housing, water, electricity, gas and other fuels","Base Dec 2006=100",""
"CPA01C03","Consumer Price Index (Base Dec 2006=100)","1991","1991","05","Furnishings, household equipment and routine household maintenance","Base Dec 2006=100",""
"CPA01C03","Consumer Price Index (Base Dec 2006=100)","1991","1991","06","Health","Base Dec 2006=100",""
"CPA01C03","Consumer Price Index (Base Dec 2006=100)","1991","1991","07","Transport","Base Dec 2006=100",""
"CPA01C03","Consumer Price Index (Base Dec 2006=100)","1991","1991","08","Communications","Base Dec 2006=100",""
"CPA01C03","Consumer Price Index (Base Dec 2006=100)","1991","1991","09","Recreation and culture","Base Dec 2006=100",""
"CPA01C03","Consumer Price Index (Base Dec 2006=100)","1991","1991","10","Education","Base Dec 2006=100",""
"CPA01C03","Consumer Price Index (Base Dec 2006=100)","1991","1991","11","Restaurants and hotels","Base Dec 2006=100",""
"CPA01C03","Consumer Price Index (Base Dec 2006=100)","1991","1991","12","Miscellaneous goods and services","Base Dec 2006=100",""
"CPA01C03","Consumer Price Index (Base Dec 2006=100)","1992","1992","-","All items","Base Dec 2006=100","65.7"
"CPA01C03","Consumer Price Index (Base Dec 2006=100)","1992","1992","01","Food and non-alcoholic beverages","Base Dec 2006=100",""
"CPA01C03","Consumer Price Index (Base Dec 2006=100)","1992","1992","02","Alcoholic beverages and tobacco","Base Dec 2006=100",""
"CPA01C03","Consumer Price Index (Base Dec 2006=100)","1992","1992","03","Clothing and footwear","Base Dec 2006=100",""
"CPA01C03","Consumer Price Index (Base Dec 2006=100)","1992","1992","04","Housing, water, electricity, gas and other fuels","Base Dec 2006=100",""
"CPA01C03","Consumer Price Index (Base Dec 2006=100)","1992","1992","05","Furnishings, household equipment and routine household maintenance","Base Dec 2006=100",""
"CPA01C03","Consumer Price Index (Base Dec 2006=100)","1992","1992","06","Health","Base Dec 2006=100",""
"CPA01C03","Consumer Price Index (Base Dec 2006=100)","1992","1992","07","Transport","Base Dec 2006=100",""
"CPA01C03","Consumer Price Index (Base Dec 2006=100)","1992","1992","08","Communications","Base Dec 2006=100",""
"CPA01C03","Consumer Price Index (Base Dec 2006=100)","1992","1992","09","Recreation and culture","Base Dec 2006=100",""
"CPA01C03","Consumer Price Index (Base Dec 2006=100)","1992","1992","10","Education","Base Dec 2006=100",""
"CPA01C03","Consumer Price Index (Base Dec 2006=100)","1992","1992","11","Restaurants and hotels","Base Dec 2006=100",""
"CPA01C03","Consumer Price Index (Base Dec 2006=100)","1992","1992","12","Miscellaneous goods and services","Base Dec 2006=100",""
"CPA01C03","Consumer Price Index (Base Dec 2006=100)","1993","1993","-","All items","Base Dec 2006=100","66.7"
"CPA01C03","Consumer Price Index (Base Dec 2006=100)","1993","1993","01","Food and non-alcoholic beverages","Base Dec 2006=100",""
"CPA01C03","Consumer Price Index (Base Dec 2006=100)","1993","1993","02","Alcoholic beverages and tobacco","Base Dec 2006=100",""
"CPA01C03","Consumer Price Index (Base Dec 2006=100)","1993","1993","03","Clothing and footwear","Base Dec 2006=100",""
"CPA01C03","Consumer Price Index (Base Dec 2006=100)","1993","1993","04","Housing, water, electricity, gas and other fuels","Base Dec 2006=100",""
"CPA01C03","Consumer Price Index (Base Dec 2006=100)","1993","1993","05","Furnishings, household equipment and routine household maintenance","Base Dec 2006=100",""
"CPA01C03","Consumer Price Index (Base Dec 2006=100)","1993","1993","06","Health","Base Dec 2006=100",""
"CPA01C03","Consumer Price Index (Base Dec 2006=100)","1993","1993","07","Transport","Base Dec 2006=100",""
"CPA01C03","Consumer Price Index (Base Dec 2006=100)","1993","1993","08","Communications","Base Dec 2006=100",""
"CPA01C03","Consumer Price Index (Base Dec 2006=100)","1993","1993","09","Recreation and culture","Base Dec 2006=100",""
"CPA01C03","Consumer Price Index (Base Dec 2006=100)","1993","1993","10","Education","Base Dec 2006=100",""
"CPA01C03","Consumer Price Index (Base Dec 2006=100)","1993","1993","11","Restaurants and hotels","Base Dec 2006=100",""
"CPA01C03","Consumer Price Index (Base Dec 2006=100)","1993","1993","12","Miscellaneous goods and services","Base Dec 2006=100",""
"CPA01C03","Consumer Price Index (Base Dec 2006=100)","1994","1994","-","All items","Base Dec 2006=100","68.2"
"CPA01C03","Consumer Price Index (Base Dec 2006=100)","1994","1994","01","Food and non-alcoholic beverages","Base Dec 2006=100",""
"CPA01C03","Consumer Price Index (Base Dec 2006=100)","1994","1994","02","Alcoholic beverages and tobacco","Base Dec 2006=100",""
"CPA01C03","Consumer Price Index (Base Dec 2006=100)","1994","1994","03","Clothing and footwear","Base Dec 2006=100",""
"CPA01C03","Consumer Price Index (Base Dec 2006=100)","1994","1994","04","Housing, water, electricity, gas and other fuels","Base Dec 2006=100",""
"CPA01C03","Consumer Price Index (Base Dec 2006=100)","1994","1994","05","Furnishings, household equipment and routine household maintenance","Base Dec 2006=100",""
"CPA01C03","Consumer Price Index (Base Dec 2006=100)","1994","1994","06","Health","Base Dec 2006=100",""
"CPA01C03","Consumer Price Index (Base Dec 2006=100)","1994","1994","07","Transport","Base Dec 2006=100",""
"CPA01C03","Consumer Price Index (Base Dec 2006=100)","1994","1994","08","Communications","Base Dec 2006=100",""
"CPA01C03","Consumer Price Index (Base Dec 2006=100)","1994","1994","09","Recreation and culture","Base Dec 2006=100",""
"CPA01C03","Consumer Price Index (Base Dec 2006=100)","1994","1994","10","Education","Base Dec 2006=100",""
"CPA01C03","Consumer Price Index (Base Dec 2006=100)","1994","1994","11","Restaurants and hotels","Base Dec 2006=100",""
"CPA01C03","Consumer Price Index (Base Dec 2006=100)","1994","1994","12","Miscellaneous goods and services","Base Dec 2006=100",""
"CPA01C03","Consumer Price Index (Base Dec 2006=100)","1995","1995","-","All items","Base Dec 2006=100","70"
"CPA01C03","Consumer Price Index (Base Dec 2006=100)","1995","1995","01","Food and non-alcoholic beverages","Base Dec 2006=100",""
"CPA01C03","Consumer Price Index (Base Dec 2006=100)","1995","1995","02","Alcoholic beverages and tobacco","Base Dec 2006=100",""
"CPA01C03","Consumer Price Index (Base Dec 2006=100)","1995","1995","03","Clothing and footwear","Base Dec 2006=100",""
"CPA01C03","Consumer Price Index (Base Dec 2006=100)","1995","1995","04","Housing, water, electricity, gas and other fuels","Base Dec 2006=100",""
"CPA01C03","Consumer Price Index (Base Dec 2006=100)","1995","1995","05","Furnishings, household equipment and routine household maintenance","Base Dec 2006=100",""
"CPA01C03","Consumer Price Index (Base Dec 2006=100)","1995","1995","06","Health","Base Dec 2006=100",""
"CPA01C03","Consumer Price Index (Base Dec 2006=100)","1995","1995","07","Transport","Base Dec 2006=100",""
"CPA01C03","Consumer Price Index (Base Dec 2006=100)","1995","1995","08","Communications","Base Dec 2006=100",""
"CPA01C03","Consumer Price Index (Base Dec 2006=100)","1995","1995","09","Recreation and culture","Base Dec 2006=100",""
"CPA01C03","Consumer Price Index (Base Dec 2006=100)","1995","1995","10","Education","Base Dec 2006=100",""
"CPA01C03","Consumer Price Index (Base Dec 2006=100)","1995","1995","11","Restaurants and hotels","Base Dec 2006=100",""
"CPA01C03","Consumer Price Index (Base Dec 2006=100)","1995","1995","12","Miscellaneous goods and services","Base Dec 2006=100",""
"CPA01C03","Consumer Price Index (Base Dec 2006=100)","1996","1996","-","All items","Base Dec 2006=100","71.2"
"CPA01C03","Consumer Price Index (Base Dec 2006=100)","1996","1996","01","Food and non-alcoholic beverages","Base Dec 2006=100",""
"CPA01C03","Consumer Price Index (Base Dec 2006=100)","1996","1996","02","Alcoholic beverages and tobacco","Base Dec 2006=100",""
"CPA01C03","Consumer Price Index (Base Dec 2006=100)","1996","1996","03","Clothing and footwear","Base Dec 2006=100",""
"CPA01C03","Consumer Price Index (Base Dec 2006=100)","1996","1996","04","Housing, water, electricity, gas and other fuels","Base Dec 2006=100",""
"CPA01C03","Consumer Price Index (Base Dec 2006=100)","1996","1996","05","Furnishings, household equipment and routine household maintenance","Base Dec 2006=100",""
"CPA01C03","Consumer Price Index (Base Dec 2006=100)","1996","1996","06","Health","Base Dec 2006=100",""
"CPA01C03","Consumer Price Index (Base Dec 2006=100)","1996","1996","07","Transport","Base Dec 2006=100",""
"CPA01C03","Consumer Price Index (Base Dec 2006=100)","1996","1996","08","Communications","Base Dec 2006=100",""
"CPA01C03","Consumer Price Index (Base Dec 2006=100)","1996","1996","09","Recreation and culture","Base Dec 2006=100",""
"CPA01C03","Consumer Price Index (Base Dec 2006=100)","1996","1996","10","Education","Base Dec 2006=100",""
"CPA01C03","Consumer Price Index (Base Dec 2006=100)","1996","1996","11","Restaurants and hotels","Base Dec 2006=100",""
"CPA01C03","Consumer Price Index (Base Dec 2006=100)","1996","1996","12","Miscellaneous goods and services","Base Dec 2006=100",""
"CPA01C03","Consumer Price Index (Base Dec 2006=100)","1997","1997","-","All items","Base Dec 2006=100","72.2"
"CPA01C03","Consumer Price Index (Base Dec 2006=100)","1997","1997","01","Food and non-alcoholic beverages","Base Dec 2006=100","80.4"
"CPA01C03","Consumer Price Index (Base Dec 2006=100)","1997","1997","02","Alcoholic beverages and tobacco","Base Dec 2006=100","63.9"
"CPA01C03","Consumer Price Index (Base Dec 2006=100)","1997","1997","03","Clothing and footwear","Base Dec 2006=100","140.3"
"CPA01C03","Consumer Price Index (Base Dec 2006=100)","1997","1997","04","Housing, water, electricity, gas and other fuels","Base Dec 2006=100","59.7"
"CPA01C03","Consumer Price Index (Base Dec 2006=100)","1997","1997","05","Furnishings, household equipment and routine household maintenance","Base Dec 2006=100","90.3"
"CPA01C03","Consumer Price Index (Base Dec 2006=100)","1997","1997","06","Health","Base Dec 2006=100","55.5"
"CPA01C03","Consumer Price Index (Base Dec 2006=100)","1997","1997","07","Transport","Base Dec 2006=100","78.1"
"CPA01C03","Consumer Price Index (Base Dec 2006=100)","1997","1997","08","Communications","Base Dec 2006=100","121.9"
"CPA01C03","Consumer Price Index (Base Dec 2006=100)","1997","1997","09","Recreation and culture","Base Dec 2006=100","76.5"
"CPA01C03","Consumer Price Index (Base Dec 2006=100)","1997","1997","10","Education","Base Dec 2006=100","48.6"
"CPA01C03","Consumer Price Index (Base Dec 2006=100)","1997","1997","11","Restaurants and hotels","Base Dec 2006=100","64.1"
"CPA01C03","Consumer Price Index (Base Dec 2006=100)","1997","1997","12","Miscellaneous goods and services","Base Dec 2006=100","65.7"
"CPA01C03","Consumer Price Index (Base Dec 2006=100)","1998","1998","-","All items","Base Dec 2006=100","73.9"
"CPA01C03","Consumer Price Index (Base Dec 2006=100)","1998","1998","01","Food and non-alcoholic beverages","Base Dec 2006=100","83.7"
"CPA01C03","Consumer Price Index (Base Dec 2006=100)","1998","1998","02","Alcoholic beverages and tobacco","Base Dec 2006=100","66.4"
"CPA01C03","Consumer Price Index (Base Dec 2006=100)","1998","1998","03","Clothing and footwear","Base Dec 2006=100","132.8"
"CPA01C03","Consumer Price Index (Base Dec 2006=100)","1998","1998","04","Housing, water, electricity, gas and other fuels","Base Dec 2006=100","60.1"
"CPA01C03","Consumer Price Index (Base Dec 2006=100)","1998","1998","05","Furnishings, household equipment and routine household maintenance","Base Dec 2006=100","93.4"
"CPA01C03","Consumer Price Index (Base Dec 2006=100)","1998","1998","06","Health","Base Dec 2006=100","58.5"
"CPA01C03","Consumer Price Index (Base Dec 2006=100)","1998","1998","07","Transport","Base Dec 2006=100","78.8"
"CPA01C03","Consumer Price Index (Base Dec 2006=100)","1998","1998","08","Communications","Base Dec 2006=100","114.6"
"CPA01C03","Consumer Price Index (Base Dec 2006=100)","1998","1998","09","Recreation and culture","Base Dec 2006=100","78.1"
"CPA01C03","Consumer Price Index (Base Dec 2006=100)","1998","1998","10","Education","Base Dec 2006=100","52.4"
"CPA01C03","Consumer Price Index (Base Dec 2006=100)","1998","1998","11","Restaurants and hotels","Base Dec 2006=100","66.7"
"CPA01C03","Consumer Price Index (Base Dec 2006=100)","1998","1998","12","Miscellaneous goods and services","Base Dec 2006=100","69"
"CPA01C03","Consumer Price Index (Base Dec 2006=100)","1999","1999","-","All items","Base Dec 2006=100","75.1"
"CPA01C03","Consumer Price Index (Base Dec 2006=100)","1999","1999","01","Food and non-alcoholic beverages","Base Dec 2006=100","86.2"
"CPA01C03","Consumer Price Index (Base Dec 2006=100)","1999","1999","02","Alcoholic beverages and tobacco","Base Dec 2006=100","69"
"CPA01C03","Consumer Price Index (Base Dec 2006=100)","1999","1999","03","Clothing and footwear","Base Dec 2006=100","124.4"
"CPA01C03","Consumer Price Index (Base Dec 2006=100)","1999","1999","04","Housing, water, electricity, gas and other fuels","Base Dec 2006=100","56.1"
"CPA01C03","Consumer Price Index (Base Dec 2006=100)","1999","1999","05","Furnishings, household equipment and routine household maintenance","Base Dec 2006=100","95.8"
"CPA01C03","Consumer Price Index (Base Dec 2006=100)","1999","1999","06","Health","Base Dec 2006=100","61.7"
"CPA01C03","Consumer Price Index (Base Dec 2006=100)","1999","1999","07","Transport","Base Dec 2006=100","80.6"
"CPA01C03","Consumer Price Index (Base Dec 2006=100)","1999","1999","08","Communications","Base Dec 2006=100","106.2"
"CPA01C03","Consumer Price Index (Base Dec 2006=100)","1999","1999","09","Recreation and culture","Base Dec 2006=100","80.4"
"CPA01C03","Consumer Price Index (Base Dec 2006=100)","1999","1999","10","Education","Base Dec 2006=100","57.8"
"CPA01C03","Consumer Price Index (Base Dec 2006=100)","1999","1999","11","Restaurants and hotels","Base Dec 2006=100","69.5"
"CPA01C03","Consumer Price Index (Base Dec 2006=100)","1999","1999","12","Miscellaneous goods and services","Base Dec 2006=100","72.9"
"CPA01C03","Consumer Price Index (Base Dec 2006=100)","2000","2000","-","All items","Base Dec 2006=100","79.3"
"CPA01C03","Consumer Price Index (Base Dec 2006=100)","2000","2000","01","Food and non-alcoholic beverages","Base Dec 2006=100","88.9"
"CPA01C03","Consumer Price Index (Base Dec 2006=100)","2000","2000","02","Alcoholic beverages and tobacco","Base Dec 2006=100","77"
"CPA01C03","Consumer Price Index (Base Dec 2006=100)","2000","2000","03","Clothing and footwear","Base Dec 2006=100","118.3"
"CPA01C03","Consumer Price Index (Base Dec 2006=100)","2000","2000","04","Housing, water, electricity, gas and other fuels","Base Dec 2006=100","61.5"
"CPA01C03","Consumer Price Index (Base Dec 2006=100)","2000","2000","05","Furnishings, household equipment and routine household maintenance","Base Dec 2006=100","100"
"CPA01C03","Consumer Price Index (Base Dec 2006=100)","2000","2000","06","Health","Base Dec 2006=100","66.1"
"CPA01C03","Consumer Price Index (Base Dec 2006=100)","2000","2000","07","Transport","Base Dec 2006=100","87.1"
"CPA01C03","Consumer Price Index (Base Dec 2006=100)","2000","2000","08","Communications","Base Dec 2006=100","103"
"CPA01C03","Consumer Price Index (Base Dec 2006=100)","2000","2000","09","Recreation and culture","Base Dec 2006=100","83.4"
"CPA01C03","Consumer Price Index (Base Dec 2006=100)","2000","2000","10","Education","Base Dec 2006=100","63.8"
"CPA01C03","Consumer Price Index (Base Dec 2006=100)","2000","2000","11","Restaurants and hotels","Base Dec 2006=100","73.3"
"CPA01C03","Consumer Price Index (Base Dec 2006=100)","2000","2000","12","Miscellaneous goods and services","Base Dec 2006=100","78.4"
"CPA01C03","Consumer Price Index (Base Dec 2006=100)","2001","2001","-","All items","Base Dec 2006=100","83.2"
"CPA01C03","Consumer Price Index (Base Dec 2006=100)","2001","2001","01","Food and non-alcoholic beverages","Base Dec 2006=100","94.7"
"CPA01C03","Consumer Price Index (Base Dec 2006=100)","2001","2001","02","Alcoholic beverages and tobacco","Base Dec 2006=100","78.9"
"CPA01C03","Consumer Price Index (Base Dec 2006=100)","2001","2001","03","Clothing and footwear","Base Dec 2006=100","115"
"CPA01C03","Consumer Price Index (Base Dec 2006=100)","2001","2001","04","Housing, water, electricity, gas and other fuels","Base Dec 2006=100","68"
"CPA01C03","Consumer Price Index (Base Dec 2006=100)","2001","2001","05","Furnishings, household equipment and routine household maintenance","Base Dec 2006=100","103.5"
"CPA01C03","Consumer Price Index (Base Dec 2006=100)","2001","2001","06","Health","Base Dec 2006=100","71.1"
"CPA01C03","Consumer Price Index (Base Dec 2006=100)","2001","2001","07","Transport","Base Dec 2006=100","85.7"
"CPA01C03","Consumer Price Index (Base Dec 2006=100)","2001","2001","08","Communications","Base Dec 2006=100","94.5"
"CPA01C03","Consumer Price Index (Base Dec 2006=100)","2001","2001","09","Recreation and culture","Base Dec 2006=100","87.5"
"CPA01C03","Consumer Price Index (Base Dec 2006=100)","2001","2001","10","Education","Base Dec 2006=100","68.4"
"CPA01C03","Consumer Price Index (Base Dec 2006=100)","2001","2001","11","Restaurants and hotels","Base Dec 2006=100","77.6"
"CPA01C03","Consumer Price Index (Base Dec 2006=100)","2001","2001","12","Miscellaneous goods and services","Base Dec 2006=100","85.7"
"CPA01C03","Consumer Price Index (Base Dec 2006=100)","2002","2002","-","All items","Base Dec 2006=100","87"
"CPA01C03","Consumer Price Index (Base Dec 2006=100)","2002","2002","01","Food and non-alcoholic beverages","Base Dec 2006=100","97.9"
"CPA01C03","Consumer Price Index (Base Dec 2006=100)","2002","2002","02","Alcoholic beverages and tobacco","Base Dec 2006=100","83.3"
"CPA01C03","Consumer Price Index (Base Dec 2006=100)","2002","2002","03","Clothing and footwear","Base Dec 2006=100","110.1"
"CPA01C03","Consumer Price Index (Base Dec 2006=100)","2002","2002","04","Housing, water, electricity, gas and other fuels","Base Dec 2006=100","68.7"
"CPA01C03","Consumer Price Index (Base Dec 2006=100)","2002","2002","05","Furnishings, household equipment and routine household maintenance","Base Dec 2006=100","105.4"
"CPA01C03","Consumer Price Index (Base Dec 2006=100)","2002","2002","06","Health","Base Dec 2006=100","78.3"
"CPA01C03","Consumer Price Index (Base Dec 2006=100)","2002","2002","07","Transport","Base Dec 2006=100","88.3"
"CPA01C03","Consumer Price Index (Base Dec 2006=100)","2002","2002","08","Communications","Base Dec 2006=100","96.5"
"CPA01C03","Consumer Price Index (Base Dec 2006=100)","2002","2002","09","Recreation and culture","Base Dec 2006=100","93"
"CPA01C03","Consumer Price Index (Base Dec 2006=100)","2002","2002","10","Education","Base Dec 2006=100","75.4"
"CPA01C03","Consumer Price Index (Base Dec 2006=100)","2002","2002","11","Restaurants and hotels","Base Dec 2006=100","83.3"
"CPA01C03","Consumer Price Index (Base Dec 2006=100)","2002","2002","12","Miscellaneous goods and services","Base Dec 2006=100","94"
"CPA01C03","Consumer Price Index (Base Dec 2006=100)","2003","2003","-","All items","Base Dec 2006=100","90.1"
"CPA01C03","Consumer Price Index (Base Dec 2006=100)","2003","2003","01","Food and non-alcoholic beverages","Base Dec 2006=100","99.3"
"CPA01C03","Consumer Price Index (Base Dec 2006=100)","2003","2003","02","Alcoholic beverages and tobacco","Base Dec 2006=100","91.6"
"CPA01C03","Consumer Price Index (Base Dec 2006=100)","2003","2003","03","Clothing and footwear","Base Dec 2006=100","105.7"
"CPA01C03","Consumer Price Index (Base Dec 2006=100)","2003","2003","04","Housing, water, electricity, gas and other fuels","Base Dec 2006=100","68.3"
"CPA01C03","Consumer Price Index (Base Dec 2006=100)","2003","2003","05","Furnishings, household equipment and routine household maintenance","Base Dec 2006=100","104.6"
"CPA01C03","Consumer Price Index (Base Dec 2006=100)","2003","2003","06","Health","Base Dec 2006=100","84.3"
"CPA01C03","Consumer Price Index (Base Dec 2006=100)","2003","2003","07","Transport","Base Dec 2006=100","91.2"
"CPA01C03","Consumer Price Index (Base Dec 2006=100)","2003","2003","08","Communications","Base Dec 2006=100","97.9"
"CPA01C03","Consumer Price Index (Base Dec 2006=100)","2003","2003","09","Recreation and culture","Base Dec 2006=100","96.8"
"CPA01C03","Consumer Price Index (Base Dec 2006=100)","2003","2003","10","Education","Base Dec 2006=100","82.3"
"CPA01C03","Consumer Price Index (Base Dec 2006=100)","2003","2003","11","Restaurants and hotels","Base Dec 2006=100","88.6"
"CPA01C03","Consumer Price Index (Base Dec 2006=100)","2003","2003","12","Miscellaneous goods and services","Base Dec 2006=100","98.4"
"CPA01C03","Consumer Price Index (Base Dec 2006=100)","2004","2004","-","All items","Base Dec 2006=100","92"
"CPA01C03","Consumer Price Index (Base Dec 2006=100)","2004","2004","01","Food and non-alcoholic beverages","Base Dec 2006=100","99.1"
"CPA01C03","Consumer Price Index (Base Dec 2006=100)","2004","2004","02","Alcoholic beverages and tobacco","Base Dec 2006=100","94.8"
"CPA01C03","Consumer Price Index (Base Dec 2006=100)","2004","2004","03","Clothing and footwear","Base Dec 2006=100","102"
"CPA01C03","Consumer Price Index (Base Dec 2006=100)","2004","2004","04","Housing, water, electricity, gas and other fuels","Base Dec 2006=100","71.2"
"CPA01C03","Consumer Price Index (Base Dec 2006=100)","2004","2004","05","Furnishings, household equipment and routine household maintenance","Base Dec 2006=100","102.7"
"CPA01C03","Consumer Price Index (Base Dec 2006=100)","2004","2004","06","Health","Base Dec 2006=100","89.3"
"CPA01C03","Consumer Price Index (Base Dec 2006=100)","2004","2004","07","Transport","Base Dec 2006=100","94.9"
"CPA01C03","Consumer Price Index (Base Dec 2006=100)","2004","2004","08","Communications","Base Dec 2006=100","100.6"
"CPA01C03","Consumer Price Index (Base Dec 2006=100)","2004","2004","09","Recreation and culture","Base Dec 2006=100","97.9"
"CPA01C03","Consumer Price Index (Base Dec 2006=100)","2004","2004","10","Education","Base Dec 2006=100","87.2"
"CPA01C03","Consumer Price Index (Base Dec 2006=100)","2004","2004","11","Restaurants and hotels","Base Dec 2006=100","92.1"
"CPA01C03","Consumer Price Index (Base Dec 2006=100)","2004","2004","12","Miscellaneous goods and services","Base Dec 2006=100","97.9"
"CPA01C03","Consumer Price Index (Base Dec 2006=100)","2005","2005","-","All items","Base Dec 2006=100","94.3"
"CPA01C03","Consumer Price Index (Base Dec 2006=100)","2005","2005","01","Food and non-alcoholic beverages","Base Dec 2006=100","98.4"
"CPA01C03","Consumer Price Index (Base Dec 2006=100)","2005","2005","02","Alcoholic beverages and tobacco","Base Dec 2006=100","95.3"
"CPA01C03","Consumer Price Index (Base Dec 2006=100)","2005","2005","03","Clothing and footwear","Base Dec 2006=100","99.1"
"CPA01C03","Consumer Price Index (Base Dec 2006=100)","2005","2005","04","Housing, water, electricity, gas and other fuels","Base Dec 2006=100","78.7"
"CPA01C03","Consumer Price Index (Base Dec 2006=100)","2005","2005","05","Furnishings, household equipment and routine household maintenance","Base Dec 2006=100","101.2"
"CPA01C03","Consumer Price Index (Base Dec 2006=100)","2005","2005","06","Health","Base Dec 2006=100","94.9"
"CPA01C03","Consumer Price Index (Base Dec 2006=100)","2005","2005","07","Transport","Base Dec 2006=100","98.2"
"CPA01C03","Consumer Price Index (Base Dec 2006=100)","2005","2005","08","Communications","Base Dec 2006=100","100.4"
"CPA01C03","Consumer Price Index (Base Dec 2006=100)","2005","2005","09","Recreation and culture","Base Dec 2006=100","97.9"
"CPA01C03","Consumer Price Index (Base Dec 2006=100)","2005","2005","10","Education","Base Dec 2006=100","92.4"
"CPA01C03","Consumer Price Index (Base Dec 2006=100)","2005","2005","11","Restaurants and hotels","Base Dec 2006=100","95.2"
"CPA01C03","Consumer Price Index (Base Dec 2006=100)","2005","2005","12","Miscellaneous goods and services","Base Dec 2006=100","97.8"
"CPA01C03","Consumer Price Index (Base Dec 2006=100)","2006","2006","-","All items","Base Dec 2006=100","98"
"CPA01C03","Consumer Price Index (Base Dec 2006=100)","2006","2006","01","Food and non-alcoholic beverages","Base Dec 2006=100","99.8"
"CPA01C03","Consumer Price Index (Base Dec 2006=100)","2006","2006","02","Alcoholic beverages and tobacco","Base Dec 2006=100","96.4"
"CPA01C03","Consumer Price Index (Base Dec 2006=100)","2006","2006","03","Clothing and footwear","Base Dec 2006=100","97.2"
"CPA01C03","Consumer Price Index (Base Dec 2006=100)","2006","2006","04","Housing, water, electricity, gas and other fuels","Base Dec 2006=100","91.3"
"CPA01C03","Consumer Price Index (Base Dec 2006=100)","2006","2006","05","Furnishings, household equipment and routine household maintenance","Base Dec 2006=100","99.9"
"CPA01C03","Consumer Price Index (Base Dec 2006=100)","2006","2006","06","Health","Base Dec 2006=100","99.1"
"CPA01C03","Consumer Price Index (Base Dec 2006=100)","2006","2006","07","Transport","Base Dec 2006=100","101.6"
"CPA01C03","Consumer Price Index (Base Dec 2006=100)","2006","2006","08","Communications","Base Dec 2006=100","99.9"
"CPA01C03","Consumer Price Index (Base Dec 2006=100)","2006","2006","09","Recreation and culture","Base Dec 2006=100","99.2"
"CPA01C03","Consumer Price Index (Base Dec 2006=100)","2006","2006","10","Education","Base Dec 2006=100","96.9"
"CPA01C03","Consumer Price Index (Base Dec 2006=100)","2006","2006","11","Restaurants and hotels","Base Dec 2006=100","98.9"
"CPA01C03","Consumer Price Index (Base Dec 2006=100)","2006","2006","12","Miscellaneous goods and services","Base Dec 2006=100","99.3"
"CPA01C03","Consumer Price Index (Base Dec 2006=100)","2007","2007","-","All items","Base Dec 2006=100","102.8"
"CPA01C03","Consumer Price Index (Base Dec 2006=100)","2007","2007","01","Food and non-alcoholic beverages","Base Dec 2006=100","102.6"
"CPA01C03","Consumer Price Index (Base Dec 2006=100)","2007","2007","02","Alcoholic beverages and tobacco","Base Dec 2006=100","101.6"
"CPA01C03","Consumer Price Index (Base Dec 2006=100)","2007","2007","03","Clothing and footwear","Base Dec 2006=100","94"
"CPA01C03","Consumer Price Index (Base Dec 2006=100)","2007","2007","04","Housing, water, electricity, gas and other fuels","Base Dec 2006=100","109.9"
"CPA01C03","Consumer Price Index (Base Dec 2006=100)","2007","2007","05","Furnishings, household equipment and routine household maintenance","Base Dec 2006=100","98.2"
"CPA01C03","Consumer Price Index (Base Dec 2006=100)","2007","2007","06","Health","Base Dec 2006=100","102"
"CPA01C03","Consumer Price Index (Base Dec 2006=100)","2007","2007","07","Transport","Base Dec 2006=100","103.8"
"CPA01C03","Consumer Price Index (Base Dec 2006=100)","2007","2007","08","Communications","Base Dec 2006=100","100.4"
"CPA01C03","Consumer Price Index (Base Dec 2006=100)","2007","2007","09","Recreation and culture","Base Dec 2006=100","100.7"
"CPA01C03","Consumer Price Index (Base Dec 2006=100)","2007","2007","10","Education","Base Dec 2006=100","101.8"
"CPA01C03","Consumer Price Index (Base Dec 2006=100)","2007","2007","11","Restaurants and hotels","Base Dec 2006=100","103"
"CPA01C03","Consumer Price Index (Base Dec 2006=100)","2007","2007","12","Miscellaneous goods and services","Base Dec 2006=100","100.3"
"CPA01C03","Consumer Price Index (Base Dec 2006=100)","2008","2008","-","All items","Base Dec 2006=100","107"
"CPA01C03","Consumer Price Index (Base Dec 2006=100)","2008","2008","01","Food and non-alcoholic beverages","Base Dec 2006=100","109.3"
"CPA01C03","Consumer Price Index (Base Dec 2006=100)","2008","2008","02","Alcoholic beverages and tobacco","Base Dec 2006=100","106.4"
"CPA01C03","Consumer Price Index (Base Dec 2006=100)","2008","2008","03","Clothing and footwear","Base Dec 2006=100","89.4"
"CPA01C03","Consumer Price Index (Base Dec 2006=100)","2008","2008","04","Housing, water, electricity, gas and other fuels","Base Dec 2006=100","120.5"
"CPA01C03","Consumer Price Index (Base Dec 2006=100)","2008","2008","05","Furnishings, household equipment and routine household maintenance","Base Dec 2006=100","96.6"
"CPA01C03","Consumer Price Index (Base Dec 2006=100)","2008","2008","06","Health","Base Dec 2006=100","108.1"
"CPA01C03","Consumer Price Index (Base Dec 2006=100)","2008","2008","07","Transport","Base Dec 2006=100","107.3"
"CPA01C03","Consumer Price Index (Base Dec 2006=100)","2008","2008","08","Communications","Base Dec 2006=100","101.4"
"CPA01C03","Consumer Price Index (Base Dec 2006=100)","2008","2008","09","Recreation and culture","Base Dec 2006=100","102"
"CPA01C03","Consumer Price Index (Base Dec 2006=100)","2008","2008","10","Education","Base Dec 2006=100","108"
"CPA01C03","Consumer Price Index (Base Dec 2006=100)","2008","2008","11","Restaurants and hotels","Base Dec 2006=100","106.3"
"CPA01C03","Consumer Price Index (Base Dec 2006=100)","2008","2008","12","Miscellaneous goods and services","Base Dec 2006=100","102.7"
"CPA01C03","Consumer Price Index (Base Dec 2006=100)","2009","2009","-","All items","Base Dec 2006=100","102.2"
"CPA01C03","Consumer Price Index (Base Dec 2006=100)","2009","2009","01","Food and non-alcoholic beverages","Base Dec 2006=100","105.5"
"CPA01C03","Consumer Price Index (Base Dec 2006=100)","2009","2009","02","Alcoholic beverages and tobacco","Base Dec 2006=100","113.1"
"CPA01C03","Consumer Price Index (Base Dec 2006=100)","2009","2009","03","Clothing and footwear","Base Dec 2006=100","78.9"
"CPA01C03","Consumer Price Index (Base Dec 2006=100)","2009","2009","04","Housing, water, electricity, gas and other fuels","Base Dec 2006=100","94"
"CPA01C03","Consumer Price Index (Base Dec 2006=100)","2009","2009","05","Furnishings, household equipment and routine household maintenance","Base Dec 2006=100","93.6"
"CPA01C03","Consumer Price Index (Base Dec 2006=100)","2009","2009","06","Health","Base Dec 2006=100","111.9"
"CPA01C03","Consumer Price Index (Base Dec 2006=100)","2009","2009","07","Transport","Base Dec 2006=100","103"
"CPA01C03","Consumer Price Index (Base Dec 2006=100)","2009","2009","08","Communications","Base Dec 2006=100","101.9"
"CPA01C03","Consumer Price Index (Base Dec 2006=100)","2009","2009","09","Recreation and culture","Base Dec 2006=100","101.7"
"CPA01C03","Consumer Price Index (Base Dec 2006=100)","2009","2009","10","Education","Base Dec 2006=100","115"
"CPA01C03","Consumer Price Index (Base Dec 2006=100)","2009","2009","11","Restaurants and hotels","Base Dec 2006=100","106.2"
"CPA01C03","Consumer Price Index (Base Dec 2006=100)","2009","2009","12","Miscellaneous goods and services","Base Dec 2006=100","110.5"
"CPA01C03","Consumer Price Index (Base Dec 2006=100)","2010","2010","-","All items","Base Dec 2006=100","101.2"
"CPA01C03","Consumer Price Index (Base Dec 2006=100)","2010","2010","01","Food and non-alcoholic beverages","Base Dec 2006=100","100.7"
"CPA01C03","Consumer Price Index (Base Dec 2006=100)","2010","2010","02","Alcoholic beverages and tobacco","Base Dec 2006=100","110.2"
"CPA01C03","Consumer Price Index (Base Dec 2006=100)","2010","2010","03","Clothing and footwear","Base Dec 2006=100","71.5"
"CPA01C03","Consumer Price Index (Base Dec 2006=100)","2010","2010","04","Housing, water, electricity, gas and other fuels","Base Dec 2006=100","95.2"
"CPA01C03","Consumer Price Index (Base Dec 2006=100)","2010","2010","05","Furnishings, household equipment and routine household maintenance","Base Dec 2006=100","89.8"
"CPA01C03","Consumer Price Index (Base Dec 2006=100)","2010","2010","06","Health","Base Dec 2006=100","112.6"
"CPA01C03","Consumer Price Index (Base Dec 2006=100)","2010","2010","07","Transport","Base Dec 2006=100","106.2"
"CPA01C03","Consumer Price Index (Base Dec 2006=100)","2010","2010","08","Communications","Base Dec 2006=100","103.3"
"CPA01C03","Consumer Price Index (Base Dec 2006=100)","2010","2010","09","Recreation and culture","Base Dec 2006=100","100"
"CPA01C03","Consumer Price Index (Base Dec 2006=100)","2010","2010","10","Education","Base Dec 2006=100","122.2"
"CPA01C03","Consumer Price Index (Base Dec 2006=100)","2010","2010","11","Restaurants and hotels","Base Dec 2006=100","103.4"
"CPA01C03","Consumer Price Index (Base Dec 2006=100)","2010","2010","12","Miscellaneous goods and services","Base Dec 2006=100","111.7"
"CPA01C03","Consumer Price Index (Base Dec 2006=100)","2011","2011","-","All items","Base Dec 2006=100","103.8"
"CPA01C03","Consumer Price Index (Base Dec 2006=100)","2011","2011","01","Food and non-alcoholic beverages","Base Dec 2006=100","101.9"
"CPA01C03","Consumer Price Index (Base Dec 2006=100)","2011","2011","02","Alcoholic beverages and tobacco","Base Dec 2006=100","110.1"
"CPA01C03","Consumer Price Index (Base Dec 2006=100)","2011","2011","03","Clothing and footwear","Base Dec 2006=100","70.2"
"CPA01C03","Consumer Price Index (Base Dec 2006=100)","2011","2011","04","Housing, water, electricity, gas and other fuels","Base Dec 2006=100","104.4"
"CPA01C03","Consumer Price Index (Base Dec 2006=100)","2011","2011","05","Furnishings, household equipment and routine household maintenance","Base Dec 2006=100","87.7"
"CPA01C03","Consumer Price Index (Base Dec 2006=100)","2011","2011","06","Health","Base Dec 2006=100","116.4"
"CPA01C03","Consumer Price Index (Base Dec 2006=100)","2011","2011","07","Transport","Base Dec 2006=100","109.8"
"CPA01C03","Consumer Price Index (Base Dec 2006=100)","2011","2011","08","Communications","Base Dec 2006=100","105.7"
"CPA01C03","Consumer Price Index (Base Dec 2006=100)","2011","2011","09","Recreation and culture","Base Dec 2006=100","99.1"
"CPA01C03","Consumer Price Index (Base Dec 2006=100)","2011","2011","10","Education","Base Dec 2006=100","123.1"
"CPA01C03","Consumer Price Index (Base Dec 2006=100)","2011","2011","11","Restaurants and hotels","Base Dec 2006=100","102.7"
"CPA01C03","Consumer Price Index (Base Dec 2006=100)","2011","2011","12","Miscellaneous goods and services","Base Dec 2006=100","119"
"CPA01C03","Consumer Price Index (Base Dec 2006=100)","2012","2012","-","All items","Base Dec 2006=100","105.6"
"CPA01C03","Consumer Price Index (Base Dec 2006=100)","2012","2012","01","Food and non-alcoholic beverages","Base Dec 2006=100","102.4"
"CPA01C03","Consumer Price Index (Base Dec 2006=100)","2012","2012","02","Alcoholic beverages and tobacco","Base Dec 2006=100","114"
"CPA01C03","Consumer Price Index (Base Dec 2006=100)","2012","2012","03","Clothing and footwear","Base Dec 2006=100","70.1"
"CPA01C03","Consumer Price Index (Base Dec 2006=100)","2012","2012","04","Housing, water, electricity, gas and other fuels","Base Dec 2006=100","105.1"
"CPA01C03","Consumer Price Index (Base Dec 2006=100)","2012","2012","05","Furnishings, household equipment and routine household maintenance","Base Dec 2006=100","85.6"
"CPA01C03","Consumer Price Index (Base Dec 2006=100)","2012","2012","06","Health","Base Dec 2006=100","116.9"
"CPA01C03","Consumer Price Index (Base Dec 2006=100)","2012","2012","07","Transport","Base Dec 2006=100","116.1"
"CPA01C03","Consumer Price Index (Base Dec 2006=100)","2012","2012","08","Communications","Base Dec 2006=100","104.1"
"CPA01C03","Consumer Price Index (Base Dec 2006=100)","2012","2012","09","Recreation and culture","Base Dec 2006=100","97.9"
"CPA01C03","Consumer Price Index (Base Dec 2006=100)","2012","2012","10","Education","Base Dec 2006=100","133.3"
"CPA01C03","Consumer Price Index (Base Dec 2006=100)","2012","2012","11","Restaurants and hotels","Base Dec 2006=100","103.2"
"CPA01C03","Consumer Price Index (Base Dec 2006=100)","2012","2012","12","Miscellaneous goods and services","Base Dec 2006=100","124.7"
"CPA01C03","Consumer Price Index (Base Dec 2006=100)","2013","2013","-","All items","Base Dec 2006=100","106.1"
"CPA01C03","Consumer Price Index (Base Dec 2006=100)","2013","2013","01","Food and non-alcoholic beverages","Base Dec 2006=100","103.5"
"CPA01C03","Consumer Price Index (Base Dec 2006=100)","2013","2013","02","Alcoholic beverages and tobacco","Base Dec 2006=100","119.9"
"CPA01C03","Consumer Price Index (Base Dec 2006=100)","2013","2013","03","Clothing and footwear","Base Dec 2006=100","68"
"CPA01C03","Consumer Price Index (Base Dec 2006=100)","2013","2013","04","Housing, water, electricity, gas and other fuels","Base Dec 2006=100","105.8"
"CPA01C03","Consumer Price Index (Base Dec 2006=100)","2013","2013","05","Furnishings, household equipment and routine household maintenance","Base Dec 2006=100","82.6"
"CPA01C03","Consumer Price Index (Base Dec 2006=100)","2013","2013","06","Health","Base Dec 2006=100","118"
"CPA01C03","Consumer Price Index (Base Dec 2006=100)","2013","2013","07","Transport","Base Dec 2006=100","114.7"
"CPA01C03","Consumer Price Index (Base Dec 2006=100)","2013","2013","08","Communications","Base Dec 2006=100","100.3"
"CPA01C03","Consumer Price Index (Base Dec 2006=100)","2013","2013","09","Recreation and culture","Base Dec 2006=100","98"
"CPA01C03","Consumer Price Index (Base Dec 2006=100)","2013","2013","10","Education","Base Dec 2006=100","139.6"
"CPA01C03","Consumer Price Index (Base Dec 2006=100)","2013","2013","11","Restaurants and hotels","Base Dec 2006=100","105.1"
"CPA01C03","Consumer Price Index (Base Dec 2006=100)","2013","2013","12","Miscellaneous goods and services","Base Dec 2006=100","127.1"
"CPA01C03","Consumer Price Index (Base Dec 2006=100)","2014","2014","-","All items","Base Dec 2006=100","106.3"
"CPA01C03","Consumer Price Index (Base Dec 2006=100)","2014","2014","01","Food and non-alcoholic beverages","Base Dec 2006=100","101.2"
"CPA01C03","Consumer Price Index (Base Dec 2006=100)","2014","2014","02","Alcoholic beverages and tobacco","Base Dec 2006=100","124.4"
"CPA01C03","Consumer Price Index (Base Dec 2006=100)","2014","2014","03","Clothing and footwear","Base Dec 2006=100","65.8"
"CPA01C03","Consumer Price Index (Base Dec 2006=100)","2014","2014","04","Housing, water, electricity, gas and other fuels","Base Dec 2006=100","105.8"
"CPA01C03","Consumer Price Index (Base Dec 2006=100)","2014","2014","05","Furnishings, household equipment and routine household maintenance","Base Dec 2006=100","80.2"
"CPA01C03","Consumer Price Index (Base Dec 2006=100)","2014","2014","06","Health","Base Dec 2006=100","117.7"
"CPA01C03","Consumer Price Index (Base Dec 2006=100)","2014","2014","07","Transport","Base Dec 2006=100","112.9"
"CPA01C03","Consumer Price Index (Base Dec 2006=100)","2014","2014","08","Communications","Base Dec 2006=100","97.5"
"CPA01C03","Consumer Price Index (Base Dec 2006=100)","2014","2014","09","Recreation and culture","Base Dec 2006=100","97.4"
"CPA01C03","Consumer Price Index (Base Dec 2006=100)","2014","2014","10","Education","Base Dec 2006=100","146.1"
"CPA01C03","Consumer Price Index (Base Dec 2006=100)","2014","2014","11","Restaurants and hotels","Base Dec 2006=100","107.4"
"CPA01C03","Consumer Price Index (Base Dec 2006=100)","2014","2014","12","Miscellaneous goods and services","Base Dec 2006=100","131.5"
"CPA01C03","Consumer Price Index (Base Dec 2006=100)","2015","2015","-","All items","Base Dec 2006=100","106"
"CPA01C03","Consumer Price Index (Base Dec 2006=100)","2015","2015","01","Food and non-alcoholic beverages","Base Dec 2006=100","99"
"CPA01C03","Consumer Price Index (Base Dec 2006=100)","2015","2015","02","Alcoholic beverages and tobacco","Base Dec 2006=100","124.9"
"CPA01C03","Consumer Price Index (Base Dec 2006=100)","2015","2015","03","Clothing and footwear","Base Dec 2006=100","63.3"
"CPA01C03","Consumer Price Index (Base Dec 2006=100)","2015","2015","04","Housing, water, electricity, gas and other fuels","Base Dec 2006=100","107.4"
"CPA01C03","Consumer Price Index (Base Dec 2006=100)","2015","2015","05","Furnishings, household equipment and routine household maintenance","Base Dec 2006=100","78.4"
"CPA01C03","Consumer Price Index (Base Dec 2006=100)","2015","2015","06","Health","Base Dec 2006=100","117.7"
"CPA01C03","Consumer Price Index (Base Dec 2006=100)","2015","2015","07","Transport","Base Dec 2006=100","107.5"
"CPA01C03","Consumer Price Index (Base Dec 2006=100)","2015","2015","08","Communications","Base Dec 2006=100","99.1"
"CPA01C03","Consumer Price Index (Base Dec 2006=100)","2015","2015","09","Recreation and culture","Base Dec 2006=100","97.1"
"CPA01C03","Consumer Price Index (Base Dec 2006=100)","2015","2015","10","Education","Base Dec 2006=100","152.9"
"CPA01C03","Consumer Price Index (Base Dec 2006=100)","2015","2015","11","Restaurants and hotels","Base Dec 2006=100","109.2"
"CPA01C03","Consumer Price Index (Base Dec 2006=100)","2015","2015","12","Miscellaneous goods and services","Base Dec 2006=100","133.4"
"CPA01C03","Consumer Price Index (Base Dec 2006=100)","2016","2016","-","All items","Base Dec 2006=100","106"
"CPA01C03","Consumer Price Index (Base Dec 2006=100)","2016","2016","01","Food and non-alcoholic beverages","Base Dec 2006=100","97.7"
"CPA01C03","Consumer Price Index (Base Dec 2006=100)","2016","2016","02","Alcoholic beverages and tobacco","Base Dec 2006=100","126.8"
"CPA01C03","Consumer Price Index (Base Dec 2006=100)","2016","2016","03","Clothing and footwear","Base Dec 2006=100","61.8"
"CPA01C03","Consumer Price Index (Base Dec 2006=100)","2016","2016","04","Housing, water, electricity, gas and other fuels","Base Dec 2006=100","107"
"CPA01C03","Consumer Price Index (Base Dec 2006=100)","2016","2016","05","Furnishings, household equipment and routine household maintenance","Base Dec 2006=100","75.8"
"CPA01C03","Consumer Price Index (Base Dec 2006=100)","2016","2016","06","Health","Base Dec 2006=100","119.2"
"CPA01C03","Consumer Price Index (Base Dec 2006=100)","2016","2016","07","Transport","Base Dec 2006=100","104.1"
"CPA01C03","Consumer Price Index (Base Dec 2006=100)","2016","2016","08","Communications","Base Dec 2006=100","97.8"
"CPA01C03","Consumer Price Index (Base Dec 2006=100)","2016","2016","09","Recreation and culture","Base Dec 2006=100","96"
"CPA01C03","Consumer Price Index (Base Dec 2006=100)","2016","2016","10","Education","Base Dec 2006=100","158"
"CPA01C03","Consumer Price Index (Base Dec 2006=100)","2016","2016","11","Restaurants and hotels","Base Dec 2006=100","111.4"
"CPA01C03","Consumer Price Index (Base Dec 2006=100)","2016","2016","12","Miscellaneous goods and services","Base Dec 2006=100","139.1"
"CPA01C03","Consumer Price Index (Base Dec 2006=100)","2017","2017","-","All items","Base Dec 2006=100","106.4"
"CPA01C03","Consumer Price Index (Base Dec 2006=100)","2017","2017","01","Food and non-alcoholic beverages","Base Dec 2006=100","95.7"
"CPA01C03","Consumer Price Index (Base Dec 2006=100)","2017","2017","02","Alcoholic beverages and tobacco","Base Dec 2006=100","127.7"
"CPA01C03","Consumer Price Index (Base Dec 2006=100)","2017","2017","03","Clothing and footwear","Base Dec 2006=100","59.1"
"CPA01C03","Consumer Price Index (Base Dec 2006=100)","2017","2017","04","Housing, water, electricity, gas and other fuels","Base Dec 2006=100","109.2"
"CPA01C03","Consumer Price Index (Base Dec 2006=100)","2017","2017","05","Furnishings, household equipment and routine household maintenance","Base Dec 2006=100","72.6"
"CPA01C03","Consumer Price Index (Base Dec 2006=100)","2017","2017","06","Health","Base Dec 2006=100","120.7"
"CPA01C03","Consumer Price Index (Base Dec 2006=100)","2017","2017","07","Transport","Base Dec 2006=100","106.3"
"CPA01C03","Consumer Price Index (Base Dec 2006=100)","2017","2017","08","Communications","Base Dec 2006=100","97.7"
"CPA01C03","Consumer Price Index (Base Dec 2006=100)","2017","2017","09","Recreation and culture","Base Dec 2006=100","94.2"
"CPA01C03","Consumer Price Index (Base Dec 2006=100)","2017","2017","10","Education","Base Dec 2006=100","160.6"
"CPA01C03","Consumer Price Index (Base Dec 2006=100)","2017","2017","11","Restaurants and hotels","Base Dec 2006=100","113.9"
"CPA01C03","Consumer Price Index (Base Dec 2006=100)","2017","2017","12","Miscellaneous goods and services","Base Dec 2006=100","139.4"
"CPA01C03","Consumer Price Index (Base Dec 2006=100)","2018","2018","-","All items","Base Dec 2006=100","106.9"
"CPA01C03","Consumer Price Index (Base Dec 2006=100)","2018","2018","01","Food and non-alcoholic beverages","Base Dec 2006=100","93.7"
"CPA01C03","Consumer Price Index (Base Dec 2006=100)","2018","2018","02","Alcoholic beverages and tobacco","Base Dec 2006=100","131.3"
"CPA01C03","Consumer Price Index (Base Dec 2006=100)","2018","2018","03","Clothing and footwear","Base Dec 2006=100","58.2"
"CPA01C03","Consumer Price Index (Base Dec 2006=100)","2018","2018","04","Housing, water, electricity, gas and other fuels","Base Dec 2006=100","114.7"
"CPA01C03","Consumer Price Index (Base Dec 2006=100)","2018","2018","05","Furnishings, household equipment and routine household maintenance","Base Dec 2006=100","69.8"
"CPA01C03","Consumer Price Index (Base Dec 2006=100)","2018","2018","06","Health","Base Dec 2006=100","120.9"
"CPA01C03","Consumer Price Index (Base Dec 2006=100)","2018","2018","07","Transport","Base Dec 2006=100","107.1"
"CPA01C03","Consumer Price Index (Base Dec 2006=100)","2018","2018","08","Communications","Base Dec 2006=100","96.8"
"CPA01C03","Consumer Price Index (Base Dec 2006=100)","2018","2018","09","Recreation and culture","Base Dec 2006=100","93.2"
"CPA01C03","Consumer Price Index (Base Dec 2006=100)","2018","2018","10","Education","Base Dec 2006=100","163.2"
"CPA01C03","Consumer Price Index (Base Dec 2006=100)","2018","2018","11","Restaurants and hotels","Base Dec 2006=100","116.4"
"CPA01C03","Consumer Price Index (Base Dec 2006=100)","2018","2018","12","Miscellaneous goods and services","Base Dec 2006=100","135.1"
"CPA01C03","Consumer Price Index (Base Dec 2006=100)","2019","2019","-","All items","Base Dec 2006=100","107.9"
"CPA01C03","Consumer Price Index (Base Dec 2006=100)","2019","2019","01","Food and non-alcoholic beverages","Base Dec 2006=100","93.1"
"CPA01C03","Consumer Price Index (Base Dec 2006=100)","2019","2019","02","Alcoholic beverages and tobacco","Base Dec 2006=100","134.9"
"CPA01C03","Consumer Price Index (Base Dec 2006=100)","2019","2019","03","Clothing and footwear","Base Dec 2006=100","57.3"
"CPA01C03","Consumer Price Index (Base Dec 2006=100)","2019","2019","04","Housing, water, electricity, gas and other fuels","Base Dec 2006=100","119.1"
"CPA01C03","Consumer Price Index (Base Dec 2006=100)","2019","2019","05","Furnishings, household equipment and routine household maintenance","Base Dec 2006=100","67.6"
"CPA01C03","Consumer Price Index (Base Dec 2006=100)","2019","2019","06","Health","Base Dec 2006=100","121.9"
"CPA01C03","Consumer Price Index (Base Dec 2006=100)","2019","2019","07","Transport","Base Dec 2006=100","107.4"
"CPA01C03","Consumer Price Index (Base Dec 2006=100)","2019","2019","08","Communications","Base Dec 2006=100","91.7"
"CPA01C03","Consumer Price Index (Base Dec 2006=100)","2019","2019","09","Recreation and culture","Base Dec 2006=100","93.9"
"CPA01C03","Consumer Price Index (Base Dec 2006=100)","2019","2019","10","Education","Base Dec 2006=100","167"
"CPA01C03","Consumer Price Index (Base Dec 2006=100)","2019","2019","11","Restaurants and hotels","Base Dec 2006=100","119.8"
"CPA01C03","Consumer Price Index (Base Dec 2006=100)","2019","2019","12","Miscellaneous goods and services","Base Dec 2006=100","135"
"CPA01C03","Consumer Price Index (Base Dec 2006=100)","2020","2020","-","All items","Base Dec 2006=100","107.5"
"CPA01C03","Consumer Price Index (Base Dec 2006=100)","2020","2020","01","Food and non-alcoholic beverages","Base Dec 2006=100","91.8"
"CPA01C03","Consumer Price Index (Base Dec 2006=100)","2020","2020","02","Alcoholic beverages and tobacco","Base Dec 2006=100","138.2"
"CPA01C03","Consumer Price Index (Base Dec 2006=100)","2020","2020","03","Clothing and footwear","Base Dec 2006=100","55.3"
"CPA01C03","Consumer Price Index (Base Dec 2006=100)","2020","2020","04","Housing, water, electricity, gas and other fuels","Base Dec 2006=100","117.8"
"CPA01C03","Consumer Price Index (Base Dec 2006=100)","2020","2020","05","Furnishings, household equipment and routine household maintenance","Base Dec 2006=100","65.5"
"CPA01C03","Consumer Price Index (Base Dec 2006=100)","2020","2020","06","Health","Base Dec 2006=100","125.4"
"CPA01C03","Consumer Price Index (Base Dec 2006=100)","2020","2020","07","Transport","Base Dec 2006=100","105.5"
"CPA01C03","Consumer Price Index (Base Dec 2006=100)","2020","2020","08","Communications","Base Dec 2006=100","85.3"
"CPA01C03","Consumer Price Index (Base Dec 2006=100)","2020","2020","09","Recreation and culture","Base Dec 2006=100","95.2"
"CPA01C03","Consumer Price Index (Base Dec 2006=100)","2020","2020","10","Education","Base Dec 2006=100","172"
"CPA01C03","Consumer Price Index (Base Dec 2006=100)","2020","2020","11","Restaurants and hotels","Base Dec 2006=100","121.1"
"CPA01C03","Consumer Price Index (Base Dec 2006=100)","2020","2020","12","Miscellaneous goods and services","Base Dec 2006=100","136.3"
"CPA01C03","Consumer Price Index (Base Dec 2006=100)","2021","2021","-","All items","Base Dec 2006=100","110.1"
"CPA01C03","Consumer Price Index (Base Dec 2006=100)","2021","2021","01","Food and non-alcoholic beverages","Base Dec 2006=100","91.6"
"CPA01C03","Consumer Price Index (Base Dec 2006=100)","2021","2021","02","Alcoholic beverages and tobacco","Base Dec 2006=100","141.4"
"CPA01C03","Consumer Price Index (Base Dec 2006=100)","2021","2021","03","Clothing and footwear","Base Dec 2006=100","53.5"
"CPA01C03","Consumer Price Index (Base Dec 2006=100)","2021","2021","04","Housing, water, electricity, gas and other fuels","Base Dec 2006=100","124.5"
"CPA01C03","Consumer Price Index (Base Dec 2006=100)","2021","2021","05","Furnishings, household equipment and routine household maintenance","Base Dec 2006=100","65.3"
"CPA01C03","Consumer Price Index (Base Dec 2006=100)","2021","2021","06","Health","Base Dec 2006=100","127.4"
"CPA01C03","Consumer Price Index (Base Dec 2006=100)","2021","2021","07","Transport","Base Dec 2006=100","112.2"
"CPA01C03","Consumer Price Index (Base Dec 2006=100)","2021","2021","08","Communications","Base Dec 2006=100","85.6"
"CPA01C03","Consumer Price Index (Base Dec 2006=100)","2021","2021","09","Recreation and culture","Base Dec 2006=100","96.2"
"CPA01C03","Consumer Price Index (Base Dec 2006=100)","2021","2021","10","Education","Base Dec 2006=100","172.3"
"CPA01C03","Consumer Price Index (Base Dec 2006=100)","2021","2021","11","Restaurants and hotels","Base Dec 2006=100","124.9"
"CPA01C03","Consumer Price Index (Base Dec 2006=100)","2021","2021","12","Miscellaneous goods and services","Base Dec 2006=100","136.4"
"CPA01C03","Consumer Price Index (Base Dec 2006=100)","2022","2022","-","All items","Base Dec 2006=100","118.6"
"CPA01C03","Consumer Price Index (Base Dec 2006=100)","2022","2022","01","Food and non-alcoholic beverages","Base Dec 2006=100","97.9"
"CPA01C03","Consumer Price Index (Base Dec 2006=100)","2022","2022","02","Alcoholic beverages and tobacco","Base Dec 2006=100","152.6"
"CPA01C03","Consumer Price Index (Base Dec 2006=100)","2022","2022","03","Clothing and footwear","Base Dec 2006=100","54.7"
"CPA01C03","Consumer Price Index (Base Dec 2006=100)","2022","2022","04","Housing, water, electricity, gas and other fuels","Base Dec 2006=100","150.1"
"CPA01C03","Consumer Price Index (Base Dec 2006=100)","2022","2022","05","Furnishings, household equipment and routine household maintenance","Base Dec 2006=100","67.5"
"CPA01C03","Consumer Price Index (Base Dec 2006=100)","2022","2022","06","Health","Base Dec 2006=100","128.8"
"CPA01C03","Consumer Price Index (Base Dec 2006=100)","2022","2022","07","Transport","Base Dec 2006=100","127.8"
"CPA01C03","Consumer Price Index (Base Dec 2006=100)","2022","2022","08","Communications","Base Dec 2006=100","88.1"
"CPA01C03","Consumer Price Index (Base Dec 2006=100)","2022","2022","09","Recreation and culture","Base Dec 2006=100","98.8"
"CPA01C03","Consumer Price Index (Base Dec 2006=100)","2022","2022","10","Education","Base Dec 2006=100","168.4"
"CPA01C03","Consumer Price Index (Base Dec 2006=100)","2022","2022","11","Restaurants and hotels","Base Dec 2006=100","132.3"
"CPA01C03","Consumer Price Index (Base Dec 2006=100)","2022","2022","12","Miscellaneous goods and services","Base Dec 2006=100","135.2"
"CPA01C03","Consumer Price Index (Base Dec 2006=100)","2023","2023","-","All items","Base Dec 2006=100","126.1"
"CPA01C03","Consumer Price Index (Base Dec 2006=100)","2023","2023","01","Food and non-alcoholic beverages","Base Dec 2006=100","107.5"
"CPA01C03","Consumer Price Index (Base Dec 2006=100)","2023","2023","02","Alcoholic beverages and tobacco","Base Dec 2006=100","159.7"
"CPA01C03","Consumer Price Index (Base Dec 2006=100)","2023","2023","03","Clothing and footwear","Base Dec 2006=100","56.5"
"CPA01C03","Consumer Price Index (Base Dec 2006=100)","2023","2023","04","Housing, water, electricity, gas and other fuels","Base Dec 2006=100","173.6"
"CPA01C03","Consumer Price Index (Base Dec 2006=100)","2023","2023","05","Furnishings, household equipment and routine household maintenance","Base Dec 2006=100","69.2"
"CPA01C03","Consumer Price Index (Base Dec 2006=100)","2023","2023","06","Health","Base Dec 2006=100","132.6"
"CPA01C03","Consumer Price Index (Base Dec 2006=100)","2023","2023","07","Transport","Base Dec 2006=100","127.4"
"CPA01C03","Consumer Price Index (Base Dec 2006=100)","2023","2023","08","Communications","Base Dec 2006=100","89.2"
"CPA01C03","Consumer Price Index (Base Dec 2006=100)","2023","2023","09","Recreation and culture","Base Dec 2006=100","106.4"
"CPA01C03","Consumer Price Index (Base Dec 2006=100)","2023","2023","10","Education","Base Dec 2006=100","161.1"
"CPA01C03","Consumer Price Index (Base Dec 2006=100)","2023","2023","11","Restaurants and hotels","Base Dec 2006=100","142.7"
"CPA01C03","Consumer Price Index (Base Dec 2006=100)","2023","2023","12","Miscellaneous goods and services","Base Dec 2006=100","136.9"
"CPA01C03","Consumer Price Index (Base Dec 2006=100)","2024","2024","-","All items","Base Dec 2006=100","128.8"
"CPA01C03","Consumer Price Index (Base Dec 2006=100)","2024","2024","01","Food and non-alcoholic beverages","Base Dec 2006=100","110.3"
"CPA01C03","Consumer Price Index (Base Dec 2006=100)","2024","2024","02","Alcoholic beverages and tobacco","Base Dec 2006=100","165.7"
"CPA01C03","Consumer Price Index (Base Dec 2006=100)","2024","2024","03","Clothing and footwear","Base Dec 2006=100","53.1"
"CPA01C03","Consumer Price Index (Base Dec 2006=100)","2024","2024","04","Housing, water, electricity, gas and other fuels","Base Dec 2006=100","174.1"
"CPA01C03","Consumer Price Index (Base Dec 2006=100)","2024","2024","05","Furnishings, household equipment and routine household maintenance","Base Dec 2006=100","68.7"
"CPA01C03","Consumer Price Index (Base Dec 2006=100)","2024","2024","06","Health","Base Dec 2006=100","135.2"
"CPA01C03","Consumer Price Index (Base Dec 2006=100)","2024","2024","07","Transport","Base Dec 2006=100","130.7"
"CPA01C03","Consumer Price Index (Base Dec 2006=100)","2024","2024","08","Communications","Base Dec 2006=100","90.1"
"CPA01C03","Consumer Price Index (Base Dec 2006=100)","2024","2024","09","Recreation and culture","Base Dec 2006=100","111.2"
"CPA01C03","Consumer Price Index (Base Dec 2006=100)","2024","2024","10","Education","Base Dec 2006=100","164.4"
"CPA01C03","Consumer Price Index (Base Dec 2006=100)","2024","2024","11","Restaurants and hotels","Base Dec 2006=100","149.4"
"CPA01C03","Consumer Price Index (Base Dec 2006=100)","2024","2024","12","Miscellaneous goods and services","Base Dec 2006=100","141.3"
"CPA01C04","Consumer Price Index (Base Dec 2001=100)","1975","1975","-","All items","Base Dec 2001=100","18.6"
"CPA01C04","Consumer Price Index (Base Dec 2001=100)","1975","1975","01","Food and non-alcoholic beverages","Base Dec 2001=100",""
"CPA01C04","Consumer Price Index (Base Dec 2001=100)","1975","1975","02","Alcoholic beverages and tobacco","Base Dec 2001=100",""
"CPA01C04","Consumer Price Index (Base Dec 2001=100)","1975","1975","03","Clothing and footwear","Base Dec 2001=100",""
"CPA01C04","Consumer Price Index (Base Dec 2001=100)","1975","1975","04","Housing, water, electricity, gas and other fuels","Base Dec 2001=100",""
"CPA01C04","Consumer Price Index (Base Dec 2001=100)","1975","1975","05","Furnishings, household equipment and routine household maintenance","Base Dec 2001=100",""
"CPA01C04","Consumer Price Index (Base Dec 2001=100)","1975","1975","06","Health","Base Dec 2001=100",""
"CPA01C04","Consumer Price Index (Base Dec 2001=100)","1975","1975","07","Transport","Base Dec 2001=100",""
"CPA01C04","Consumer Price Index (Base Dec 2001=100)","1975","1975","08","Communications","Base Dec 2001=100",""
"CPA01C04","Consumer Price Index (Base Dec 2001=100)","1975","1975","09","Recreation and culture","Base Dec 2001=100",""
"CPA01C04","Consumer Price Index (Base Dec 2001=100)","1975","1975","10","Education","Base Dec 2001=100",""
"CPA01C04","Consumer Price Index (Base Dec 2001=100)","1975","1975","11","Restaurants and hotels","Base Dec 2001=100",""
"CPA01C04","Consumer Price Index (Base Dec 2001=100)","1975","1975","12","Miscellaneous goods and services","Base Dec 2001=100",""
"CPA01C04","Consumer Price Index (Base Dec 2001=100)","1976","1976","-","All items","Base Dec 2001=100","21.3"
"CPA01C04","Consumer Price Index (Base Dec 2001=100)","1976","1976","01","Food and non-alcoholic beverages","Base Dec 2001=100",""
"CPA01C04","Consumer Price Index (Base Dec 2001=100)","1976","1976","02","Alcoholic beverages and tobacco","Base Dec 2001=100",""
"CPA01C04","Consumer Price Index (Base Dec 2001=100)","1976","1976","03","Clothing and footwear","Base Dec 2001=100",""
"CPA01C04","Consumer Price Index (Base Dec 2001=100)","1976","1976","04","Housing, water, electricity, gas and other fuels","Base Dec 2001=100",""
"CPA01C04","Consumer Price Index (Base Dec 2001=100)","1976","1976","05","Furnishings, household equipment and routine household maintenance","Base Dec 2001=100",""
"CPA01C04","Consumer Price Index (Base Dec 2001=100)","1976","1976","06","Health","Base Dec 2001=100",""
"CPA01C04","Consumer Price Index (Base Dec 2001=100)","1976","1976","07","Transport","Base Dec 2001=100",""
"CPA01C04","Consumer Price Index (Base Dec 2001=100)","1976","1976","08","Communications","Base Dec 2001=100",""
"CPA01C04","Consumer Price Index (Base Dec 2001=100)","1976","1976","09","Recreation and culture","Base Dec 2001=100",""
"CPA01C04","Consumer Price Index (Base Dec 2001=100)","1976","1976","10","Education","Base Dec 2001=100",""
"CPA01C04","Consumer Price Index (Base Dec 2001=100)","1976","1976","11","Restaurants and hotels","Base Dec 2001=100",""
"CPA01C04","Consumer Price Index (Base Dec 2001=100)","1976","1976","12","Miscellaneous goods and services","Base Dec 2001=100",""
"CPA01C04","Consumer Price Index (Base Dec 2001=100)","1977","1977","-","All items","Base Dec 2001=100","24.1"
"CPA01C04","Consumer Price Index (Base Dec 2001=100)","1977","1977","01","Food and non-alcoholic beverages","Base Dec 2001=100",""
"CPA01C04","Consumer Price Index (Base Dec 2001=100)","1977","1977","02","Alcoholic beverages and tobacco","Base Dec 2001=100",""
"CPA01C04","Consumer Price Index (Base Dec 2001=100)","1977","1977","03","Clothing and footwear","Base Dec 2001=100",""
"CPA01C04","Consumer Price Index (Base Dec 2001=100)","1977","1977","04","Housing, water, electricity, gas and other fuels","Base Dec 2001=100",""
"CPA01C04","Consumer Price Index (Base Dec 2001=100)","1977","1977","05","Furnishings, household equipment and routine household maintenance","Base Dec 2001=100",""
"CPA01C04","Consumer Price Index (Base Dec 2001=100)","1977","1977","06","Health","Base Dec 2001=100",""
"CPA01C04","Consumer Price Index (Base Dec 2001=100)","1977","1977","07","Transport","Base Dec 2001=100",""
"CPA01C04","Consumer Price Index (Base Dec 2001=100)","1977","1977","08","Communications","Base Dec 2001=100",""
"CPA01C04","Consumer Price Index (Base Dec 2001=100)","1977","1977","09","Recreation and culture","Base Dec 2001=100",""
"CPA01C04","Consumer Price Index (Base Dec 2001=100)","1977","1977","10","Education","Base Dec 2001=100",""
"CPA01C04","Consumer Price Index (Base Dec 2001=100)","1977","1977","11","Restaurants and hotels","Base Dec 2001=100",""
"CPA01C04","Consumer Price Index (Base Dec 2001=100)","1977","1977","12","Miscellaneous goods and services","Base Dec 2001=100",""
"CPA01C04","Consumer Price Index (Base Dec 2001=100)","1978","1978","-","All items","Base Dec 2001=100","26"
"CPA01C04","Consumer Price Index (Base Dec 2001=100)","1978","1978","01","Food and non-alcoholic beverages","Base Dec 2001=100",""
"CPA01C04","Consumer Price Index (Base Dec 2001=100)","1978","1978","02","Alcoholic beverages and tobacco","Base Dec 2001=100",""
"CPA01C04","Consumer Price Index (Base Dec 2001=100)","1978","1978","03","Clothing and footwear","Base Dec 2001=100",""
"CPA01C04","Consumer Price Index (Base Dec 2001=100)","1978","1978","04","Housing, water, electricity, gas and other fuels","Base Dec 2001=100",""
"CPA01C04","Consumer Price Index (Base Dec 2001=100)","1978","1978","05","Furnishings, household equipment and routine household maintenance","Base Dec 2001=100",""
"CPA01C04","Consumer Price Index (Base Dec 2001=100)","1978","1978","06","Health","Base Dec 2001=100",""
"CPA01C04","Consumer Price Index (Base Dec 2001=100)","1978","1978","07","Transport","Base Dec 2001=100",""
"CPA01C04","Consumer Price Index (Base Dec 2001=100)","1978","1978","08","Communications","Base Dec 2001=100",""
"CPA01C04","Consumer Price Index (Base Dec 2001=100)","1978","1978","09","Recreation and culture","Base Dec 2001=100",""
"CPA01C04","Consumer Price Index (Base Dec 2001=100)","1978","1978","10","Education","Base Dec 2001=100",""
"CPA01C04","Consumer Price Index (Base Dec 2001=100)","1978","1978","11","Restaurants and hotels","Base Dec 2001=100",""
"CPA01C04","Consumer Price Index (Base Dec 2001=100)","1978","1978","12","Miscellaneous goods and services","Base Dec 2001=100",""
"CPA01C04","Consumer Price Index (Base Dec 2001=100)","1979","1979","-","All items","Base Dec 2001=100","29.4"
"CPA01C04","Consumer Price Index (Base Dec 2001=100)","1979","1979","01","Food and non-alcoholic beverages","Base Dec 2001=100",""
"CPA01C04","Consumer Price Index (Base Dec 2001=100)","1979","1979","02","Alcoholic beverages and tobacco","Base Dec 2001=100",""
"CPA01C04","Consumer Price Index (Base Dec 2001=100)","1979","1979","03","Clothing and footwear","Base Dec 2001=100",""
"CPA01C04","Consumer Price Index (Base Dec 2001=100)","1979","1979","04","Housing, water, electricity, gas and other fuels","Base Dec 2001=100",""
"CPA01C04","Consumer Price Index (Base Dec 2001=100)","1979","1979","05","Furnishings, household equipment and routine household maintenance","Base Dec 2001=100",""
"CPA01C04","Consumer Price Index (Base Dec 2001=100)","1979","1979","06","Health","Base Dec 2001=100",""
"CPA01C04","Consumer Price Index (Base Dec 2001=100)","1979","1979","07","Transport","Base Dec 2001=100",""
"CPA01C04","Consumer Price Index (Base Dec 2001=100)","1979","1979","08","Communications","Base Dec 2001=100",""
"CPA01C04","Consumer Price Index (Base Dec 2001=100)","1979","1979","09","Recreation and culture","Base Dec 2001=100",""
"CPA01C04","Consumer Price Index (Base Dec 2001=100)","1979","1979","10","Education","Base Dec 2001=100",""
"CPA01C04","Consumer Price Index (Base Dec 2001=100)","1979","1979","11","Restaurants and hotels","Base Dec 2001=100",""
"CPA01C04","Consumer Price Index (Base Dec 2001=100)","1979","1979","12","Miscellaneous goods and services","Base Dec 2001=100",""
"CPA01C04","Consumer Price Index (Base Dec 2001=100)","1980","1980","-","All items","Base Dec 2001=100","34.8"
"CPA01C04","Consumer Price Index (Base Dec 2001=100)","1980","1980","01","Food and non-alcoholic beverages","Base Dec 2001=100",""
"CPA01C04","Consumer Price Index (Base Dec 2001=100)","1980","1980","02","Alcoholic beverages and tobacco","Base Dec 2001=100",""
"CPA01C04","Consumer Price Index (Base Dec 2001=100)","1980","1980","03","Clothing and footwear","Base Dec 2001=100",""
"CPA01C04","Consumer Price Index (Base Dec 2001=100)","1980","1980","04","Housing, water, electricity, gas and other fuels","Base Dec 2001=100",""
"CPA01C04","Consumer Price Index (Base Dec 2001=100)","1980","1980","05","Furnishings, household equipment and routine household maintenance","Base Dec 2001=100",""
"CPA01C04","Consumer Price Index (Base Dec 2001=100)","1980","1980","06","Health","Base Dec 2001=100",""
"CPA01C04","Consumer Price Index (Base Dec 2001=100)","1980","1980","07","Transport","Base Dec 2001=100",""
"CPA01C04","Consumer Price Index (Base Dec 2001=100)","1980","1980","08","Communications","Base Dec 2001=100",""
"CPA01C04","Consumer Price Index (Base Dec 2001=100)","1980","1980","09","Recreation and culture","Base Dec 2001=100",""
"CPA01C04","Consumer Price Index (Base Dec 2001=100)","1980","1980","10","Education","Base Dec 2001=100",""
"CPA01C04","Consumer Price Index (Base Dec 2001=100)","1980","1980","11","Restaurants and hotels","Base Dec 2001=100",""
"CPA01C04","Consumer Price Index (Base Dec 2001=100)","1980","1980","12","Miscellaneous goods and services","Base Dec 2001=100",""
"CPA01C04","Consumer Price Index (Base Dec 2001=100)","1981","1981","-","All items","Base Dec 2001=100","41.9"
"CPA01C04","Consumer Price Index (Base Dec 2001=100)","1981","1981","01","Food and non-alcoholic beverages","Base Dec 2001=100",""
"CPA01C04","Consumer Price Index (Base Dec 2001=100)","1981","1981","02","Alcoholic beverages and tobacco","Base Dec 2001=100",""
"CPA01C04","Consumer Price Index (Base Dec 2001=100)","1981","1981","03","Clothing and footwear","Base Dec 2001=100",""
"CPA01C04","Consumer Price Index (Base Dec 2001=100)","1981","1981","04","Housing, water, electricity, gas and other fuels","Base Dec 2001=100",""
"CPA01C04","Consumer Price Index (Base Dec 2001=100)","1981","1981","05","Furnishings, household equipment and routine household maintenance","Base Dec 2001=100",""
"CPA01C04","Consumer Price Index (Base Dec 2001=100)","1981","1981","06","Health","Base Dec 2001=100",""
"CPA01C04","Consumer Price Index (Base Dec 2001=100)","1981","1981","07","Transport","Base Dec 2001=100",""
"CPA01C04","Consumer Price Index (Base Dec 2001=100)","1981","1981","08","Communications","Base Dec 2001=100",""
"CPA01C04","Consumer Price Index (Base Dec 2001=100)","1981","1981","09","Recreation and culture","Base Dec 2001=100",""
"CPA01C04","Consumer Price Index (Base Dec 2001=100)","1981","1981","10","Education","Base Dec 2001=100",""
"CPA01C04","Consumer Price Index (Base Dec 2001=100)","1981","1981","11","Restaurants and hotels","Base Dec 2001=100",""
"CPA01C04","Consumer Price Index (Base Dec 2001=100)","1981","1981","12","Miscellaneous goods and services","Base Dec 2001=100",""
"CPA01C04","Consumer Price Index (Base Dec 2001=100)","1982","1982","-","All items","Base Dec 2001=100","49"
"CPA01C04","Consumer Price Index (Base Dec 2001=100)","1982","1982","01","Food and non-alcoholic beverages","Base Dec 2001=100",""
"CPA01C04","Consumer Price Index (Base Dec 2001=100)","1982","1982","02","Alcoholic beverages and tobacco","Base Dec 2001=100",""
"CPA01C04","Consumer Price Index (Base Dec 2001=100)","1982","1982","03","Clothing and footwear","Base Dec 2001=100",""
"CPA01C04","Consumer Price Index (Base Dec 2001=100)","1982","1982","04","Housing, water, electricity, gas and other fuels","Base Dec 2001=100",""
"CPA01C04","Consumer Price Index (Base Dec 2001=100)","1982","1982","05","Furnishings, household equipment and routine household maintenance","Base Dec 2001=100",""
"CPA01C04","Consumer Price Index (Base Dec 2001=100)","1982","1982","06","Health","Base Dec 2001=100",""
"CPA01C04","Consumer Price Index (Base Dec 2001=100)","1982","1982","07","Transport","Base Dec 2001=100",""
"CPA01C04","Consumer Price Index (Base Dec 2001=100)","1982","1982","08","Communications","Base Dec 2001=100",""
"CPA01C04","Consumer Price Index (Base Dec 2001=100)","1982","1982","09","Recreation and culture","Base Dec 2001=100",""
"CPA01C04","Consumer Price Index (Base Dec 2001=100)","1982","1982","10","Education","Base Dec 2001=100",""
"CPA01C04","Consumer Price Index (Base Dec 2001=100)","1982","1982","11","Restaurants and hotels","Base Dec 2001=100",""
"CPA01C04","Consumer Price Index (Base Dec 2001=100)","1982","1982","12","Miscellaneous goods and services","Base Dec 2001=100",""
"CPA01C04","Consumer Price Index (Base Dec 2001=100)","1983","1983","-","All items","Base Dec 2001=100","54.2"
"CPA01C04","Consumer Price Index (Base Dec 2001=100)","1983","1983","01","Food and non-alcoholic beverages","Base Dec 2001=100",""
"CPA01C04","Consumer Price Index (Base Dec 2001=100)","1983","1983","02","Alcoholic beverages and tobacco","Base Dec 2001=100",""
"CPA01C04","Consumer Price Index (Base Dec 2001=100)","1983","1983","03","Clothing and footwear","Base Dec 2001=100",""
"CPA01C04","Consumer Price Index (Base Dec 2001=100)","1983","1983","04","Housing, water, electricity, gas and other fuels","Base Dec 2001=100",""
"CPA01C04","Consumer Price Index (Base Dec 2001=100)","1983","1983","05","Furnishings, household equipment and routine household maintenance","Base Dec 2001=100",""
"CPA01C04","Consumer Price Index (Base Dec 2001=100)","1983","1983","06","Health","Base Dec 2001=100",""
"CPA01C04","Consumer Price Index (Base Dec 2001=100)","1983","1983","07","Transport","Base Dec 2001=100",""
"CPA01C04","Consumer Price Index (Base Dec 2001=100)","1983","1983","08","Communications","Base Dec 2001=100",""
"CPA01C04","Consumer Price Index (Base Dec 2001=100)","1983","1983","09","Recreation and culture","Base Dec 2001=100",""
"CPA01C04","Consumer Price Index (Base Dec 2001=100)","1983","1983","10","Education","Base Dec 2001=100",""
"CPA01C04","Consumer Price Index (Base Dec 2001=100)","1983","1983","11","Restaurants and hotels","Base Dec 2001=100",""
"CPA01C04","Consumer Price Index (Base Dec 2001=100)","1983","1983","12","Miscellaneous goods and services","Base Dec 2001=100",""
"CPA01C04","Consumer Price Index (Base Dec 2001=100)","1984","1984","-","All items","Base Dec 2001=100","58.8"
"CPA01C04","Consumer Price Index (Base Dec 2001=100)","1984","1984","01","Food and non-alcoholic beverages","Base Dec 2001=100",""
"CPA01C04","Consumer Price Index (Base Dec 2001=100)","1984","1984","02","Alcoholic beverages and tobacco","Base Dec 2001=100",""
"CPA01C04","Consumer Price Index (Base Dec 2001=100)","1984","1984","03","Clothing and footwear","Base Dec 2001=100",""
"CPA01C04","Consumer Price Index (Base Dec 2001=100)","1984","1984","04","Housing, water, electricity, gas and other fuels","Base Dec 2001=100",""
"CPA01C04","Consumer Price Index (Base Dec 2001=100)","1984","1984","05","Furnishings, household equipment and routine household maintenance","Base Dec 2001=100",""
"CPA01C04","Consumer Price Index (Base Dec 2001=100)","1984","1984","06","Health","Base Dec 2001=100",""
"CPA01C04","Consumer Price Index (Base Dec 2001=100)","1984","1984","07","Transport","Base Dec 2001=100",""
"CPA01C04","Consumer Price Index (Base Dec 2001=100)","1984","1984","08","Communications","Base Dec 2001=100",""
"CPA01C04","Consumer Price Index (Base Dec 2001=100)","1984","1984","09","Recreation and culture","Base Dec 2001=100",""
"CPA01C04","Consumer Price Index (Base Dec 2001=100)","1984","1984","10","Education","Base Dec 2001=100",""
"CPA01C04","Consumer Price Index (Base Dec 2001=100)","1984","1984","11","Restaurants and hotels","Base Dec 2001=100",""
"CPA01C04","Consumer Price Index (Base Dec 2001=100)","1984","1984","12","Miscellaneous goods and services","Base Dec 2001=100",""
"CPA01C04","Consumer Price Index (Base Dec 2001=100)","1985","1985","-","All items","Base Dec 2001=100","62"
"CPA01C04","Consumer Price Index (Base Dec 2001=100)","1985","1985","01","Food and non-alcoholic beverages","Base Dec 2001=100",""
"CPA01C04","Consumer Price Index (Base Dec 2001=100)","1985","1985","02","Alcoholic beverages and tobacco","Base Dec 2001=100",""
"CPA01C04","Consumer Price Index (Base Dec 2001=100)","1985","1985","03","Clothing and footwear","Base Dec 2001=100",""
"CPA01C04","Consumer Price Index (Base Dec 2001=100)","1985","1985","04","Housing, water, electricity, gas and other fuels","Base Dec 2001=100",""
"CPA01C04","Consumer Price Index (Base Dec 2001=100)","1985","1985","05","Furnishings, household equipment and routine household maintenance","Base Dec 2001=100",""
"CPA01C04","Consumer Price Index (Base Dec 2001=100)","1985","1985","06","Health","Base Dec 2001=100",""
"CPA01C04","Consumer Price Index (Base Dec 2001=100)","1985","1985","07","Transport","Base Dec 2001=100",""
"CPA01C04","Consumer Price Index (Base Dec 2001=100)","1985","1985","08","Communications","Base Dec 2001=100",""
"CPA01C04","Consumer Price Index (Base Dec 2001=100)","1985","1985","09","Recreation and culture","Base Dec 2001=100",""
"CPA01C04","Consumer Price Index (Base Dec 2001=100)","1985","1985","10","Education","Base Dec 2001=100",""
"CPA01C04","Consumer Price Index (Base Dec 2001=100)","1985","1985","11","Restaurants and hotels","Base Dec 2001=100",""
"CPA01C04","Consumer Price Index (Base Dec 2001=100)","1985","1985","12","Miscellaneous goods and services","Base Dec 2001=100",""
"CPA01C04","Consumer Price Index (Base Dec 2001=100)","1986","1986","-","All items","Base Dec 2001=100","64.4"
"CPA01C04","Consumer Price Index (Base Dec 2001=100)","1986","1986","01","Food and non-alcoholic beverages","Base Dec 2001=100",""
"CPA01C04","Consumer Price Index (Base Dec 2001=100)","1986","1986","02","Alcoholic beverages and tobacco","Base Dec 2001=100",""
"CPA01C04","Consumer Price Index (Base Dec 2001=100)","1986","1986","03","Clothing and footwear","Base Dec 2001=100",""
"CPA01C04","Consumer Price Index (Base Dec 2001=100)","1986","1986","04","Housing, water, electricity, gas and other fuels","Base Dec 2001=100",""
"CPA01C04","Consumer Price Index (Base Dec 2001=100)","1986","1986","05","Furnishings, household equipment and routine household maintenance","Base Dec 2001=100",""
"CPA01C04","Consumer Price Index (Base Dec 2001=100)","1986","1986","06","Health","Base Dec 2001=100",""
"CPA01C04","Consumer Price Index (Base Dec 2001=100)","1986","1986","07","Transport","Base Dec 2001=100",""
"CPA01C04","Consumer Price Index (Base Dec 2001=100)","1986","1986","08","Communications","Base Dec 2001=100",""
"CPA01C04","Consumer Price Index (Base Dec 2001=100)","1986","1986","09","Recreation and culture","Base Dec 2001=100",""
"CPA01C04","Consumer Price Index (Base Dec 2001=100)","1986","1986","10","Education","Base Dec 2001=100",""
"CPA01C04","Consumer Price Index (Base Dec 2001=100)","1986","1986","11","Restaurants and hotels","Base Dec 2001=100",""
"CPA01C04","Consumer Price Index (Base Dec 2001=100)","1986","1986","12","Miscellaneous goods and services","Base Dec 2001=100",""
"CPA01C04","Consumer Price Index (Base Dec 2001=100)","1987","1987","-","All items","Base Dec 2001=100","66.4"
"CPA01C04","Consumer Price Index (Base Dec 2001=100)","1987","1987","01","Food and non-alcoholic beverages","Base Dec 2001=100",""
"CPA01C04","Consumer Price Index (Base Dec 2001=100)","1987","1987","02","Alcoholic beverages and tobacco","Base Dec 2001=100",""
"CPA01C04","Consumer Price Index (Base Dec 2001=100)","1987","1987","03","Clothing and footwear","Base Dec 2001=100",""
"CPA01C04","Consumer Price Index (Base Dec 2001=100)","1987","1987","04","Housing, water, electricity, gas and other fuels","Base Dec 2001=100",""
"CPA01C04","Consumer Price Index (Base Dec 2001=100)","1987","1987","05","Furnishings, household equipment and routine household maintenance","Base Dec 2001=100",""
"CPA01C04","Consumer Price Index (Base Dec 2001=100)","1987","1987","06","Health","Base Dec 2001=100",""
"CPA01C04","Consumer Price Index (Base Dec 2001=100)","1987","1987","07","Transport","Base Dec 2001=100",""
"CPA01C04","Consumer Price Index (Base Dec 2001=100)","1987","1987","08","Communications","Base Dec 2001=100",""
"CPA01C04","Consumer Price Index (Base Dec 2001=100)","1987","1987","09","Recreation and culture","Base Dec 2001=100",""
"CPA01C04","Consumer Price Index (Base Dec 2001=100)","1987","1987","10","Education","Base Dec 2001=100",""
"CPA01C04","Consumer Price Index (Base Dec 2001=100)","1987","1987","11","Restaurants and hotels","Base Dec 2001=100",""
"CPA01C04","Consumer Price Index (Base Dec 2001=100)","1987","1987","12","Miscellaneous goods and services","Base Dec 2001=100",""
"CPA01C04","Consumer Price Index (Base Dec 2001=100)","1988","1988","-","All items","Base Dec 2001=100","67.8"
"CPA01C04","Consumer Price Index (Base Dec 2001=100)","1988","1988","01","Food and non-alcoholic beverages","Base Dec 2001=100",""
"CPA01C04","Consumer Price Index (Base Dec 2001=100)","1988","1988","02","Alcoholic beverages and tobacco","Base Dec 2001=100",""
"CPA01C04","Consumer Price Index (Base Dec 2001=100)","1988","1988","03","Clothing and footwear","Base Dec 2001=100",""
"CPA01C04","Consumer Price Index (Base Dec 2001=100)","1988","1988","04","Housing, water, electricity, gas and other fuels","Base Dec 2001=100",""
"CPA01C04","Consumer Price Index (Base Dec 2001=100)","1988","1988","05","Furnishings, household equipment and routine household maintenance","Base Dec 2001=100",""
"CPA01C04","Consumer Price Index (Base Dec 2001=100)","1988","1988","06","Health","Base Dec 2001=100",""
"CPA01C04","Consumer Price Index (Base Dec 2001=100)","1988","1988","07","Transport","Base Dec 2001=100",""
"CPA01C04","Consumer Price Index (Base Dec 2001=100)","1988","1988","08","Communications","Base Dec 2001=100",""
"CPA01C04","Consumer Price Index (Base Dec 2001=100)","1988","1988","09","Recreation and culture","Base Dec 2001=100",""
"CPA01C04","Consumer Price Index (Base Dec 2001=100)","1988","1988","10","Education","Base Dec 2001=100",""
"CPA01C04","Consumer Price Index (Base Dec 2001=100)","1988","1988","11","Restaurants and hotels","Base Dec 2001=100",""
"CPA01C04","Consumer Price Index (Base Dec 2001=100)","1988","1988","12","Miscellaneous goods and services","Base Dec 2001=100",""
"CPA01C04","Consumer Price Index (Base Dec 2001=100)","1989","1989","-","All items","Base Dec 2001=100","70.6"
"CPA01C04","Consumer Price Index (Base Dec 2001=100)","1989","1989","01","Food and non-alcoholic beverages","Base Dec 2001=100",""
"CPA01C04","Consumer Price Index (Base Dec 2001=100)","1989","1989","02","Alcoholic beverages and tobacco","Base Dec 2001=100",""
"CPA01C04","Consumer Price Index (Base Dec 2001=100)","1989","1989","03","Clothing and footwear","Base Dec 2001=100",""
"CPA01C04","Consumer Price Index (Base Dec 2001=100)","1989","1989","04","Housing, water, electricity, gas and other fuels","Base Dec 2001=100",""
"CPA01C04","Consumer Price Index (Base Dec 2001=100)","1989","1989","05","Furnishings, household equipment and routine household maintenance","Base Dec 2001=100",""
"CPA01C04","Consumer Price Index (Base Dec 2001=100)","1989","1989","06","Health","Base Dec 2001=100",""
"CPA01C04","Consumer Price Index (Base Dec 2001=100)","1989","1989","07","Transport","Base Dec 2001=100",""
"CPA01C04","Consumer Price Index (Base Dec 2001=100)","1989","1989","08","Communications","Base Dec 2001=100",""
"CPA01C04","Consumer Price Index (Base Dec 2001=100)","1989","1989","09","Recreation and culture","Base Dec 2001=100",""
"CPA01C04","Consumer Price Index (Base Dec 2001=100)","1989","1989","10","Education","Base Dec 2001=100",""
"CPA01C04","Consumer Price Index (Base Dec 2001=100)","1989","1989","11","Restaurants and hotels","Base Dec 2001=100",""
"CPA01C04","Consumer Price Index (Base Dec 2001=100)","1989","1989","12","Miscellaneous goods and services","Base Dec 2001=100",""
"CPA01C04","Consumer Price Index (Base Dec 2001=100)","1990","1990","-","All items","Base Dec 2001=100","73"
"CPA01C04","Consumer Price Index (Base Dec 2001=100)","1990","1990","01","Food and non-alcoholic beverages","Base Dec 2001=100",""
"CPA01C04","Consumer Price Index (Base Dec 2001=100)","1990","1990","02","Alcoholic beverages and tobacco","Base Dec 2001=100",""
"CPA01C04","Consumer Price Index (Base Dec 2001=100)","1990","1990","03","Clothing and footwear","Base Dec 2001=100",""
"CPA01C04","Consumer Price Index (Base Dec 2001=100)","1990","1990","04","Housing, water, electricity, gas and other fuels","Base Dec 2001=100",""
"CPA01C04","Consumer Price Index (Base Dec 2001=100)","1990","1990","05","Furnishings, household equipment and routine household maintenance","Base Dec 2001=100",""
"CPA01C04","Consumer Price Index (Base Dec 2001=100)","1990","1990","06","Health","Base Dec 2001=100",""
"CPA01C04","Consumer Price Index (Base Dec 2001=100)","1990","1990","07","Transport","Base Dec 2001=100",""
"CPA01C04","Consumer Price Index (Base Dec 2001=100)","1990","1990","08","Communications","Base Dec 2001=100",""
"CPA01C04","Consumer Price Index (Base Dec 2001=100)","1990","1990","09","Recreation and culture","Base Dec 2001=100",""
"CPA01C04","Consumer Price Index (Base Dec 2001=100)","1990","1990","10","Education","Base Dec 2001=100",""
"CPA01C04","Consumer Price Index (Base Dec 2001=100)","1990","1990","11","Restaurants and hotels","Base Dec 2001=100",""
"CPA01C04","Consumer Price Index (Base Dec 2001=100)","1990","1990","12","Miscellaneous goods and services","Base Dec 2001=100",""
"CPA01C04","Consumer Price Index (Base Dec 2001=100)","1991","1991","-","All items","Base Dec 2001=100","75.3"
"CPA01C04","Consumer Price Index (Base Dec 2001=100)","1991","1991","01","Food and non-alcoholic beverages","Base Dec 2001=100",""
"CPA01C04","Consumer Price Index (Base Dec 2001=100)","1991","1991","02","Alcoholic beverages and tobacco","Base Dec 2001=100",""
"CPA01C04","Consumer Price Index (Base Dec 2001=100)","1991","1991","03","Clothing and footwear","Base Dec 2001=100",""
"CPA01C04","Consumer Price Index (Base Dec 2001=100)","1991","1991","04","Housing, water, electricity, gas and other fuels","Base Dec 2001=100",""
"CPA01C04","Consumer Price Index (Base Dec 2001=100)","1991","1991","05","Furnishings, household equipment and routine household maintenance","Base Dec 2001=100",""
"CPA01C04","Consumer Price Index (Base Dec 2001=100)","1991","1991","06","Health","Base Dec 2001=100",""
"CPA01C04","Consumer Price Index (Base Dec 2001=100)","1991","1991","07","Transport","Base Dec 2001=100",""
"CPA01C04","Consumer Price Index (Base Dec 2001=100)","1991","1991","08","Communications","Base Dec 2001=100",""
"CPA01C04","Consumer Price Index (Base Dec 2001=100)","1991","1991","09","Recreation and culture","Base Dec 2001=100",""
"CPA01C04","Consumer Price Index (Base Dec 2001=100)","1991","1991","10","Education","Base Dec 2001=100",""
"CPA01C04","Consumer Price Index (Base Dec 2001=100)","1991","1991","11","Restaurants and hotels","Base Dec 2001=100",""
"CPA01C04","Consumer Price Index (Base Dec 2001=100)","1991","1991","12","Miscellaneous goods and services","Base Dec 2001=100",""
"CPA01C04","Consumer Price Index (Base Dec 2001=100)","1992","1992","-","All items","Base Dec 2001=100","77.6"
"CPA01C04","Consumer Price Index (Base Dec 2001=100)","1992","1992","01","Food and non-alcoholic beverages","Base Dec 2001=100",""
"CPA01C04","Consumer Price Index (Base Dec 2001=100)","1992","1992","02","Alcoholic beverages and tobacco","Base Dec 2001=100",""
"CPA01C04","Consumer Price Index (Base Dec 2001=100)","1992","1992","03","Clothing and footwear","Base Dec 2001=100",""
"CPA01C04","Consumer Price Index (Base Dec 2001=100)","1992","1992","04","Housing, water, electricity, gas and other fuels","Base Dec 2001=100",""
"CPA01C04","Consumer Price Index (Base Dec 2001=100)","1992","1992","05","Furnishings, household equipment and routine household maintenance","Base Dec 2001=100",""
"CPA01C04","Consumer Price Index (Base Dec 2001=100)","1992","1992","06","Health","Base Dec 2001=100",""
"CPA01C04","Consumer Price Index (Base Dec 2001=100)","1992","1992","07","Transport","Base Dec 2001=100",""
"CPA01C04","Consumer Price Index (Base Dec 2001=100)","1992","1992","08","Communications","Base Dec 2001=100",""
"CPA01C04","Consumer Price Index (Base Dec 2001=100)","1992","1992","09","Recreation and culture","Base Dec 2001=100",""
"CPA01C04","Consumer Price Index (Base Dec 2001=100)","1992","1992","10","Education","Base Dec 2001=100",""
"CPA01C04","Consumer Price Index (Base Dec 2001=100)","1992","1992","11","Restaurants and hotels","Base Dec 2001=100",""
"CPA01C04","Consumer Price Index (Base Dec 2001=100)","1992","1992","12","Miscellaneous goods and services","Base Dec 2001=100",""
"CPA01C04","Consumer Price Index (Base Dec 2001=100)","1993","1993","-","All items","Base Dec 2001=100","78.7"
"CPA01C04","Consumer Price Index (Base Dec 2001=100)","1993","1993","01","Food and non-alcoholic beverages","Base Dec 2001=100",""
"CPA01C04","Consumer Price Index (Base Dec 2001=100)","1993","1993","02","Alcoholic beverages and tobacco","Base Dec 2001=100",""
"CPA01C04","Consumer Price Index (Base Dec 2001=100)","1993","1993","03","Clothing and footwear","Base Dec 2001=100",""
"CPA01C04","Consumer Price Index (Base Dec 2001=100)","1993","1993","04","Housing, water, electricity, gas and other fuels","Base Dec 2001=100",""
"CPA01C04","Consumer Price Index (Base Dec 2001=100)","1993","1993","05","Furnishings, household equipment and routine household maintenance","Base Dec 2001=100",""
"CPA01C04","Consumer Price Index (Base Dec 2001=100)","1993","1993","06","Health","Base Dec 2001=100",""
"CPA01C04","Consumer Price Index (Base Dec 2001=100)","1993","1993","07","Transport","Base Dec 2001=100",""
"CPA01C04","Consumer Price Index (Base Dec 2001=100)","1993","1993","08","Communications","Base Dec 2001=100",""
"CPA01C04","Consumer Price Index (Base Dec 2001=100)","1993","1993","09","Recreation and culture","Base Dec 2001=100",""
"CPA01C04","Consumer Price Index (Base Dec 2001=100)","1993","1993","10","Education","Base Dec 2001=100",""
"CPA01C04","Consumer Price Index (Base Dec 2001=100)","1993","1993","11","Restaurants and hotels","Base Dec 2001=100",""
"CPA01C04","Consumer Price Index (Base Dec 2001=100)","1993","1993","12","Miscellaneous goods and services","Base Dec 2001=100",""
"CPA01C04","Consumer Price Index (Base Dec 2001=100)","1994","1994","-","All items","Base Dec 2001=100","80.6"
"CPA01C04","Consumer Price Index (Base Dec 2001=100)","1994","1994","01","Food and non-alcoholic beverages","Base Dec 2001=100",""
"CPA01C04","Consumer Price Index (Base Dec 2001=100)","1994","1994","02","Alcoholic beverages and tobacco","Base Dec 2001=100",""
"CPA01C04","Consumer Price Index (Base Dec 2001=100)","1994","1994","03","Clothing and footwear","Base Dec 2001=100",""
"CPA01C04","Consumer Price Index (Base Dec 2001=100)","1994","1994","04","Housing, water, electricity, gas and other fuels","Base Dec 2001=100",""
"CPA01C04","Consumer Price Index (Base Dec 2001=100)","1994","1994","05","Furnishings, household equipment and routine household maintenance","Base Dec 2001=100",""
"CPA01C04","Consumer Price Index (Base Dec 2001=100)","1994","1994","06","Health","Base Dec 2001=100",""
"CPA01C04","Consumer Price Index (Base Dec 2001=100)","1994","1994","07","Transport","Base Dec 2001=100",""
"CPA01C04","Consumer Price Index (Base Dec 2001=100)","1994","1994","08","Communications","Base Dec 2001=100",""
"CPA01C04","Consumer Price Index (Base Dec 2001=100)","1994","1994","09","Recreation and culture","Base Dec 2001=100",""
"CPA01C04","Consumer Price Index (Base Dec 2001=100)","1994","1994","10","Education","Base Dec 2001=100",""
"CPA01C04","Consumer Price Index (Base Dec 2001=100)","1994","1994","11","Restaurants and hotels","Base Dec 2001=100",""
"CPA01C04","Consumer Price Index (Base Dec 2001=100)","1994","1994","12","Miscellaneous goods and services","Base Dec 2001=100",""
"CPA01C04","Consumer Price Index (Base Dec 2001=100)","1995","1995","-","All items","Base Dec 2001=100","82.6"
"CPA01C04","Consumer Price Index (Base Dec 2001=100)","1995","1995","01","Food and non-alcoholic beverages","Base Dec 2001=100",""
"CPA01C04","Consumer Price Index (Base Dec 2001=100)","1995","1995","02","Alcoholic beverages and tobacco","Base Dec 2001=100",""
"CPA01C04","Consumer Price Index (Base Dec 2001=100)","1995","1995","03","Clothing and footwear","Base Dec 2001=100",""
"CPA01C04","Consumer Price Index (Base Dec 2001=100)","1995","1995","04","Housing, water, electricity, gas and other fuels","Base Dec 2001=100",""
"CPA01C04","Consumer Price Index (Base Dec 2001=100)","1995","1995","05","Furnishings, household equipment and routine household maintenance","Base Dec 2001=100",""
"CPA01C04","Consumer Price Index (Base Dec 2001=100)","1995","1995","06","Health","Base Dec 2001=100",""
"CPA01C04","Consumer Price Index (Base Dec 2001=100)","1995","1995","07","Transport","Base Dec 2001=100",""
"CPA01C04","Consumer Price Index (Base Dec 2001=100)","1995","1995","08","Communications","Base Dec 2001=100",""
"CPA01C04","Consumer Price Index (Base Dec 2001=100)","1995","1995","09","Recreation and culture","Base Dec 2001=100",""
"CPA01C04","Consumer Price Index (Base Dec 2001=100)","1995","1995","10","Education","Base Dec 2001=100",""
"CPA01C04","Consumer Price Index (Base Dec 2001=100)","1995","1995","11","Restaurants and hotels","Base Dec 2001=100",""
"CPA01C04","Consumer Price Index (Base Dec 2001=100)","1995","1995","12","Miscellaneous goods and services","Base Dec 2001=100",""
"CPA01C04","Consumer Price Index (Base Dec 2001=100)","1996","1996","-","All items","Base Dec 2001=100","84"
"CPA01C04","Consumer Price Index (Base Dec 2001=100)","1996","1996","01","Food and non-alcoholic beverages","Base Dec 2001=100",""
"CPA01C04","Consumer Price Index (Base Dec 2001=100)","1996","1996","02","Alcoholic beverages and tobacco","Base Dec 2001=100",""
"CPA01C04","Consumer Price Index (Base Dec 2001=100)","1996","1996","03","Clothing and footwear","Base Dec 2001=100",""
"CPA01C04","Consumer Price Index (Base Dec 2001=100)","1996","1996","04","Housing, water, electricity, gas and other fuels","Base Dec 2001=100",""
"CPA01C04","Consumer Price Index (Base Dec 2001=100)","1996","1996","05","Furnishings, household equipment and routine household maintenance","Base Dec 2001=100",""
"CPA01C04","Consumer Price Index (Base Dec 2001=100)","1996","1996","06","Health","Base Dec 2001=100",""
"CPA01C04","Consumer Price Index (Base Dec 2001=100)","1996","1996","07","Transport","Base Dec 2001=100",""
"CPA01C04","Consumer Price Index (Base Dec 2001=100)","1996","1996","08","Communications","Base Dec 2001=100",""
"CPA01C04","Consumer Price Index (Base Dec 2001=100)","1996","1996","09","Recreation and culture","Base Dec 2001=100",""
"CPA01C04","Consumer Price Index (Base Dec 2001=100)","1996","1996","10","Education","Base Dec 2001=100",""
"CPA01C04","Consumer Price Index (Base Dec 2001=100)","1996","1996","11","Restaurants and hotels","Base Dec 2001=100",""
"CPA01C04","Consumer Price Index (Base Dec 2001=100)","1996","1996","12","Miscellaneous goods and services","Base Dec 2001=100",""
"CPA01C04","Consumer Price Index (Base Dec 2001=100)","1997","1997","-","All items","Base Dec 2001=100","85.2"
"CPA01C04","Consumer Price Index (Base Dec 2001=100)","1997","1997","01","Food and non-alcoholic beverages","Base Dec 2001=100","83.4"
"CPA01C04","Consumer Price Index (Base Dec 2001=100)","1997","1997","02","Alcoholic beverages and tobacco","Base Dec 2001=100","79.6"
"CPA01C04","Consumer Price Index (Base Dec 2001=100)","1997","1997","03","Clothing and footwear","Base Dec 2001=100","120"
"CPA01C04","Consumer Price Index (Base Dec 2001=100)","1997","1997","04","Housing, water, electricity, gas and other fuels","Base Dec 2001=100","90.1"
"CPA01C04","Consumer Price Index (Base Dec 2001=100)","1997","1997","05","Furnishings, household equipment and routine household maintenance","Base Dec 2001=100","85.3"
"CPA01C04","Consumer Price Index (Base Dec 2001=100)","1997","1997","06","Health","Base Dec 2001=100","74.6"
"CPA01C04","Consumer Price Index (Base Dec 2001=100)","1997","1997","07","Transport","Base Dec 2001=100","91.1"
"CPA01C04","Consumer Price Index (Base Dec 2001=100)","1997","1997","08","Communications","Base Dec 2001=100","127.3"
"CPA01C04","Consumer Price Index (Base Dec 2001=100)","1997","1997","09","Recreation and culture","Base Dec 2001=100","84.5"
"CPA01C04","Consumer Price Index (Base Dec 2001=100)","1997","1997","10","Education","Base Dec 2001=100","67"
"CPA01C04","Consumer Price Index (Base Dec 2001=100)","1997","1997","11","Restaurants and hotels","Base Dec 2001=100","80.6"
"CPA01C04","Consumer Price Index (Base Dec 2001=100)","1997","1997","12","Miscellaneous goods and services","Base Dec 2001=100","72.8"
"CPA01C04","Consumer Price Index (Base Dec 2001=100)","1998","1998","-","All items","Base Dec 2001=100","87.3"
"CPA01C04","Consumer Price Index (Base Dec 2001=100)","1998","1998","01","Food and non-alcoholic beverages","Base Dec 2001=100","86.8"
"CPA01C04","Consumer Price Index (Base Dec 2001=100)","1998","1998","02","Alcoholic beverages and tobacco","Base Dec 2001=100","82.7"
"CPA01C04","Consumer Price Index (Base Dec 2001=100)","1998","1998","03","Clothing and footwear","Base Dec 2001=100","113.6"
"CPA01C04","Consumer Price Index (Base Dec 2001=100)","1998","1998","04","Housing, water, electricity, gas and other fuels","Base Dec 2001=100","90.8"
"CPA01C04","Consumer Price Index (Base Dec 2001=100)","1998","1998","05","Furnishings, household equipment and routine household maintenance","Base Dec 2001=100","88.3"
"CPA01C04","Consumer Price Index (Base Dec 2001=100)","1998","1998","06","Health","Base Dec 2001=100","78.7"
"CPA01C04","Consumer Price Index (Base Dec 2001=100)","1998","1998","07","Transport","Base Dec 2001=100","91.9"
"CPA01C04","Consumer Price Index (Base Dec 2001=100)","1998","1998","08","Communications","Base Dec 2001=100","119.6"
"CPA01C04","Consumer Price Index (Base Dec 2001=100)","1998","1998","09","Recreation and culture","Base Dec 2001=100","86.3"
"CPA01C04","Consumer Price Index (Base Dec 2001=100)","1998","1998","10","Education","Base Dec 2001=100","72.1"
"CPA01C04","Consumer Price Index (Base Dec 2001=100)","1998","1998","11","Restaurants and hotels","Base Dec 2001=100","83.8"
"CPA01C04","Consumer Price Index (Base Dec 2001=100)","1998","1998","12","Miscellaneous goods and services","Base Dec 2001=100","76.4"
"CPA01C04","Consumer Price Index (Base Dec 2001=100)","1999","1999","-","All items","Base Dec 2001=100","88.7"
"CPA01C04","Consumer Price Index (Base Dec 2001=100)","1999","1999","01","Food and non-alcoholic beverages","Base Dec 2001=100","89.5"
"CPA01C04","Consumer Price Index (Base Dec 2001=100)","1999","1999","02","Alcoholic beverages and tobacco","Base Dec 2001=100","86"
"CPA01C04","Consumer Price Index (Base Dec 2001=100)","1999","1999","03","Clothing and footwear","Base Dec 2001=100","106.4"
"CPA01C04","Consumer Price Index (Base Dec 2001=100)","1999","1999","04","Housing, water, electricity, gas and other fuels","Base Dec 2001=100","84.7"
"CPA01C04","Consumer Price Index (Base Dec 2001=100)","1999","1999","05","Furnishings, household equipment and routine household maintenance","Base Dec 2001=100","90.4"
"CPA01C04","Consumer Price Index (Base Dec 2001=100)","1999","1999","06","Health","Base Dec 2001=100","83.1"
"CPA01C04","Consumer Price Index (Base Dec 2001=100)","1999","1999","07","Transport","Base Dec 2001=100","94"
"CPA01C04","Consumer Price Index (Base Dec 2001=100)","1999","1999","08","Communications","Base Dec 2001=100","110.9"
"CPA01C04","Consumer Price Index (Base Dec 2001=100)","1999","1999","09","Recreation and culture","Base Dec 2001=100","88.8"
"CPA01C04","Consumer Price Index (Base Dec 2001=100)","1999","1999","10","Education","Base Dec 2001=100","79.5"
"CPA01C04","Consumer Price Index (Base Dec 2001=100)","1999","1999","11","Restaurants and hotels","Base Dec 2001=100","87.3"
"CPA01C04","Consumer Price Index (Base Dec 2001=100)","1999","1999","12","Miscellaneous goods and services","Base Dec 2001=100","80.7"
"CPA01C04","Consumer Price Index (Base Dec 2001=100)","2000","2000","-","All items","Base Dec 2001=100","93.6"
"CPA01C04","Consumer Price Index (Base Dec 2001=100)","2000","2000","01","Food and non-alcoholic beverages","Base Dec 2001=100","92.3"
"CPA01C04","Consumer Price Index (Base Dec 2001=100)","2000","2000","02","Alcoholic beverages and tobacco","Base Dec 2001=100","95.9"
"CPA01C04","Consumer Price Index (Base Dec 2001=100)","2000","2000","03","Clothing and footwear","Base Dec 2001=100","101.2"
"CPA01C04","Consumer Price Index (Base Dec 2001=100)","2000","2000","04","Housing, water, electricity, gas and other fuels","Base Dec 2001=100","92.8"
"CPA01C04","Consumer Price Index (Base Dec 2001=100)","2000","2000","05","Furnishings, household equipment and routine household maintenance","Base Dec 2001=100","94.5"
"CPA01C04","Consumer Price Index (Base Dec 2001=100)","2000","2000","06","Health","Base Dec 2001=100","89"
"CPA01C04","Consumer Price Index (Base Dec 2001=100)","2000","2000","07","Transport","Base Dec 2001=100","101.5"
"CPA01C04","Consumer Price Index (Base Dec 2001=100)","2000","2000","08","Communications","Base Dec 2001=100","107.5"
"CPA01C04","Consumer Price Index (Base Dec 2001=100)","2000","2000","09","Recreation and culture","Base Dec 2001=100","92.1"
"CPA01C04","Consumer Price Index (Base Dec 2001=100)","2000","2000","10","Education","Base Dec 2001=100","87.9"
"CPA01C04","Consumer Price Index (Base Dec 2001=100)","2000","2000","11","Restaurants and hotels","Base Dec 2001=100","92"
"CPA01C04","Consumer Price Index (Base Dec 2001=100)","2000","2000","12","Miscellaneous goods and services","Base Dec 2001=100","86.8"
"CPA01C04","Consumer Price Index (Base Dec 2001=100)","2001","2001","-","All items","Base Dec 2001=100","98.2"
"CPA01C04","Consumer Price Index (Base Dec 2001=100)","2001","2001","01","Food and non-alcoholic beverages","Base Dec 2001=100","98.3"
"CPA01C04","Consumer Price Index (Base Dec 2001=100)","2001","2001","02","Alcoholic beverages and tobacco","Base Dec 2001=100","98.3"
"CPA01C04","Consumer Price Index (Base Dec 2001=100)","2001","2001","03","Clothing and footwear","Base Dec 2001=100","98.4"
"CPA01C04","Consumer Price Index (Base Dec 2001=100)","2001","2001","04","Housing, water, electricity, gas and other fuels","Base Dec 2001=100","102.6"
"CPA01C04","Consumer Price Index (Base Dec 2001=100)","2001","2001","05","Furnishings, household equipment and routine household maintenance","Base Dec 2001=100","97.8"
"CPA01C04","Consumer Price Index (Base Dec 2001=100)","2001","2001","06","Health","Base Dec 2001=100","95.7"
"CPA01C04","Consumer Price Index (Base Dec 2001=100)","2001","2001","07","Transport","Base Dec 2001=100","100"
"CPA01C04","Consumer Price Index (Base Dec 2001=100)","2001","2001","08","Communications","Base Dec 2001=100","98.6"
"CPA01C04","Consumer Price Index (Base Dec 2001=100)","2001","2001","09","Recreation and culture","Base Dec 2001=100","96.6"
"CPA01C04","Consumer Price Index (Base Dec 2001=100)","2001","2001","10","Education","Base Dec 2001=100","94.2"
"CPA01C04","Consumer Price Index (Base Dec 2001=100)","2001","2001","11","Restaurants and hotels","Base Dec 2001=100","97.5"
"CPA01C04","Consumer Price Index (Base Dec 2001=100)","2001","2001","12","Miscellaneous goods and services","Base Dec 2001=100","94.9"
"CPA01C04","Consumer Price Index (Base Dec 2001=100)","2002","2002","-","All items","Base Dec 2001=100","102.7"
"CPA01C04","Consumer Price Index (Base Dec 2001=100)","2002","2002","01","Food and non-alcoholic beverages","Base Dec 2001=100","101.7"
"CPA01C04","Consumer Price Index (Base Dec 2001=100)","2002","2002","02","Alcoholic beverages and tobacco","Base Dec 2001=100","103.8"
"CPA01C04","Consumer Price Index (Base Dec 2001=100)","2002","2002","03","Clothing and footwear","Base Dec 2001=100","94.2"
"CPA01C04","Consumer Price Index (Base Dec 2001=100)","2002","2002","04","Housing, water, electricity, gas and other fuels","Base Dec 2001=100","103.7"
"CPA01C04","Consumer Price Index (Base Dec 2001=100)","2002","2002","05","Furnishings, household equipment and routine household maintenance","Base Dec 2001=100","99.5"
"CPA01C04","Consumer Price Index (Base Dec 2001=100)","2002","2002","06","Health","Base Dec 2001=100","105.4"
"CPA01C04","Consumer Price Index (Base Dec 2001=100)","2002","2002","07","Transport","Base Dec 2001=100","102.9"
"CPA01C04","Consumer Price Index (Base Dec 2001=100)","2002","2002","08","Communications","Base Dec 2001=100","100.7"
"CPA01C04","Consumer Price Index (Base Dec 2001=100)","2002","2002","09","Recreation and culture","Base Dec 2001=100","102.7"
"CPA01C04","Consumer Price Index (Base Dec 2001=100)","2002","2002","10","Education","Base Dec 2001=100","103.9"
"CPA01C04","Consumer Price Index (Base Dec 2001=100)","2002","2002","11","Restaurants and hotels","Base Dec 2001=100","104.7"
"CPA01C04","Consumer Price Index (Base Dec 2001=100)","2002","2002","12","Miscellaneous goods and services","Base Dec 2001=100","104.1"
"CPA01C04","Consumer Price Index (Base Dec 2001=100)","2003","2003","-","All items","Base Dec 2001=100","106.3"
"CPA01C04","Consumer Price Index (Base Dec 2001=100)","2003","2003","01","Food and non-alcoholic beverages","Base Dec 2001=100","103.1"
"CPA01C04","Consumer Price Index (Base Dec 2001=100)","2003","2003","02","Alcoholic beverages and tobacco","Base Dec 2001=100","114"
"CPA01C04","Consumer Price Index (Base Dec 2001=100)","2003","2003","03","Clothing and footwear","Base Dec 2001=100","90.4"
"CPA01C04","Consumer Price Index (Base Dec 2001=100)","2003","2003","04","Housing, water, electricity, gas and other fuels","Base Dec 2001=100","103.1"
"CPA01C04","Consumer Price Index (Base Dec 2001=100)","2003","2003","05","Furnishings, household equipment and routine household maintenance","Base Dec 2001=100","98.8"
"CPA01C04","Consumer Price Index (Base Dec 2001=100)","2003","2003","06","Health","Base Dec 2001=100","113.4"
"CPA01C04","Consumer Price Index (Base Dec 2001=100)","2003","2003","07","Transport","Base Dec 2001=100","106.3"
"CPA01C04","Consumer Price Index (Base Dec 2001=100)","2003","2003","08","Communications","Base Dec 2001=100","102.2"
"CPA01C04","Consumer Price Index (Base Dec 2001=100)","2003","2003","09","Recreation and culture","Base Dec 2001=100","106.9"
"CPA01C04","Consumer Price Index (Base Dec 2001=100)","2003","2003","10","Education","Base Dec 2001=100","113.4"
"CPA01C04","Consumer Price Index (Base Dec 2001=100)","2003","2003","11","Restaurants and hotels","Base Dec 2001=100","111.3"
"CPA01C04","Consumer Price Index (Base Dec 2001=100)","2003","2003","12","Miscellaneous goods and services","Base Dec 2001=100","109"
"CPA01C04","Consumer Price Index (Base Dec 2001=100)","2004","2004","-","All items","Base Dec 2001=100","108.6"
"CPA01C04","Consumer Price Index (Base Dec 2001=100)","2004","2004","01","Food and non-alcoholic beverages","Base Dec 2001=100","102.8"
"CPA01C04","Consumer Price Index (Base Dec 2001=100)","2004","2004","02","Alcoholic beverages and tobacco","Base Dec 2001=100","118"
"CPA01C04","Consumer Price Index (Base Dec 2001=100)","2004","2004","03","Clothing and footwear","Base Dec 2001=100","87.2"
"CPA01C04","Consumer Price Index (Base Dec 2001=100)","2004","2004","04","Housing, water, electricity, gas and other fuels","Base Dec 2001=100","107.5"
"CPA01C04","Consumer Price Index (Base Dec 2001=100)","2004","2004","05","Furnishings, household equipment and routine household maintenance","Base Dec 2001=100","97"
"CPA01C04","Consumer Price Index (Base Dec 2001=100)","2004","2004","06","Health","Base Dec 2001=100","120.2"
"CPA01C04","Consumer Price Index (Base Dec 2001=100)","2004","2004","07","Transport","Base Dec 2001=100","110.7"
"CPA01C04","Consumer Price Index (Base Dec 2001=100)","2004","2004","08","Communications","Base Dec 2001=100","105"
"CPA01C04","Consumer Price Index (Base Dec 2001=100)","2004","2004","09","Recreation and culture","Base Dec 2001=100","108.2"
"CPA01C04","Consumer Price Index (Base Dec 2001=100)","2004","2004","10","Education","Base Dec 2001=100","120"
"CPA01C04","Consumer Price Index (Base Dec 2001=100)","2004","2004","11","Restaurants and hotels","Base Dec 2001=100","115.7"
"CPA01C04","Consumer Price Index (Base Dec 2001=100)","2004","2004","12","Miscellaneous goods and services","Base Dec 2001=100","108.4"
"CPA01C04","Consumer Price Index (Base Dec 2001=100)","2005","2005","-","All items","Base Dec 2001=100","111.3"
"CPA01C04","Consumer Price Index (Base Dec 2001=100)","2005","2005","01","Food and non-alcoholic beverages","Base Dec 2001=100","102.1"
"CPA01C04","Consumer Price Index (Base Dec 2001=100)","2005","2005","02","Alcoholic beverages and tobacco","Base Dec 2001=100","118.7"
"CPA01C04","Consumer Price Index (Base Dec 2001=100)","2005","2005","03","Clothing and footwear","Base Dec 2001=100","84.8"
"CPA01C04","Consumer Price Index (Base Dec 2001=100)","2005","2005","04","Housing, water, electricity, gas and other fuels","Base Dec 2001=100","118.7"
"CPA01C04","Consumer Price Index (Base Dec 2001=100)","2005","2005","05","Furnishings, household equipment and routine household maintenance","Base Dec 2001=100","95.6"
"CPA01C04","Consumer Price Index (Base Dec 2001=100)","2005","2005","06","Health","Base Dec 2001=100","127.7"
"CPA01C04","Consumer Price Index (Base Dec 2001=100)","2005","2005","07","Transport","Base Dec 2001=100","114.6"
"CPA01C04","Consumer Price Index (Base Dec 2001=100)","2005","2005","08","Communications","Base Dec 2001=100","104.8"
"CPA01C04","Consumer Price Index (Base Dec 2001=100)","2005","2005","09","Recreation and culture","Base Dec 2001=100","108.2"
"CPA01C04","Consumer Price Index (Base Dec 2001=100)","2005","2005","10","Education","Base Dec 2001=100","127.2"
"CPA01C04","Consumer Price Index (Base Dec 2001=100)","2005","2005","11","Restaurants and hotels","Base Dec 2001=100","119.5"
"CPA01C04","Consumer Price Index (Base Dec 2001=100)","2005","2005","12","Miscellaneous goods and services","Base Dec 2001=100","108.3"
"CPA01C04","Consumer Price Index (Base Dec 2001=100)","2006","2006","-","All items","Base Dec 2001=100","115.7"
"CPA01C04","Consumer Price Index (Base Dec 2001=100)","2006","2006","01","Food and non-alcoholic beverages","Base Dec 2001=100","103.5"
"CPA01C04","Consumer Price Index (Base Dec 2001=100)","2006","2006","02","Alcoholic beverages and tobacco","Base Dec 2001=100","120"
"CPA01C04","Consumer Price Index (Base Dec 2001=100)","2006","2006","03","Clothing and footwear","Base Dec 2001=100","83.2"
"CPA01C04","Consumer Price Index (Base Dec 2001=100)","2006","2006","04","Housing, water, electricity, gas and other fuels","Base Dec 2001=100","137.8"
"CPA01C04","Consumer Price Index (Base Dec 2001=100)","2006","2006","05","Furnishings, household equipment and routine household maintenance","Base Dec 2001=100","94.4"
"CPA01C04","Consumer Price Index (Base Dec 2001=100)","2006","2006","06","Health","Base Dec 2001=100","133.3"
"CPA01C04","Consumer Price Index (Base Dec 2001=100)","2006","2006","07","Transport","Base Dec 2001=100","118.5"
"CPA01C04","Consumer Price Index (Base Dec 2001=100)","2006","2006","08","Communications","Base Dec 2001=100","104.3"
"CPA01C04","Consumer Price Index (Base Dec 2001=100)","2006","2006","09","Recreation and culture","Base Dec 2001=100","109.6"
"CPA01C04","Consumer Price Index (Base Dec 2001=100)","2006","2006","10","Education","Base Dec 2001=100","133.4"
"CPA01C04","Consumer Price Index (Base Dec 2001=100)","2006","2006","11","Restaurants and hotels","Base Dec 2001=100","124.2"
"CPA01C04","Consumer Price Index (Base Dec 2001=100)","2006","2006","12","Miscellaneous goods and services","Base Dec 2001=100","110"
"CPA01C04","Consumer Price Index (Base Dec 2001=100)","2007","2007","-","All items","Base Dec 2001=100","121.3"
"CPA01C04","Consumer Price Index (Base Dec 2001=100)","2007","2007","01","Food and non-alcoholic beverages","Base Dec 2001=100","106.4"
"CPA01C04","Consumer Price Index (Base Dec 2001=100)","2007","2007","02","Alcoholic beverages and tobacco","Base Dec 2001=100","126.4"
"CPA01C04","Consumer Price Index (Base Dec 2001=100)","2007","2007","03","Clothing and footwear","Base Dec 2001=100","80.4"
"CPA01C04","Consumer Price Index (Base Dec 2001=100)","2007","2007","04","Housing, water, electricity, gas and other fuels","Base Dec 2001=100","165.8"
"CPA01C04","Consumer Price Index (Base Dec 2001=100)","2007","2007","05","Furnishings, household equipment and routine household maintenance","Base Dec 2001=100","92.7"
"CPA01C04","Consumer Price Index (Base Dec 2001=100)","2007","2007","06","Health","Base Dec 2001=100","137.3"
"CPA01C04","Consumer Price Index (Base Dec 2001=100)","2007","2007","07","Transport","Base Dec 2001=100","121"
"CPA01C04","Consumer Price Index (Base Dec 2001=100)","2007","2007","08","Communications","Base Dec 2001=100","104.8"
"CPA01C04","Consumer Price Index (Base Dec 2001=100)","2007","2007","09","Recreation and culture","Base Dec 2001=100","111.2"
"CPA01C04","Consumer Price Index (Base Dec 2001=100)","2007","2007","10","Education","Base Dec 2001=100","140.2"
"CPA01C04","Consumer Price Index (Base Dec 2001=100)","2007","2007","11","Restaurants and hotels","Base Dec 2001=100","129.4"
"CPA01C04","Consumer Price Index (Base Dec 2001=100)","2007","2007","12","Miscellaneous goods and services","Base Dec 2001=100","111.1"
"CPA01C04","Consumer Price Index (Base Dec 2001=100)","2008","2008","-","All items","Base Dec 2001=100","126.3"
"CPA01C04","Consumer Price Index (Base Dec 2001=100)","2008","2008","01","Food and non-alcoholic beverages","Base Dec 2001=100","113.4"
"CPA01C04","Consumer Price Index (Base Dec 2001=100)","2008","2008","02","Alcoholic beverages and tobacco","Base Dec 2001=100","132.5"
"CPA01C04","Consumer Price Index (Base Dec 2001=100)","2008","2008","03","Clothing and footwear","Base Dec 2001=100","76.5"
"CPA01C04","Consumer Price Index (Base Dec 2001=100)","2008","2008","04","Housing, water, electricity, gas and other fuels","Base Dec 2001=100","181.8"
"CPA01C04","Consumer Price Index (Base Dec 2001=100)","2008","2008","05","Furnishings, household equipment and routine household maintenance","Base Dec 2001=100","91.3"
"CPA01C04","Consumer Price Index (Base Dec 2001=100)","2008","2008","06","Health","Base Dec 2001=100","145.4"
"CPA01C04","Consumer Price Index (Base Dec 2001=100)","2008","2008","07","Transport","Base Dec 2001=100","125.1"
"CPA01C04","Consumer Price Index (Base Dec 2001=100)","2008","2008","08","Communications","Base Dec 2001=100","105.8"
"CPA01C04","Consumer Price Index (Base Dec 2001=100)","2008","2008","09","Recreation and culture","Base Dec 2001=100","112.7"
"CPA01C04","Consumer Price Index (Base Dec 2001=100)","2008","2008","10","Education","Base Dec 2001=100","148.7"
"CPA01C04","Consumer Price Index (Base Dec 2001=100)","2008","2008","11","Restaurants and hotels","Base Dec 2001=100","133.4"
"CPA01C04","Consumer Price Index (Base Dec 2001=100)","2008","2008","12","Miscellaneous goods and services","Base Dec 2001=100","113.7"
"CPA01C04","Consumer Price Index (Base Dec 2001=100)","2009","2009","-","All items","Base Dec 2001=100","120.6"
"CPA01C04","Consumer Price Index (Base Dec 2001=100)","2009","2009","01","Food and non-alcoholic beverages","Base Dec 2001=100","109.5"
"CPA01C04","Consumer Price Index (Base Dec 2001=100)","2009","2009","02","Alcoholic beverages and tobacco","Base Dec 2001=100","140.9"
"CPA01C04","Consumer Price Index (Base Dec 2001=100)","2009","2009","03","Clothing and footwear","Base Dec 2001=100","67.5"
"CPA01C04","Consumer Price Index (Base Dec 2001=100)","2009","2009","04","Housing, water, electricity, gas and other fuels","Base Dec 2001=100","141.8"
"CPA01C04","Consumer Price Index (Base Dec 2001=100)","2009","2009","05","Furnishings, household equipment and routine household maintenance","Base Dec 2001=100","88.4"
"CPA01C04","Consumer Price Index (Base Dec 2001=100)","2009","2009","06","Health","Base Dec 2001=100","150.6"
"CPA01C04","Consumer Price Index (Base Dec 2001=100)","2009","2009","07","Transport","Base Dec 2001=100","120.2"
"CPA01C04","Consumer Price Index (Base Dec 2001=100)","2009","2009","08","Communications","Base Dec 2001=100","106.3"
"CPA01C04","Consumer Price Index (Base Dec 2001=100)","2009","2009","09","Recreation and culture","Base Dec 2001=100","112.3"
"CPA01C04","Consumer Price Index (Base Dec 2001=100)","2009","2009","10","Education","Base Dec 2001=100","158.3"
"CPA01C04","Consumer Price Index (Base Dec 2001=100)","2009","2009","11","Restaurants and hotels","Base Dec 2001=100","133.4"
"CPA01C04","Consumer Price Index (Base Dec 2001=100)","2009","2009","12","Miscellaneous goods and services","Base Dec 2001=100","122.3"
"CPA01C04","Consumer Price Index (Base Dec 2001=100)","2010","2010","-","All items","Base Dec 2001=100","119.5"
"CPA01C04","Consumer Price Index (Base Dec 2001=100)","2010","2010","01","Food and non-alcoholic beverages","Base Dec 2001=100","104.5"
"CPA01C04","Consumer Price Index (Base Dec 2001=100)","2010","2010","02","Alcoholic beverages and tobacco","Base Dec 2001=100","137.3"
"CPA01C04","Consumer Price Index (Base Dec 2001=100)","2010","2010","03","Clothing and footwear","Base Dec 2001=100","61.1"
"CPA01C04","Consumer Price Index (Base Dec 2001=100)","2010","2010","04","Housing, water, electricity, gas and other fuels","Base Dec 2001=100","143.6"
"CPA01C04","Consumer Price Index (Base Dec 2001=100)","2010","2010","05","Furnishings, household equipment and routine household maintenance","Base Dec 2001=100","84.8"
"CPA01C04","Consumer Price Index (Base Dec 2001=100)","2010","2010","06","Health","Base Dec 2001=100","151.5"
"CPA01C04","Consumer Price Index (Base Dec 2001=100)","2010","2010","07","Transport","Base Dec 2001=100","123.9"
"CPA01C04","Consumer Price Index (Base Dec 2001=100)","2010","2010","08","Communications","Base Dec 2001=100","107.8"
"CPA01C04","Consumer Price Index (Base Dec 2001=100)","2010","2010","09","Recreation and culture","Base Dec 2001=100","110.4"
"CPA01C04","Consumer Price Index (Base Dec 2001=100)","2010","2010","10","Education","Base Dec 2001=100","168.3"
"CPA01C04","Consumer Price Index (Base Dec 2001=100)","2010","2010","11","Restaurants and hotels","Base Dec 2001=100","129.9"
"CPA01C04","Consumer Price Index (Base Dec 2001=100)","2010","2010","12","Miscellaneous goods and services","Base Dec 2001=100","123.7"
"CPA01C04","Consumer Price Index (Base Dec 2001=100)","2011","2011","-","All items","Base Dec 2001=100","122.6"
"CPA01C04","Consumer Price Index (Base Dec 2001=100)","2011","2011","01","Food and non-alcoholic beverages","Base Dec 2001=100","105.7"
"CPA01C04","Consumer Price Index (Base Dec 2001=100)","2011","2011","02","Alcoholic beverages and tobacco","Base Dec 2001=100","137.1"
"CPA01C04","Consumer Price Index (Base Dec 2001=100)","2011","2011","03","Clothing and footwear","Base Dec 2001=100","60.1"
"CPA01C04","Consumer Price Index (Base Dec 2001=100)","2011","2011","04","Housing, water, electricity, gas and other fuels","Base Dec 2001=100","157.6"
"CPA01C04","Consumer Price Index (Base Dec 2001=100)","2011","2011","05","Furnishings, household equipment and routine household maintenance","Base Dec 2001=100","82.9"
"CPA01C04","Consumer Price Index (Base Dec 2001=100)","2011","2011","06","Health","Base Dec 2001=100","156.6"
"CPA01C04","Consumer Price Index (Base Dec 2001=100)","2011","2011","07","Transport","Base Dec 2001=100","128"
"CPA01C04","Consumer Price Index (Base Dec 2001=100)","2011","2011","08","Communications","Base Dec 2001=100","110.4"
"CPA01C04","Consumer Price Index (Base Dec 2001=100)","2011","2011","09","Recreation and culture","Base Dec 2001=100","109.5"
"CPA01C04","Consumer Price Index (Base Dec 2001=100)","2011","2011","10","Education","Base Dec 2001=100","169.5"
"CPA01C04","Consumer Price Index (Base Dec 2001=100)","2011","2011","11","Restaurants and hotels","Base Dec 2001=100","129"
"CPA01C04","Consumer Price Index (Base Dec 2001=100)","2011","2011","12","Miscellaneous goods and services","Base Dec 2001=100","131.7"
"CPA01C04","Consumer Price Index (Base Dec 2001=100)","2012","2012","-","All items","Base Dec 2001=100","124.6"
"CPA01C04","Consumer Price Index (Base Dec 2001=100)","2012","2012","01","Food and non-alcoholic beverages","Base Dec 2001=100","106.3"
"CPA01C04","Consumer Price Index (Base Dec 2001=100)","2012","2012","02","Alcoholic beverages and tobacco","Base Dec 2001=100","142"
"CPA01C04","Consumer Price Index (Base Dec 2001=100)","2012","2012","03","Clothing and footwear","Base Dec 2001=100","59.9"
"CPA01C04","Consumer Price Index (Base Dec 2001=100)","2012","2012","04","Housing, water, electricity, gas and other fuels","Base Dec 2001=100","158.6"
"CPA01C04","Consumer Price Index (Base Dec 2001=100)","2012","2012","05","Furnishings, household equipment and routine household maintenance","Base Dec 2001=100","80.9"
"CPA01C04","Consumer Price Index (Base Dec 2001=100)","2012","2012","06","Health","Base Dec 2001=100","157.3"
"CPA01C04","Consumer Price Index (Base Dec 2001=100)","2012","2012","07","Transport","Base Dec 2001=100","135.4"
"CPA01C04","Consumer Price Index (Base Dec 2001=100)","2012","2012","08","Communications","Base Dec 2001=100","108.6"
"CPA01C04","Consumer Price Index (Base Dec 2001=100)","2012","2012","09","Recreation and culture","Base Dec 2001=100","108.2"
"CPA01C04","Consumer Price Index (Base Dec 2001=100)","2012","2012","10","Education","Base Dec 2001=100","183.7"
"CPA01C04","Consumer Price Index (Base Dec 2001=100)","2012","2012","11","Restaurants and hotels","Base Dec 2001=100","129.6"
"CPA01C04","Consumer Price Index (Base Dec 2001=100)","2012","2012","12","Miscellaneous goods and services","Base Dec 2001=100","138.1"
"CPA01C04","Consumer Price Index (Base Dec 2001=100)","2013","2013","-","All items","Base Dec 2001=100","125.3"
"CPA01C04","Consumer Price Index (Base Dec 2001=100)","2013","2013","01","Food and non-alcoholic beverages","Base Dec 2001=100","107.4"
"CPA01C04","Consumer Price Index (Base Dec 2001=100)","2013","2013","02","Alcoholic beverages and tobacco","Base Dec 2001=100","149.3"
"CPA01C04","Consumer Price Index (Base Dec 2001=100)","2013","2013","03","Clothing and footwear","Base Dec 2001=100","58.2"
"CPA01C04","Consumer Price Index (Base Dec 2001=100)","2013","2013","04","Housing, water, electricity, gas and other fuels","Base Dec 2001=100","159.6"
"CPA01C04","Consumer Price Index (Base Dec 2001=100)","2013","2013","05","Furnishings, household equipment and routine household maintenance","Base Dec 2001=100","78"
"CPA01C04","Consumer Price Index (Base Dec 2001=100)","2013","2013","06","Health","Base Dec 2001=100","158.7"
"CPA01C04","Consumer Price Index (Base Dec 2001=100)","2013","2013","07","Transport","Base Dec 2001=100","133.7"
"CPA01C04","Consumer Price Index (Base Dec 2001=100)","2013","2013","08","Communications","Base Dec 2001=100","104.7"
"CPA01C04","Consumer Price Index (Base Dec 2001=100)","2013","2013","09","Recreation and culture","Base Dec 2001=100","108.2"
"CPA01C04","Consumer Price Index (Base Dec 2001=100)","2013","2013","10","Education","Base Dec 2001=100","192.3"
"CPA01C04","Consumer Price Index (Base Dec 2001=100)","2013","2013","11","Restaurants and hotels","Base Dec 2001=100","132"
"CPA01C04","Consumer Price Index (Base Dec 2001=100)","2013","2013","12","Miscellaneous goods and services","Base Dec 2001=100","140.8"
"CPA01C04","Consumer Price Index (Base Dec 2001=100)","2014","2014","-","All items","Base Dec 2001=100","125.5"
"CPA01C04","Consumer Price Index (Base Dec 2001=100)","2014","2014","01","Food and non-alcoholic beverages","Base Dec 2001=100","105"
"CPA01C04","Consumer Price Index (Base Dec 2001=100)","2014","2014","02","Alcoholic beverages and tobacco","Base Dec 2001=100","154.9"
"CPA01C04","Consumer Price Index (Base Dec 2001=100)","2014","2014","03","Clothing and footwear","Base Dec 2001=100","56.3"
"CPA01C04","Consumer Price Index (Base Dec 2001=100)","2014","2014","04","Housing, water, electricity, gas and other fuels","Base Dec 2001=100","159.6"
"CPA01C04","Consumer Price Index (Base Dec 2001=100)","2014","2014","05","Furnishings, household equipment and routine household maintenance","Base Dec 2001=100","75.8"
"CPA01C04","Consumer Price Index (Base Dec 2001=100)","2014","2014","06","Health","Base Dec 2001=100","158.4"
"CPA01C04","Consumer Price Index (Base Dec 2001=100)","2014","2014","07","Transport","Base Dec 2001=100","131.7"
"CPA01C04","Consumer Price Index (Base Dec 2001=100)","2014","2014","08","Communications","Base Dec 2001=100","101.7"
"CPA01C04","Consumer Price Index (Base Dec 2001=100)","2014","2014","09","Recreation and culture","Base Dec 2001=100","107.6"
"CPA01C04","Consumer Price Index (Base Dec 2001=100)","2014","2014","10","Education","Base Dec 2001=100","201.2"
"CPA01C04","Consumer Price Index (Base Dec 2001=100)","2014","2014","11","Restaurants and hotels","Base Dec 2001=100","134.9"
"CPA01C04","Consumer Price Index (Base Dec 2001=100)","2014","2014","12","Miscellaneous goods and services","Base Dec 2001=100","145.6"
"CPA01C04","Consumer Price Index (Base Dec 2001=100)","2015","2015","-","All items","Base Dec 2001=100","125.1"
"CPA01C04","Consumer Price Index (Base Dec 2001=100)","2015","2015","01","Food and non-alcoholic beverages","Base Dec 2001=100","102.8"
"CPA01C04","Consumer Price Index (Base Dec 2001=100)","2015","2015","02","Alcoholic beverages and tobacco","Base Dec 2001=100","155.6"
"CPA01C04","Consumer Price Index (Base Dec 2001=100)","2015","2015","03","Clothing and footwear","Base Dec 2001=100","54.2"
"CPA01C04","Consumer Price Index (Base Dec 2001=100)","2015","2015","04","Housing, water, electricity, gas and other fuels","Base Dec 2001=100","162.1"
"CPA01C04","Consumer Price Index (Base Dec 2001=100)","2015","2015","05","Furnishings, household equipment and routine household maintenance","Base Dec 2001=100","74"
"CPA01C04","Consumer Price Index (Base Dec 2001=100)","2015","2015","06","Health","Base Dec 2001=100","158.3"
"CPA01C04","Consumer Price Index (Base Dec 2001=100)","2015","2015","07","Transport","Base Dec 2001=100","125.4"
"CPA01C04","Consumer Price Index (Base Dec 2001=100)","2015","2015","08","Communications","Base Dec 2001=100","103.4"
"CPA01C04","Consumer Price Index (Base Dec 2001=100)","2015","2015","09","Recreation and culture","Base Dec 2001=100","107.3"
"CPA01C04","Consumer Price Index (Base Dec 2001=100)","2015","2015","10","Education","Base Dec 2001=100","210.6"
"CPA01C04","Consumer Price Index (Base Dec 2001=100)","2015","2015","11","Restaurants and hotels","Base Dec 2001=100","137.1"
"CPA01C04","Consumer Price Index (Base Dec 2001=100)","2015","2015","12","Miscellaneous goods and services","Base Dec 2001=100","147.7"
"CPA01C04","Consumer Price Index (Base Dec 2001=100)","2016","2016","-","All items","Base Dec 2001=100","125.1"
"CPA01C04","Consumer Price Index (Base Dec 2001=100)","2016","2016","01","Food and non-alcoholic beverages","Base Dec 2001=100","101.4"
"CPA01C04","Consumer Price Index (Base Dec 2001=100)","2016","2016","02","Alcoholic beverages and tobacco","Base Dec 2001=100","157.9"
"CPA01C04","Consumer Price Index (Base Dec 2001=100)","2016","2016","03","Clothing and footwear","Base Dec 2001=100","52.8"
"CPA01C04","Consumer Price Index (Base Dec 2001=100)","2016","2016","04","Housing, water, electricity, gas and other fuels","Base Dec 2001=100","161.4"
"CPA01C04","Consumer Price Index (Base Dec 2001=100)","2016","2016","05","Furnishings, household equipment and routine household maintenance","Base Dec 2001=100","71.6"
"CPA01C04","Consumer Price Index (Base Dec 2001=100)","2016","2016","06","Health","Base Dec 2001=100","160.3"
"CPA01C04","Consumer Price Index (Base Dec 2001=100)","2016","2016","07","Transport","Base Dec 2001=100","121.4"
"CPA01C04","Consumer Price Index (Base Dec 2001=100)","2016","2016","08","Communications","Base Dec 2001=100","102.1"
"CPA01C04","Consumer Price Index (Base Dec 2001=100)","2016","2016","09","Recreation and culture","Base Dec 2001=100","106.1"
"CPA01C04","Consumer Price Index (Base Dec 2001=100)","2016","2016","10","Education","Base Dec 2001=100","217.6"
"CPA01C04","Consumer Price Index (Base Dec 2001=100)","2016","2016","11","Restaurants and hotels","Base Dec 2001=100","139.9"
"CPA01C04","Consumer Price Index (Base Dec 2001=100)","2016","2016","12","Miscellaneous goods and services","Base Dec 2001=100","154"
"CPA01C04","Consumer Price Index (Base Dec 2001=100)","2017","2017","-","All items","Base Dec 2001=100","125.6"
"CPA01C04","Consumer Price Index (Base Dec 2001=100)","2017","2017","01","Food and non-alcoholic beverages","Base Dec 2001=100","99.3"
"CPA01C04","Consumer Price Index (Base Dec 2001=100)","2017","2017","02","Alcoholic beverages and tobacco","Base Dec 2001=100","159"
"CPA01C04","Consumer Price Index (Base Dec 2001=100)","2017","2017","03","Clothing and footwear","Base Dec 2001=100","50.6"
"CPA01C04","Consumer Price Index (Base Dec 2001=100)","2017","2017","04","Housing, water, electricity, gas and other fuels","Base Dec 2001=100","164.7"
"CPA01C04","Consumer Price Index (Base Dec 2001=100)","2017","2017","05","Furnishings, household equipment and routine household maintenance","Base Dec 2001=100","68.6"
"CPA01C04","Consumer Price Index (Base Dec 2001=100)","2017","2017","06","Health","Base Dec 2001=100","162.4"
"CPA01C04","Consumer Price Index (Base Dec 2001=100)","2017","2017","07","Transport","Base Dec 2001=100","124"
"CPA01C04","Consumer Price Index (Base Dec 2001=100)","2017","2017","08","Communications","Base Dec 2001=100","102"
"CPA01C04","Consumer Price Index (Base Dec 2001=100)","2017","2017","09","Recreation and culture","Base Dec 2001=100","104"
"CPA01C04","Consumer Price Index (Base Dec 2001=100)","2017","2017","10","Education","Base Dec 2001=100","221.3"
"CPA01C04","Consumer Price Index (Base Dec 2001=100)","2017","2017","11","Restaurants and hotels","Base Dec 2001=100","143.1"
"CPA01C04","Consumer Price Index (Base Dec 2001=100)","2017","2017","12","Miscellaneous goods and services","Base Dec 2001=100","154.4"
"CPA01C04","Consumer Price Index (Base Dec 2001=100)","2018","2018","-","All items","Base Dec 2001=100","126.2"
"CPA01C04","Consumer Price Index (Base Dec 2001=100)","2018","2018","01","Food and non-alcoholic beverages","Base Dec 2001=100","97.3"
"CPA01C04","Consumer Price Index (Base Dec 2001=100)","2018","2018","02","Alcoholic beverages and tobacco","Base Dec 2001=100","163.4"
"CPA01C04","Consumer Price Index (Base Dec 2001=100)","2018","2018","03","Clothing and footwear","Base Dec 2001=100","49.8"
"CPA01C04","Consumer Price Index (Base Dec 2001=100)","2018","2018","04","Housing, water, electricity, gas and other fuels","Base Dec 2001=100","173.1"
"CPA01C04","Consumer Price Index (Base Dec 2001=100)","2018","2018","05","Furnishings, household equipment and routine household maintenance","Base Dec 2001=100","66"
"CPA01C04","Consumer Price Index (Base Dec 2001=100)","2018","2018","06","Health","Base Dec 2001=100","162.7"
"CPA01C04","Consumer Price Index (Base Dec 2001=100)","2018","2018","07","Transport","Base Dec 2001=100","124.9"
"CPA01C04","Consumer Price Index (Base Dec 2001=100)","2018","2018","08","Communications","Base Dec 2001=100","101"
"CPA01C04","Consumer Price Index (Base Dec 2001=100)","2018","2018","09","Recreation and culture","Base Dec 2001=100","103"
"CPA01C04","Consumer Price Index (Base Dec 2001=100)","2018","2018","10","Education","Base Dec 2001=100","224.8"
"CPA01C04","Consumer Price Index (Base Dec 2001=100)","2018","2018","11","Restaurants and hotels","Base Dec 2001=100","146.2"
"CPA01C04","Consumer Price Index (Base Dec 2001=100)","2018","2018","12","Miscellaneous goods and services","Base Dec 2001=100","149.6"
"CPA01C04","Consumer Price Index (Base Dec 2001=100)","2019","2019","-","All items","Base Dec 2001=100","127.4"
"CPA01C04","Consumer Price Index (Base Dec 2001=100)","2019","2019","01","Food and non-alcoholic beverages","Base Dec 2001=100","96.6"
"CPA01C04","Consumer Price Index (Base Dec 2001=100)","2019","2019","02","Alcoholic beverages and tobacco","Base Dec 2001=100","168"
"CPA01C04","Consumer Price Index (Base Dec 2001=100)","2019","2019","03","Clothing and footwear","Base Dec 2001=100","49"
"CPA01C04","Consumer Price Index (Base Dec 2001=100)","2019","2019","04","Housing, water, electricity, gas and other fuels","Base Dec 2001=100","179.7"
"CPA01C04","Consumer Price Index (Base Dec 2001=100)","2019","2019","05","Furnishings, household equipment and routine household maintenance","Base Dec 2001=100","63.8"
"CPA01C04","Consumer Price Index (Base Dec 2001=100)","2019","2019","06","Health","Base Dec 2001=100","164"
"CPA01C04","Consumer Price Index (Base Dec 2001=100)","2019","2019","07","Transport","Base Dec 2001=100","125.2"
"CPA01C04","Consumer Price Index (Base Dec 2001=100)","2019","2019","08","Communications","Base Dec 2001=100","95.7"
"CPA01C04","Consumer Price Index (Base Dec 2001=100)","2019","2019","09","Recreation and culture","Base Dec 2001=100","103.7"
"CPA01C04","Consumer Price Index (Base Dec 2001=100)","2019","2019","10","Education","Base Dec 2001=100","230"
"CPA01C04","Consumer Price Index (Base Dec 2001=100)","2019","2019","11","Restaurants and hotels","Base Dec 2001=100","150.5"
"CPA01C04","Consumer Price Index (Base Dec 2001=100)","2019","2019","12","Miscellaneous goods and services","Base Dec 2001=100","149.5"
"CPA01C04","Consumer Price Index (Base Dec 2001=100)","2020","2020","-","All items","Base Dec 2001=100","126.9"
"CPA01C04","Consumer Price Index (Base Dec 2001=100)","2020","2020","01","Food and non-alcoholic beverages","Base Dec 2001=100","95.3"
"CPA01C04","Consumer Price Index (Base Dec 2001=100)","2020","2020","02","Alcoholic beverages and tobacco","Base Dec 2001=100","172.1"
"CPA01C04","Consumer Price Index (Base Dec 2001=100)","2020","2020","03","Clothing and footwear","Base Dec 2001=100","47.3"
"CPA01C04","Consumer Price Index (Base Dec 2001=100)","2020","2020","04","Housing, water, electricity, gas and other fuels","Base Dec 2001=100","177.8"
"CPA01C04","Consumer Price Index (Base Dec 2001=100)","2020","2020","05","Furnishings, household equipment and routine household maintenance","Base Dec 2001=100","61.9"
"CPA01C04","Consumer Price Index (Base Dec 2001=100)","2020","2020","06","Health","Base Dec 2001=100","168.7"
"CPA01C04","Consumer Price Index (Base Dec 2001=100)","2020","2020","07","Transport","Base Dec 2001=100","123.1"
"CPA01C04","Consumer Price Index (Base Dec 2001=100)","2020","2020","08","Communications","Base Dec 2001=100","89"
"CPA01C04","Consumer Price Index (Base Dec 2001=100)","2020","2020","09","Recreation and culture","Base Dec 2001=100","105.2"
"CPA01C04","Consumer Price Index (Base Dec 2001=100)","2020","2020","10","Education","Base Dec 2001=100","236.9"
"CPA01C04","Consumer Price Index (Base Dec 2001=100)","2020","2020","11","Restaurants and hotels","Base Dec 2001=100","152.2"
"CPA01C04","Consumer Price Index (Base Dec 2001=100)","2020","2020","12","Miscellaneous goods and services","Base Dec 2001=100","151"
"CPA01C04","Consumer Price Index (Base Dec 2001=100)","2021","2021","-","All items","Base Dec 2001=100","129.9"
"CPA01C04","Consumer Price Index (Base Dec 2001=100)","2021","2021","01","Food and non-alcoholic beverages","Base Dec 2001=100","95"
"CPA01C04","Consumer Price Index (Base Dec 2001=100)","2021","2021","02","Alcoholic beverages and tobacco","Base Dec 2001=100","176"
"CPA01C04","Consumer Price Index (Base Dec 2001=100)","2021","2021","03","Clothing and footwear","Base Dec 2001=100","45.8"
"CPA01C04","Consumer Price Index (Base Dec 2001=100)","2021","2021","04","Housing, water, electricity, gas and other fuels","Base Dec 2001=100","187.8"
"CPA01C04","Consumer Price Index (Base Dec 2001=100)","2021","2021","05","Furnishings, household equipment and routine household maintenance","Base Dec 2001=100","61.7"
"CPA01C04","Consumer Price Index (Base Dec 2001=100)","2021","2021","06","Health","Base Dec 2001=100","171.4"
"CPA01C04","Consumer Price Index (Base Dec 2001=100)","2021","2021","07","Transport","Base Dec 2001=100","130.9"
"CPA01C04","Consumer Price Index (Base Dec 2001=100)","2021","2021","08","Communications","Base Dec 2001=100","89.3"
"CPA01C04","Consumer Price Index (Base Dec 2001=100)","2021","2021","09","Recreation and culture","Base Dec 2001=100","106.3"
"CPA01C04","Consumer Price Index (Base Dec 2001=100)","2021","2021","10","Education","Base Dec 2001=100","237.3"
"CPA01C04","Consumer Price Index (Base Dec 2001=100)","2021","2021","11","Restaurants and hotels","Base Dec 2001=100","156.8"
"CPA01C04","Consumer Price Index (Base Dec 2001=100)","2021","2021","12","Miscellaneous goods and services","Base Dec 2001=100","151"
"CPA01C04","Consumer Price Index (Base Dec 2001=100)","2022","2022","-","All items","Base Dec 2001=100","140.1"
"CPA01C04","Consumer Price Index (Base Dec 2001=100)","2022","2022","01","Food and non-alcoholic beverages","Base Dec 2001=100","101.6"
"CPA01C04","Consumer Price Index (Base Dec 2001=100)","2022","2022","02","Alcoholic beverages and tobacco","Base Dec 2001=100","190.1"
"CPA01C04","Consumer Price Index (Base Dec 2001=100)","2022","2022","03","Clothing and footwear","Base Dec 2001=100","46.8"
"CPA01C04","Consumer Price Index (Base Dec 2001=100)","2022","2022","04","Housing, water, electricity, gas and other fuels","Base Dec 2001=100","226.5"
"CPA01C04","Consumer Price Index (Base Dec 2001=100)","2022","2022","05","Furnishings, household equipment and routine household maintenance","Base Dec 2001=100","63.8"
"CPA01C04","Consumer Price Index (Base Dec 2001=100)","2022","2022","06","Health","Base Dec 2001=100","173.3"
"CPA01C04","Consumer Price Index (Base Dec 2001=100)","2022","2022","07","Transport","Base Dec 2001=100","149"
"CPA01C04","Consumer Price Index (Base Dec 2001=100)","2022","2022","08","Communications","Base Dec 2001=100","91.9"
"CPA01C04","Consumer Price Index (Base Dec 2001=100)","2022","2022","09","Recreation and culture","Base Dec 2001=100","109.1"
"CPA01C04","Consumer Price Index (Base Dec 2001=100)","2022","2022","10","Education","Base Dec 2001=100","232"
"CPA01C04","Consumer Price Index (Base Dec 2001=100)","2022","2022","11","Restaurants and hotels","Base Dec 2001=100","166.2"
"CPA01C04","Consumer Price Index (Base Dec 2001=100)","2022","2022","12","Miscellaneous goods and services","Base Dec 2001=100","149.8"
"CPA01C04","Consumer Price Index (Base Dec 2001=100)","2023","2023","-","All items","Base Dec 2001=100","148.9"
"CPA01C04","Consumer Price Index (Base Dec 2001=100)","2023","2023","01","Food and non-alcoholic beverages","Base Dec 2001=100","111.6"
"CPA01C04","Consumer Price Index (Base Dec 2001=100)","2023","2023","02","Alcoholic beverages and tobacco","Base Dec 2001=100","198.9"
"CPA01C04","Consumer Price Index (Base Dec 2001=100)","2023","2023","03","Clothing and footwear","Base Dec 2001=100","48.3"
"CPA01C04","Consumer Price Index (Base Dec 2001=100)","2023","2023","04","Housing, water, electricity, gas and other fuels","Base Dec 2001=100","261.9"
"CPA01C04","Consumer Price Index (Base Dec 2001=100)","2023","2023","05","Furnishings, household equipment and routine household maintenance","Base Dec 2001=100","65.4"
"CPA01C04","Consumer Price Index (Base Dec 2001=100)","2023","2023","06","Health","Base Dec 2001=100","178.4"
"CPA01C04","Consumer Price Index (Base Dec 2001=100)","2023","2023","07","Transport","Base Dec 2001=100","148.6"
"CPA01C04","Consumer Price Index (Base Dec 2001=100)","2023","2023","08","Communications","Base Dec 2001=100","93.1"
"CPA01C04","Consumer Price Index (Base Dec 2001=100)","2023","2023","09","Recreation and culture","Base Dec 2001=100","117.6"
"CPA01C04","Consumer Price Index (Base Dec 2001=100)","2023","2023","10","Education","Base Dec 2001=100","221.8"
"CPA01C04","Consumer Price Index (Base Dec 2001=100)","2023","2023","11","Restaurants and hotels","Base Dec 2001=100","179.2"
"CPA01C04","Consumer Price Index (Base Dec 2001=100)","2023","2023","12","Miscellaneous goods and services","Base Dec 2001=100","151.7"
"CPA01C04","Consumer Price Index (Base Dec 2001=100)","2024","2024","-","All items","Base Dec 2001=100","152"
"CPA01C04","Consumer Price Index (Base Dec 2001=100)","2024","2024","01","Food and non-alcoholic beverages","Base Dec 2001=100","114.5"
"CPA01C04","Consumer Price Index (Base Dec 2001=100)","2024","2024","02","Alcoholic beverages and tobacco","Base Dec 2001=100","206.3"
"CPA01C04","Consumer Price Index (Base Dec 2001=100)","2024","2024","03","Clothing and footwear","Base Dec 2001=100","45.4"
"CPA01C04","Consumer Price Index (Base Dec 2001=100)","2024","2024","04","Housing, water, electricity, gas and other fuels","Base Dec 2001=100","262.6"
"CPA01C04","Consumer Price Index (Base Dec 2001=100)","2024","2024","05","Furnishings, household equipment and routine household maintenance","Base Dec 2001=100","64.9"
"CPA01C04","Consumer Price Index (Base Dec 2001=100)","2024","2024","06","Health","Base Dec 2001=100","181.9"
"CPA01C04","Consumer Price Index (Base Dec 2001=100)","2024","2024","07","Transport","Base Dec 2001=100","152.4"
"CPA01C04","Consumer Price Index (Base Dec 2001=100)","2024","2024","08","Communications","Base Dec 2001=100","94"
"CPA01C04","Consumer Price Index (Base Dec 2001=100)","2024","2024","09","Recreation and culture","Base Dec 2001=100","122.8"
"CPA01C04","Consumer Price Index (Base Dec 2001=100)","2024","2024","10","Education","Base Dec 2001=100","226.5"
"CPA01C04","Consumer Price Index (Base Dec 2001=100)","2024","2024","11","Restaurants and hotels","Base Dec 2001=100","187.6"
"CPA01C04","Consumer Price Index (Base Dec 2001=100)","2024","2024","12","Miscellaneous goods and services","Base Dec 2001=100","156.5"
"CPA01C05","Annual Average Percentage Change in Consumer Price Index","1975","1975","-","All items","%",""
"CPA01C05","Annual Average Percentage Change in Consumer Price Index","1975","1975","01","Food and non-alcoholic beverages","%",""
"CPA01C05","Annual Average Percentage Change in Consumer Price Index","1975","1975","02","Alcoholic beverages and tobacco","%",""
"CPA01C05","Annual Average Percentage Change in Consumer Price Index","1975","1975","03","Clothing and footwear","%",""
"CPA01C05","Annual Average Percentage Change in Consumer Price Index","1975","1975","04","Housing, water, electricity, gas and other fuels","%",""
"CPA01C05","Annual Average Percentage Change in Consumer Price Index","1975","1975","05","Furnishings, household equipment and routine household maintenance","%",""
"CPA01C05","Annual Average Percentage Change in Consumer Price Index","1975","1975","06","Health","%",""
"CPA01C05","Annual Average Percentage Change in Consumer Price Index","1975","1975","07","Transport","%",""
"CPA01C05","Annual Average Percentage Change in Consumer Price Index","1975","1975","08","Communications","%",""
"CPA01C05","Annual Average Percentage Change in Consumer Price Index","1975","1975","09","Recreation and culture","%",""
"CPA01C05","Annual Average Percentage Change in Consumer Price Index","1975","1975","10","Education","%",""
"CPA01C05","Annual Average Percentage Change in Consumer Price Index","1975","1975","11","Restaurants and hotels","%",""
"CPA01C05","Annual Average Percentage Change in Consumer Price Index","1975","1975","12","Miscellaneous goods and services","%",""
"CPA01C05","Annual Average Percentage Change in Consumer Price Index","1976","1976","-","All items","%",""
"CPA01C05","Annual Average Percentage Change in Consumer Price Index","1976","1976","01","Food and non-alcoholic beverages","%",""
"CPA01C05","Annual Average Percentage Change in Consumer Price Index","1976","1976","02","Alcoholic beverages and tobacco","%",""
"CPA01C05","Annual Average Percentage Change in Consumer Price Index","1976","1976","03","Clothing and footwear","%",""
"CPA01C05","Annual Average Percentage Change in Consumer Price Index","1976","1976","04","Housing, water, electricity, gas and other fuels","%",""
"CPA01C05","Annual Average Percentage Change in Consumer Price Index","1976","1976","05","Furnishings, household equipment and routine household maintenance","%",""
"CPA01C05","Annual Average Percentage Change in Consumer Price Index","1976","1976","06","Health","%",""
"CPA01C05","Annual Average Percentage Change in Consumer Price Index","1976","1976","07","Transport","%",""
"CPA01C05","Annual Average Percentage Change in Consumer Price Index","1976","1976","08","Communications","%",""
"CPA01C05","Annual Average Percentage Change in Consumer Price Index","1976","1976","09","Recreation and culture","%",""
"CPA01C05","Annual Average Percentage Change in Consumer Price Index","1976","1976","10","Education","%",""
"CPA01C05","Annual Average Percentage Change in Consumer Price Index","1976","1976","11","Restaurants and hotels","%",""
"CPA01C05","Annual Average Percentage Change in Consumer Price Index","1976","1976","12","Miscellaneous goods and services","%",""
"CPA01C05","Annual Average Percentage Change in Consumer Price Index","1977","1977","-","All items","%","13.8"
"CPA01C05","Annual Average Percentage Change in Consumer Price Index","1977","1977","01","Food and non-alcoholic beverages","%",""
"CPA01C05","Annual Average Percentage Change in Consumer Price Index","1977","1977","02","Alcoholic beverages and tobacco","%",""
"CPA01C05","Annual Average Percentage Change in Consumer Price Index","1977","1977","03","Clothing and footwear","%",""
"CPA01C05","Annual Average Percentage Change in Consumer Price Index","1977","1977","04","Housing, water, electricity, gas and other fuels","%",""
"CPA01C05","Annual Average Percentage Change in Consumer Price Index","1977","1977","05","Furnishings, household equipment and routine household maintenance","%",""
"CPA01C05","Annual Average Percentage Change in Consumer Price Index","1977","1977","06","Health","%",""
"CPA01C05","Annual Average Percentage Change in Consumer Price Index","1977","1977","07","Transport","%",""
"CPA01C05","Annual Average Percentage Change in Consumer Price Index","1977","1977","08","Communications","%",""
"CPA01C05","Annual Average Percentage Change in Consumer Price Index","1977","1977","09","Recreation and culture","%",""
"CPA01C05","Annual Average Percentage Change in Consumer Price Index","1977","1977","10","Education","%",""
"CPA01C05","Annual Average Percentage Change in Consumer Price Index","1977","1977","11","Restaurants and hotels","%",""
"CPA01C05","Annual Average Percentage Change in Consumer Price Index","1977","1977","12","Miscellaneous goods and services","%",""
"CPA01C05","Annual Average Percentage Change in Consumer Price Index","1978","1978","-","All items","%","7.7"
"CPA01C05","Annual Average Percentage Change in Consumer Price Index","1978","1978","01","Food and non-alcoholic beverages","%",""
"CPA01C05","Annual Average Percentage Change in Consumer Price Index","1978","1978","02","Alcoholic beverages and tobacco","%",""
"CPA01C05","Annual Average Percentage Change in Consumer Price Index","1978","1978","03","Clothing and footwear","%",""
"CPA01C05","Annual Average Percentage Change in Consumer Price Index","1978","1978","04","Housing, water, electricity, gas and other fuels","%",""
"CPA01C05","Annual Average Percentage Change in Consumer Price Index","1978","1978","05","Furnishings, household equipment and routine household maintenance","%",""
"CPA01C05","Annual Average Percentage Change in Consumer Price Index","1978","1978","06","Health","%",""
"CPA01C05","Annual Average Percentage Change in Consumer Price Index","1978","1978","07","Transport","%",""
"CPA01C05","Annual Average Percentage Change in Consumer Price Index","1978","1978","08","Communications","%",""
"CPA01C05","Annual Average Percentage Change in Consumer Price Index","1978","1978","09","Recreation and culture","%",""
"CPA01C05","Annual Average Percentage Change in Consumer Price Index","1978","1978","10","Education","%",""
"CPA01C05","Annual Average Percentage Change in Consumer Price Index","1978","1978","11","Restaurants and hotels","%",""
"CPA01C05","Annual Average Percentage Change in Consumer Price Index","1978","1978","12","Miscellaneous goods and services","%",""
"CPA01C05","Annual Average Percentage Change in Consumer Price Index","1979","1979","-","All items","%","13"
"CPA01C05","Annual Average Percentage Change in Consumer Price Index","1979","1979","01","Food and non-alcoholic beverages","%",""
"CPA01C05","Annual Average Percentage Change in Consumer Price Index","1979","1979","02","Alcoholic beverages and tobacco","%",""
"CPA01C05","Annual Average Percentage Change in Consumer Price Index","1979","1979","03","Clothing and footwear","%",""
"CPA01C05","Annual Average Percentage Change in Consumer Price Index","1979","1979","04","Housing, water, electricity, gas and other fuels","%",""
"CPA01C05","Annual Average Percentage Change in Consumer Price Index","1979","1979","05","Furnishings, household equipment and routine household maintenance","%",""
"CPA01C05","Annual Average Percentage Change in Consumer Price Index","1979","1979","06","Health","%",""
"CPA01C05","Annual Average Percentage Change in Consumer Price Index","1979","1979","07","Transport","%",""
"CPA01C05","Annual Average Percentage Change in Consumer Price Index","1979","1979","08","Communications","%",""
"CPA01C05","Annual Average Percentage Change in Consumer Price Index","1979","1979","09","Recreation and culture","%",""
"CPA01C05","Annual Average Percentage Change in Consumer Price Index","1979","1979","10","Education","%",""
"CPA01C05","Annual Average Percentage Change in Consumer Price Index","1979","1979","11","Restaurants and hotels","%",""
"CPA01C05","Annual Average Percentage Change in Consumer Price Index","1979","1979","12","Miscellaneous goods and services","%",""
"CPA01C05","Annual Average Percentage Change in Consumer Price Index","1980","1980","-","All items","%","18.3"
"CPA01C05","Annual Average Percentage Change in Consumer Price Index","1980","1980","01","Food and non-alcoholic beverages","%",""
"CPA01C05","Annual Average Percentage Change in Consumer Price Index","1980","1980","02","Alcoholic beverages and tobacco","%",""
"CPA01C05","Annual Average Percentage Change in Consumer Price Index","1980","1980","03","Clothing and footwear","%",""
"CPA01C05","Annual Average Percentage Change in Consumer Price Index","1980","1980","04","Housing, water, electricity, gas and other fuels","%",""
"CPA01C05","Annual Average Percentage Change in Consumer Price Index","1980","1980","05","Furnishings, household equipment and routine household maintenance","%",""
"CPA01C05","Annual Average Percentage Change in Consumer Price Index","1980","1980","06","Health","%",""
"CPA01C05","Annual Average Percentage Change in Consumer Price Index","1980","1980","07","Transport","%",""
"CPA01C05","Annual Average Percentage Change in Consumer Price Index","1980","1980","08","Communications","%",""
"CPA01C05","Annual Average Percentage Change in Consumer Price Index","1980","1980","09","Recreation and culture","%",""
"CPA01C05","Annual Average Percentage Change in Consumer Price Index","1980","1980","10","Education","%",""
"CPA01C05","Annual Average Percentage Change in Consumer Price Index","1980","1980","11","Restaurants and hotels","%",""
"CPA01C05","Annual Average Percentage Change in Consumer Price Index","1980","1980","12","Miscellaneous goods and services","%",""
"CPA01C05","Annual Average Percentage Change in Consumer Price Index","1981","1981","-","All items","%","20.4"
"CPA01C05","Annual Average Percentage Change in Consumer Price Index","1981","1981","01","Food and non-alcoholic beverages","%",""
"CPA01C05","Annual Average Percentage Change in Consumer Price Index","1981","1981","02","Alcoholic beverages and tobacco","%",""
"CPA01C05","Annual Average Percentage Change in Consumer Price Index","1981","1981","03","Clothing and footwear","%",""
"CPA01C05","Annual Average Percentage Change in Consumer Price Index","1981","1981","04","Housing, water, electricity, gas and other fuels","%",""
"CPA01C05","Annual Average Percentage Change in Consumer Price Index","1981","1981","05","Furnishings, household equipment and routine household maintenance","%",""
"CPA01C05","Annual Average Percentage Change in Consumer Price Index","1981","1981","06","Health","%",""
"CPA01C05","Annual Average Percentage Change in Consumer Price Index","1981","1981","07","Transport","%",""
"CPA01C05","Annual Average Percentage Change in Consumer Price Index","1981","1981","08","Communications","%",""
"CPA01C05","Annual Average Percentage Change in Consumer Price Index","1981","1981","09","Recreation and culture","%",""
"CPA01C05","Annual Average Percentage Change in Consumer Price Index","1981","1981","10","Education","%",""
"CPA01C05","Annual Average Percentage Change in Consumer Price Index","1981","1981","11","Restaurants and hotels","%",""
"CPA01C05","Annual Average Percentage Change in Consumer Price Index","1981","1981","12","Miscellaneous goods and services","%",""
"CPA01C05","Annual Average Percentage Change in Consumer Price Index","1982","1982","-","All items","%","17.2"
"CPA01C05","Annual Average Percentage Change in Consumer Price Index","1982","1982","01","Food and non-alcoholic beverages","%",""
"CPA01C05","Annual Average Percentage Change in Consumer Price Index","1982","1982","02","Alcoholic beverages and tobacco","%",""
"CPA01C05","Annual Average Percentage Change in Consumer Price Index","1982","1982","03","Clothing and footwear","%",""
"CPA01C05","Annual Average Percentage Change in Consumer Price Index","1982","1982","04","Housing, water, electricity, gas and other fuels","%",""
"CPA01C05","Annual Average Percentage Change in Consumer Price Index","1982","1982","05","Furnishings, household equipment and routine household maintenance","%",""
"CPA01C05","Annual Average Percentage Change in Consumer Price Index","1982","1982","06","Health","%",""
"CPA01C05","Annual Average Percentage Change in Consumer Price Index","1982","1982","07","Transport","%",""
"CPA01C05","Annual Average Percentage Change in Consumer Price Index","1982","1982","08","Communications","%",""
"CPA01C05","Annual Average Percentage Change in Consumer Price Index","1982","1982","09","Recreation and culture","%",""
"CPA01C05","Annual Average Percentage Change in Consumer Price Index","1982","1982","10","Education","%",""
"CPA01C05","Annual Average Percentage Change in Consumer Price Index","1982","1982","11","Restaurants and hotels","%",""
"CPA01C05","Annual Average Percentage Change in Consumer Price Index","1982","1982","12","Miscellaneous goods and services","%",""
"CPA01C05","Annual Average Percentage Change in Consumer Price Index","1983","1983","-","All items","%","10.5"
"CPA01C05","Annual Average Percentage Change in Consumer Price Index","1983","1983","01","Food and non-alcoholic beverages","%",""
"CPA01C05","Annual Average Percentage Change in Consumer Price Index","1983","1983","02","Alcoholic beverages and tobacco","%",""
"CPA01C05","Annual Average Percentage Change in Consumer Price Index","1983","1983","03","Clothing and footwear","%",""
"CPA01C05","Annual Average Percentage Change in Consumer Price Index","1983","1983","04","Housing, water, electricity, gas and other fuels","%",""
"CPA01C05","Annual Average Percentage Change in Consumer Price Index","1983","1983","05","Furnishings, household equipment and routine household maintenance","%",""
"CPA01C05","Annual Average Percentage Change in Consumer Price Index","1983","1983","06","Health","%",""
"CPA01C05","Annual Average Percentage Change in Consumer Price Index","1983","1983","07","Transport","%",""
"CPA01C05","Annual Average Percentage Change in Consumer Price Index","1983","1983","08","Communications","%",""
"CPA01C05","Annual Average Percentage Change in Consumer Price Index","1983","1983","09","Recreation and culture","%",""
"CPA01C05","Annual Average Percentage Change in Consumer Price Index","1983","1983","10","Education","%",""
"CPA01C05","Annual Average Percentage Change in Consumer Price Index","1983","1983","11","Restaurants and hotels","%",""
"CPA01C05","Annual Average Percentage Change in Consumer Price Index","1983","1983","12","Miscellaneous goods and services","%",""
"CPA01C05","Annual Average Percentage Change in Consumer Price Index","1984","1984","-","All items","%","8.6"
"CPA01C05","Annual Average Percentage Change in Consumer Price Index","1984","1984","01","Food and non-alcoholic beverages","%",""
"CPA01C05","Annual Average Percentage Change in Consumer Price Index","1984","1984","02","Alcoholic beverages and tobacco","%",""
"CPA01C05","Annual Average Percentage Change in Consumer Price Index","1984","1984","03","Clothing and footwear","%",""
"CPA01C05","Annual Average Percentage Change in Consumer Price Index","1984","1984","04","Housing, water, electricity, gas and other fuels","%",""
"CPA01C05","Annual Average Percentage Change in Consumer Price Index","1984","1984","05","Furnishings, household equipment and routine household maintenance","%",""
"CPA01C05","Annual Average Percentage Change in Consumer Price Index","1984","1984","06","Health","%",""
"CPA01C05","Annual Average Percentage Change in Consumer Price Index","1984","1984","07","Transport","%",""
"CPA01C05","Annual Average Percentage Change in Consumer Price Index","1984","1984","08","Communications","%",""
"CPA01C05","Annual Average Percentage Change in Consumer Price Index","1984","1984","09","Recreation and culture","%",""
"CPA01C05","Annual Average Percentage Change in Consumer Price Index","1984","1984","10","Education","%",""
"CPA01C05","Annual Average Percentage Change in Consumer Price Index","1984","1984","11","Restaurants and hotels","%",""
"CPA01C05","Annual Average Percentage Change in Consumer Price Index","1984","1984","12","Miscellaneous goods and services","%",""
"CPA01C05","Annual Average Percentage Change in Consumer Price Index","1985","1985","-","All items","%","5.6"
"CPA01C05","Annual Average Percentage Change in Consumer Price Index","1985","1985","01","Food and non-alcoholic beverages","%",""
"CPA01C05","Annual Average Percentage Change in Consumer Price Index","1985","1985","02","Alcoholic beverages and tobacco","%",""
"CPA01C05","Annual Average Percentage Change in Consumer Price Index","1985","1985","03","Clothing and footwear","%",""
"CPA01C05","Annual Average Percentage Change in Consumer Price Index","1985","1985","04","Housing, water, electricity, gas and other fuels","%",""
"CPA01C05","Annual Average Percentage Change in Consumer Price Index","1985","1985","05","Furnishings, household equipment and routine household maintenance","%",""
"CPA01C05","Annual Average Percentage Change in Consumer Price Index","1985","1985","06","Health","%",""
"CPA01C05","Annual Average Percentage Change in Consumer Price Index","1985","1985","07","Transport","%",""
"CPA01C05","Annual Average Percentage Change in Consumer Price Index","1985","1985","08","Communications","%",""
"CPA01C05","Annual Average Percentage Change in Consumer Price Index","1985","1985","09","Recreation and culture","%",""
"CPA01C05","Annual Average Percentage Change in Consumer Price Index","1985","1985","10","Education","%",""
"CPA01C05","Annual Average Percentage Change in Consumer Price Index","1985","1985","11","Restaurants and hotels","%",""
"CPA01C05","Annual Average Percentage Change in Consumer Price Index","1985","1985","12","Miscellaneous goods and services","%",""
"CPA01C05","Annual Average Percentage Change in Consumer Price Index","1986","1986","-","All items","%","3.7"
"CPA01C05","Annual Average Percentage Change in Consumer Price Index","1986","1986","01","Food and non-alcoholic beverages","%",""
"CPA01C05","Annual Average Percentage Change in Consumer Price Index","1986","1986","02","Alcoholic beverages and tobacco","%",""
"CPA01C05","Annual Average Percentage Change in Consumer Price Index","1986","1986","03","Clothing and footwear","%",""
"CPA01C05","Annual Average Percentage Change in Consumer Price Index","1986","1986","04","Housing, water, electricity, gas and other fuels","%",""
"CPA01C05","Annual Average Percentage Change in Consumer Price Index","1986","1986","05","Furnishings, household equipment and routine household maintenance","%",""
"CPA01C05","Annual Average Percentage Change in Consumer Price Index","1986","1986","06","Health","%",""
"CPA01C05","Annual Average Percentage Change in Consumer Price Index","1986","1986","07","Transport","%",""
"CPA01C05","Annual Average Percentage Change in Consumer Price Index","1986","1986","08","Communications","%",""
"CPA01C05","Annual Average Percentage Change in Consumer Price Index","1986","1986","09","Recreation and culture","%",""
"CPA01C05","Annual Average Percentage Change in Consumer Price Index","1986","1986","10","Education","%",""
"CPA01C05","Annual Average Percentage Change in Consumer Price Index","1986","1986","11","Restaurants and hotels","%",""
"CPA01C05","Annual Average Percentage Change in Consumer Price Index","1986","1986","12","Miscellaneous goods and services","%",""
"CPA01C05","Annual Average Percentage Change in Consumer Price Index","1987","1987","-","All items","%","3.2"
"CPA01C05","Annual Average Percentage Change in Consumer Price Index","1987","1987","01","Food and non-alcoholic beverages","%",""
"CPA01C05","Annual Average Percentage Change in Consumer Price Index","1987","1987","02","Alcoholic beverages and tobacco","%",""
"CPA01C05","Annual Average Percentage Change in Consumer Price Index","1987","1987","03","Clothing and footwear","%",""
"CPA01C05","Annual Average Percentage Change in Consumer Price Index","1987","1987","04","Housing, water, electricity, gas and other fuels","%",""
"CPA01C05","Annual Average Percentage Change in Consumer Price Index","1987","1987","05","Furnishings, household equipment and routine household maintenance","%",""
"CPA01C05","Annual Average Percentage Change in Consumer Price Index","1987","1987","06","Health","%",""
"CPA01C05","Annual Average Percentage Change in Consumer Price Index","1987","1987","07","Transport","%",""
"CPA01C05","Annual Average Percentage Change in Consumer Price Index","1987","1987","08","Communications","%",""
"CPA01C05","Annual Average Percentage Change in Consumer Price Index","1987","1987","09","Recreation and culture","%",""
"CPA01C05","Annual Average Percentage Change in Consumer Price Index","1987","1987","10","Education","%",""
"CPA01C05","Annual Average Percentage Change in Consumer Price Index","1987","1987","11","Restaurants and hotels","%",""
"CPA01C05","Annual Average Percentage Change in Consumer Price Index","1987","1987","12","Miscellaneous goods and services","%",""
"CPA01C05","Annual Average Percentage Change in Consumer Price Index","1988","1988","-","All items","%","2.2"
"CPA01C05","Annual Average Percentage Change in Consumer Price Index","1988","1988","01","Food and non-alcoholic beverages","%",""
"CPA01C05","Annual Average Percentage Change in Consumer Price Index","1988","1988","02","Alcoholic beverages and tobacco","%",""
"CPA01C05","Annual Average Percentage Change in Consumer Price Index","1988","1988","03","Clothing and footwear","%",""
"CPA01C05","Annual Average Percentage Change in Consumer Price Index","1988","1988","04","Housing, water, electricity, gas and other fuels","%",""
"CPA01C05","Annual Average Percentage Change in Consumer Price Index","1988","1988","05","Furnishings, household equipment and routine household maintenance","%",""
"CPA01C05","Annual Average Percentage Change in Consumer Price Index","1988","1988","06","Health","%",""
"CPA01C05","Annual Average Percentage Change in Consumer Price Index","1988","1988","07","Transport","%",""
"CPA01C05","Annual Average Percentage Change in Consumer Price Index","1988","1988","08","Communications","%",""
"CPA01C05","Annual Average Percentage Change in Consumer Price Index","1988","1988","09","Recreation and culture","%",""
"CPA01C05","Annual Average Percentage Change in Consumer Price Index","1988","1988","10","Education","%",""
"CPA01C05","Annual Average Percentage Change in Consumer Price Index","1988","1988","11","Restaurants and hotels","%",""
"CPA01C05","Annual Average Percentage Change in Consumer Price Index","1988","1988","12","Miscellaneous goods and services","%",""
"CPA01C05","Annual Average Percentage Change in Consumer Price Index","1989","1989","-","All items","%","4.1"
"CPA01C05","Annual Average Percentage Change in Consumer Price Index","1989","1989","01","Food and non-alcoholic beverages","%",""
"CPA01C05","Annual Average Percentage Change in Consumer Price Index","1989","1989","02","Alcoholic beverages and tobacco","%",""
"CPA01C05","Annual Average Percentage Change in Consumer Price Index","1989","1989","03","Clothing and footwear","%",""
"CPA01C05","Annual Average Percentage Change in Consumer Price Index","1989","1989","04","Housing, water, electricity, gas and other fuels","%",""
"CPA01C05","Annual Average Percentage Change in Consumer Price Index","1989","1989","05","Furnishings, household equipment and routine household maintenance","%",""
"CPA01C05","Annual Average Percentage Change in Consumer Price Index","1989","1989","06","Health","%",""
"CPA01C05","Annual Average Percentage Change in Consumer Price Index","1989","1989","07","Transport","%",""
"CPA01C05","Annual Average Percentage Change in Consumer Price Index","1989","1989","08","Communications","%",""
"CPA01C05","Annual Average Percentage Change in Consumer Price Index","1989","1989","09","Recreation and culture","%",""
"CPA01C05","Annual Average Percentage Change in Consumer Price Index","1989","1989","10","Education","%",""
"CPA01C05","Annual Average Percentage Change in Consumer Price Index","1989","1989","11","Restaurants and hotels","%",""
"CPA01C05","Annual Average Percentage Change in Consumer Price Index","1989","1989","12","Miscellaneous goods and services","%",""
"CPA01C05","Annual Average Percentage Change in Consumer Price Index","1990","1990","-","All items","%","3.3"
"CPA01C05","Annual Average Percentage Change in Consumer Price Index","1990","1990","01","Food and non-alcoholic beverages","%",""
"CPA01C05","Annual Average Percentage Change in Consumer Price Index","1990","1990","02","Alcoholic beverages and tobacco","%",""
"CPA01C05","Annual Average Percentage Change in Consumer Price Index","1990","1990","03","Clothing and footwear","%",""
"CPA01C05","Annual Average Percentage Change in Consumer Price Index","1990","1990","04","Housing, water, electricity, gas and other fuels","%",""
"CPA01C05","Annual Average Percentage Change in Consumer Price Index","1990","1990","05","Furnishings, household equipment and routine household maintenance","%",""
"CPA01C05","Annual Average Percentage Change in Consumer Price Index","1990","1990","06","Health","%",""
"CPA01C05","Annual Average Percentage Change in Consumer Price Index","1990","1990","07","Transport","%",""
"CPA01C05","Annual Average Percentage Change in Consumer Price Index","1990","1990","08","Communications","%",""
"CPA01C05","Annual Average Percentage Change in Consumer Price Index","1990","1990","09","Recreation and culture","%",""
"CPA01C05","Annual Average Percentage Change in Consumer Price Index","1990","1990","10","Education","%",""
"CPA01C05","Annual Average Percentage Change in Consumer Price Index","1990","1990","11","Restaurants and hotels","%",""
"CPA01C05","Annual Average Percentage Change in Consumer Price Index","1990","1990","12","Miscellaneous goods and services","%",""
"CPA01C05","Annual Average Percentage Change in Consumer Price Index","1991","1991","-","All items","%","3.3"
"CPA01C05","Annual Average Percentage Change in Consumer Price Index","1991","1991","01","Food and non-alcoholic beverages","%",""
"CPA01C05","Annual Average Percentage Change in Consumer Price Index","1991","1991","02","Alcoholic beverages and tobacco","%",""
"CPA01C05","Annual Average Percentage Change in Consumer Price Index","1991","1991","03","Clothing and footwear","%",""
"CPA01C05","Annual Average Percentage Change in Consumer Price Index","1991","1991","04","Housing, water, electricity, gas and other fuels","%",""
"CPA01C05","Annual Average Percentage Change in Consumer Price Index","1991","1991","05","Furnishings, household equipment and routine household maintenance","%",""
"CPA01C05","Annual Average Percentage Change in Consumer Price Index","1991","1991","06","Health","%",""
"CPA01C05","Annual Average Percentage Change in Consumer Price Index","1991","1991","07","Transport","%",""
"CPA01C05","Annual Average Percentage Change in Consumer Price Index","1991","1991","08","Communications","%",""
"CPA01C05","Annual Average Percentage Change in Consumer Price Index","1991","1991","09","Recreation and culture","%",""
"CPA01C05","Annual Average Percentage Change in Consumer Price Index","1991","1991","10","Education","%",""
"CPA01C05","Annual Average Percentage Change in Consumer Price Index","1991","1991","11","Restaurants and hotels","%",""
"CPA01C05","Annual Average Percentage Change in Consumer Price Index","1991","1991","12","Miscellaneous goods and services","%",""
"CPA01C05","Annual Average Percentage Change in Consumer Price Index","1992","1992","-","All items","%","3.1"
"CPA01C05","Annual Average Percentage Change in Consumer Price Index","1992","1992","01","Food and non-alcoholic beverages","%",""
"CPA01C05","Annual Average Percentage Change in Consumer Price Index","1992","1992","02","Alcoholic beverages and tobacco","%",""
"CPA01C05","Annual Average Percentage Change in Consumer Price Index","1992","1992","03","Clothing and footwear","%",""
"CPA01C05","Annual Average Percentage Change in Consumer Price Index","1992","1992","04","Housing, water, electricity, gas and other fuels","%",""
"CPA01C05","Annual Average Percentage Change in Consumer Price Index","1992","1992","05","Furnishings, household equipment and routine household maintenance","%",""
"CPA01C05","Annual Average Percentage Change in Consumer Price Index","1992","1992","06","Health","%",""
"CPA01C05","Annual Average Percentage Change in Consumer Price Index","1992","1992","07","Transport","%",""
"CPA01C05","Annual Average Percentage Change in Consumer Price Index","1992","1992","08","Communications","%",""
"CPA01C05","Annual Average Percentage Change in Consumer Price Index","1992","1992","09","Recreation and culture","%",""
"CPA01C05","Annual Average Percentage Change in Consumer Price Index","1992","1992","10","Education","%",""
"CPA01C05","Annual Average Percentage Change in Consumer Price Index","1992","1992","11","Restaurants and hotels","%",""
"CPA01C05","Annual Average Percentage Change in Consumer Price Index","1992","1992","12","Miscellaneous goods and services","%",""
"CPA01C05","Annual Average Percentage Change in Consumer Price Index","1993","1993","-","All items","%","1.5"
"CPA01C05","Annual Average Percentage Change in Consumer Price Index","1993","1993","01","Food and non-alcoholic beverages","%",""
"CPA01C05","Annual Average Percentage Change in Consumer Price Index","1993","1993","02","Alcoholic beverages and tobacco","%",""
"CPA01C05","Annual Average Percentage Change in Consumer Price Index","1993","1993","03","Clothing and footwear","%",""
"CPA01C05","Annual Average Percentage Change in Consumer Price Index","1993","1993","04","Housing, water, electricity, gas and other fuels","%",""
"CPA01C05","Annual Average Percentage Change in Consumer Price Index","1993","1993","05","Furnishings, household equipment and routine household maintenance","%",""
"CPA01C05","Annual Average Percentage Change in Consumer Price Index","1993","1993","06","Health","%",""
"CPA01C05","Annual Average Percentage Change in Consumer Price Index","1993","1993","07","Transport","%",""
"CPA01C05","Annual Average Percentage Change in Consumer Price Index","1993","1993","08","Communications","%",""
"CPA01C05","Annual Average Percentage Change in Consumer Price Index","1993","1993","09","Recreation and culture","%",""
"CPA01C05","Annual Average Percentage Change in Consumer Price Index","1993","1993","10","Education","%",""
"CPA01C05","Annual Average Percentage Change in Consumer Price Index","1993","1993","11","Restaurants and hotels","%",""
"CPA01C05","Annual Average Percentage Change in Consumer Price Index","1993","1993","12","Miscellaneous goods and services","%",""
"CPA01C05","Annual Average Percentage Change in Consumer Price Index","1994","1994","-","All items","%","2.3"
"CPA01C05","Annual Average Percentage Change in Consumer Price Index","1994","1994","01","Food and non-alcoholic beverages","%",""
"CPA01C05","Annual Average Percentage Change in Consumer Price Index","1994","1994","02","Alcoholic beverages and tobacco","%",""
"CPA01C05","Annual Average Percentage Change in Consumer Price Index","1994","1994","03","Clothing and footwear","%",""
"CPA01C05","Annual Average Percentage Change in Consumer Price Index","1994","1994","04","Housing, water, electricity, gas and other fuels","%",""
"CPA01C05","Annual Average Percentage Change in Consumer Price Index","1994","1994","05","Furnishings, household equipment and routine household maintenance","%",""
"CPA01C05","Annual Average Percentage Change in Consumer Price Index","1994","1994","06","Health","%",""
"CPA01C05","Annual Average Percentage Change in Consumer Price Index","1994","1994","07","Transport","%",""
"CPA01C05","Annual Average Percentage Change in Consumer Price Index","1994","1994","08","Communications","%",""
"CPA01C05","Annual Average Percentage Change in Consumer Price Index","1994","1994","09","Recreation and culture","%",""
"CPA01C05","Annual Average Percentage Change in Consumer Price Index","1994","1994","10","Education","%",""
"CPA01C05","Annual Average Percentage Change in Consumer Price Index","1994","1994","11","Restaurants and hotels","%",""
"CPA01C05","Annual Average Percentage Change in Consumer Price Index","1994","1994","12","Miscellaneous goods and services","%",""
"CPA01C05","Annual Average Percentage Change in Consumer Price Index","1995","1995","-","All items","%","2.5"
"CPA01C05","Annual Average Percentage Change in Consumer Price Index","1995","1995","01","Food and non-alcoholic beverages","%",""
"CPA01C05","Annual Average Percentage Change in Consumer Price Index","1995","1995","02","Alcoholic beverages and tobacco","%",""
"CPA01C05","Annual Average Percentage Change in Consumer Price Index","1995","1995","03","Clothing and footwear","%",""
"CPA01C05","Annual Average Percentage Change in Consumer Price Index","1995","1995","04","Housing, water, electricity, gas and other fuels","%",""
"CPA01C05","Annual Average Percentage Change in Consumer Price Index","1995","1995","05","Furnishings, household equipment and routine household maintenance","%",""
"CPA01C05","Annual Average Percentage Change in Consumer Price Index","1995","1995","06","Health","%",""
"CPA01C05","Annual Average Percentage Change in Consumer Price Index","1995","1995","07","Transport","%",""
"CPA01C05","Annual Average Percentage Change in Consumer Price Index","1995","1995","08","Communications","%",""
"CPA01C05","Annual Average Percentage Change in Consumer Price Index","1995","1995","09","Recreation and culture","%",""
"CPA01C05","Annual Average Percentage Change in Consumer Price Index","1995","1995","10","Education","%",""
"CPA01C05","Annual Average Percentage Change in Consumer Price Index","1995","1995","11","Restaurants and hotels","%",""
"CPA01C05","Annual Average Percentage Change in Consumer Price Index","1995","1995","12","Miscellaneous goods and services","%",""
"CPA01C05","Annual Average Percentage Change in Consumer Price Index","1996","1996","-","All items","%","1.7"
"CPA01C05","Annual Average Percentage Change in Consumer Price Index","1996","1996","01","Food and non-alcoholic beverages","%",""
"CPA01C05","Annual Average Percentage Change in Consumer Price Index","1996","1996","02","Alcoholic beverages and tobacco","%",""
"CPA01C05","Annual Average Percentage Change in Consumer Price Index","1996","1996","03","Clothing and footwear","%",""
"CPA01C05","Annual Average Percentage Change in Consumer Price Index","1996","1996","04","Housing, water, electricity, gas and other fuels","%",""
"CPA01C05","Annual Average Percentage Change in Consumer Price Index","1996","1996","05","Furnishings, household equipment and routine household maintenance","%",""
"CPA01C05","Annual Average Percentage Change in Consumer Price Index","1996","1996","06","Health","%",""
"CPA01C05","Annual Average Percentage Change in Consumer Price Index","1996","1996","07","Transport","%",""
"CPA01C05","Annual Average Percentage Change in Consumer Price Index","1996","1996","08","Communications","%",""
"CPA01C05","Annual Average Percentage Change in Consumer Price Index","1996","1996","09","Recreation and culture","%",""
"CPA01C05","Annual Average Percentage Change in Consumer Price Index","1996","1996","10","Education","%",""
"CPA01C05","Annual Average Percentage Change in Consumer Price Index","1996","1996","11","Restaurants and hotels","%",""
"CPA01C05","Annual Average Percentage Change in Consumer Price Index","1996","1996","12","Miscellaneous goods and services","%",""
"CPA01C05","Annual Average Percentage Change in Consumer Price Index","1997","1997","-","All items","%","1.5"
"CPA01C05","Annual Average Percentage Change in Consumer Price Index","1997","1997","01","Food and non-alcoholic beverages","%",""
"CPA01C05","Annual Average Percentage Change in Consumer Price Index","1997","1997","02","Alcoholic beverages and tobacco","%",""
"CPA01C05","Annual Average Percentage Change in Consumer Price Index","1997","1997","03","Clothing and footwear","%",""
"CPA01C05","Annual Average Percentage Change in Consumer Price Index","1997","1997","04","Housing, water, electricity, gas and other fuels","%",""
"CPA01C05","Annual Average Percentage Change in Consumer Price Index","1997","1997","05","Furnishings, household equipment and routine household maintenance","%",""
"CPA01C05","Annual Average Percentage Change in Consumer Price Index","1997","1997","06","Health","%",""
"CPA01C05","Annual Average Percentage Change in Consumer Price Index","1997","1997","07","Transport","%",""
"CPA01C05","Annual Average Percentage Change in Consumer Price Index","1997","1997","08","Communications","%",""
"CPA01C05","Annual Average Percentage Change in Consumer Price Index","1997","1997","09","Recreation and culture","%",""
"CPA01C05","Annual Average Percentage Change in Consumer Price Index","1997","1997","10","Education","%",""
"CPA01C05","Annual Average Percentage Change in Consumer Price Index","1997","1997","11","Restaurants and hotels","%",""
"CPA01C05","Annual Average Percentage Change in Consumer Price Index","1997","1997","12","Miscellaneous goods and services","%",""
"CPA01C05","Annual Average Percentage Change in Consumer Price Index","1998","1998","-","All items","%","2.4"
"CPA01C05","Annual Average Percentage Change in Consumer Price Index","1998","1998","01","Food and non-alcoholic beverages","%","4.1"
"CPA01C05","Annual Average Percentage Change in Consumer Price Index","1998","1998","02","Alcoholic beverages and tobacco","%","3.9"
"CPA01C05","Annual Average Percentage Change in Consumer Price Index","1998","1998","03","Clothing and footwear","%","-5.4"
"CPA01C05","Annual Average Percentage Change in Consumer Price Index","1998","1998","04","Housing, water, electricity, gas and other fuels","%","0.7"
"CPA01C05","Annual Average Percentage Change in Consumer Price Index","1998","1998","05","Furnishings, household equipment and routine household maintenance","%","3.5"
"CPA01C05","Annual Average Percentage Change in Consumer Price Index","1998","1998","06","Health","%","5.4"
"CPA01C05","Annual Average Percentage Change in Consumer Price Index","1998","1998","07","Transport","%","0.9"
"CPA01C05","Annual Average Percentage Change in Consumer Price Index","1998","1998","08","Communications","%","-6"
"CPA01C05","Annual Average Percentage Change in Consumer Price Index","1998","1998","09","Recreation and culture","%","2.1"
"CPA01C05","Annual Average Percentage Change in Consumer Price Index","1998","1998","10","Education","%","7.7"
"CPA01C05","Annual Average Percentage Change in Consumer Price Index","1998","1998","11","Restaurants and hotels","%","4"
"CPA01C05","Annual Average Percentage Change in Consumer Price Index","1998","1998","12","Miscellaneous goods and services","%","5.1"
"CPA01C05","Annual Average Percentage Change in Consumer Price Index","1999","1999","-","All items","%","1.6"
"CPA01C05","Annual Average Percentage Change in Consumer Price Index","1999","1999","01","Food and non-alcoholic beverages","%","3"
"CPA01C05","Annual Average Percentage Change in Consumer Price Index","1999","1999","02","Alcoholic beverages and tobacco","%","3.9"
"CPA01C05","Annual Average Percentage Change in Consumer Price Index","1999","1999","03","Clothing and footwear","%","-6.3"
"CPA01C05","Annual Average Percentage Change in Consumer Price Index","1999","1999","04","Housing, water, electricity, gas and other fuels","%","-6.6"
"CPA01C05","Annual Average Percentage Change in Consumer Price Index","1999","1999","05","Furnishings, household equipment and routine household maintenance","%","2.5"
"CPA01C05","Annual Average Percentage Change in Consumer Price Index","1999","1999","06","Health","%","5.6"
"CPA01C05","Annual Average Percentage Change in Consumer Price Index","1999","1999","07","Transport","%","2.3"
"CPA01C05","Annual Average Percentage Change in Consumer Price Index","1999","1999","08","Communications","%","-7.3"
"CPA01C05","Annual Average Percentage Change in Consumer Price Index","1999","1999","09","Recreation and culture","%","3"
"CPA01C05","Annual Average Percentage Change in Consumer Price Index","1999","1999","10","Education","%","10.2"
"CPA01C05","Annual Average Percentage Change in Consumer Price Index","1999","1999","11","Restaurants and hotels","%","4.1"
"CPA01C05","Annual Average Percentage Change in Consumer Price Index","1999","1999","12","Miscellaneous goods and services","%","5.6"
"CPA01C05","Annual Average Percentage Change in Consumer Price Index","2000","2000","-","All items","%","5.6"
"CPA01C05","Annual Average Percentage Change in Consumer Price Index","2000","2000","01","Food and non-alcoholic beverages","%","3.1"
"CPA01C05","Annual Average Percentage Change in Consumer Price Index","2000","2000","02","Alcoholic beverages and tobacco","%","11.6"
"CPA01C05","Annual Average Percentage Change in Consumer Price Index","2000","2000","03","Clothing and footwear","%","-4.9"
"CPA01C05","Annual Average Percentage Change in Consumer Price Index","2000","2000","04","Housing, water, electricity, gas and other fuels","%","9.6"
"CPA01C05","Annual Average Percentage Change in Consumer Price Index","2000","2000","05","Furnishings, household equipment and routine household maintenance","%","4.5"
"CPA01C05","Annual Average Percentage Change in Consumer Price Index","2000","2000","06","Health","%","7.1"
"CPA01C05","Annual Average Percentage Change in Consumer Price Index","2000","2000","07","Transport","%","8"
"CPA01C05","Annual Average Percentage Change in Consumer Price Index","2000","2000","08","Communications","%","-3"
"CPA01C05","Annual Average Percentage Change in Consumer Price Index","2000","2000","09","Recreation and culture","%","3.7"
"CPA01C05","Annual Average Percentage Change in Consumer Price Index","2000","2000","10","Education","%","10.7"
"CPA01C05","Annual Average Percentage Change in Consumer Price Index","2000","2000","11","Restaurants and hotels","%","5.5"
"CPA01C05","Annual Average Percentage Change in Consumer Price Index","2000","2000","12","Miscellaneous goods and services","%","7.6"
"CPA01C05","Annual Average Percentage Change in Consumer Price Index","2001","2001","-","All items","%","4.9"
"CPA01C05","Annual Average Percentage Change in Consumer Price Index","2001","2001","01","Food and non-alcoholic beverages","%","6.5"
"CPA01C05","Annual Average Percentage Change in Consumer Price Index","2001","2001","02","Alcoholic beverages and tobacco","%","2.5"
"CPA01C05","Annual Average Percentage Change in Consumer Price Index","2001","2001","03","Clothing and footwear","%","-2.8"
"CPA01C05","Annual Average Percentage Change in Consumer Price Index","2001","2001","04","Housing, water, electricity, gas and other fuels","%","10.9"
"CPA01C05","Annual Average Percentage Change in Consumer Price Index","2001","2001","05","Furnishings, household equipment and routine household maintenance","%","3.5"
"CPA01C05","Annual Average Percentage Change in Consumer Price Index","2001","2001","06","Health","%","7.6"
"CPA01C05","Annual Average Percentage Change in Consumer Price Index","2001","2001","07","Transport","%","-1.5"
"CPA01C05","Annual Average Percentage Change in Consumer Price Index","2001","2001","08","Communications","%","-8.1"
"CPA01C05","Annual Average Percentage Change in Consumer Price Index","2001","2001","09","Recreation and culture","%","4.9"
"CPA01C05","Annual Average Percentage Change in Consumer Price Index","2001","2001","10","Education","%","7.1"
"CPA01C05","Annual Average Percentage Change in Consumer Price Index","2001","2001","11","Restaurants and hotels","%","5.9"
"CPA01C05","Annual Average Percentage Change in Consumer Price Index","2001","2001","12","Miscellaneous goods and services","%","9.3"
"CPA01C05","Annual Average Percentage Change in Consumer Price Index","2002","2002","-","All items","%","4.6"
"CPA01C05","Annual Average Percentage Change in Consumer Price Index","2002","2002","01","Food and non-alcoholic beverages","%","3.5"
"CPA01C05","Annual Average Percentage Change in Consumer Price Index","2002","2002","02","Alcoholic beverages and tobacco","%","5.6"
"CPA01C05","Annual Average Percentage Change in Consumer Price Index","2002","2002","03","Clothing and footwear","%","-4.3"
"CPA01C05","Annual Average Percentage Change in Consumer Price Index","2002","2002","04","Housing, water, electricity, gas and other fuels","%","1"
"CPA01C05","Annual Average Percentage Change in Consumer Price Index","2002","2002","05","Furnishings, household equipment and routine household maintenance","%","1.8"
"CPA01C05","Annual Average Percentage Change in Consumer Price Index","2002","2002","06","Health","%","10.1"
"CPA01C05","Annual Average Percentage Change in Consumer Price Index","2002","2002","07","Transport","%","2.9"
"CPA01C05","Annual Average Percentage Change in Consumer Price Index","2002","2002","08","Communications","%","2.2"
"CPA01C05","Annual Average Percentage Change in Consumer Price Index","2002","2002","09","Recreation and culture","%","6.3"
"CPA01C05","Annual Average Percentage Change in Consumer Price Index","2002","2002","10","Education","%","10.3"
"CPA01C05","Annual Average Percentage Change in Consumer Price Index","2002","2002","11","Restaurants and hotels","%","7.4"
"CPA01C05","Annual Average Percentage Change in Consumer Price Index","2002","2002","12","Miscellaneous goods and services","%","9.8"
"CPA01C05","Annual Average Percentage Change in Consumer Price Index","2003","2003","-","All items","%","3.5"
"CPA01C05","Annual Average Percentage Change in Consumer Price Index","2003","2003","01","Food and non-alcoholic beverages","%","1.5"
"CPA01C05","Annual Average Percentage Change in Consumer Price Index","2003","2003","02","Alcoholic beverages and tobacco","%","9.9"
"CPA01C05","Annual Average Percentage Change in Consumer Price Index","2003","2003","03","Clothing and footwear","%","-4"
"CPA01C05","Annual Average Percentage Change in Consumer Price Index","2003","2003","04","Housing, water, electricity, gas and other fuels","%","-0.5"
"CPA01C05","Annual Average Percentage Change in Consumer Price Index","2003","2003","05","Furnishings, household equipment and routine household maintenance","%","-0.7"
"CPA01C05","Annual Average Percentage Change in Consumer Price Index","2003","2003","06","Health","%","7.7"
"CPA01C05","Annual Average Percentage Change in Consumer Price Index","2003","2003","07","Transport","%","3.3"
"CPA01C05","Annual Average Percentage Change in Consumer Price Index","2003","2003","08","Communications","%","1.5"
"CPA01C05","Annual Average Percentage Change in Consumer Price Index","2003","2003","09","Recreation and culture","%","4.1"
"CPA01C05","Annual Average Percentage Change in Consumer Price Index","2003","2003","10","Education","%","9.1"
"CPA01C05","Annual Average Percentage Change in Consumer Price Index","2003","2003","11","Restaurants and hotels","%","6.3"
"CPA01C05","Annual Average Percentage Change in Consumer Price Index","2003","2003","12","Miscellaneous goods and services","%","4.7"
"CPA01C05","Annual Average Percentage Change in Consumer Price Index","2004","2004","-","All items","%","2.2"
"CPA01C05","Annual Average Percentage Change in Consumer Price Index","2004","2004","01","Food and non-alcoholic beverages","%","-0.2"
"CPA01C05","Annual Average Percentage Change in Consumer Price Index","2004","2004","02","Alcoholic beverages and tobacco","%","3.5"
"CPA01C05","Annual Average Percentage Change in Consumer Price Index","2004","2004","03","Clothing and footwear","%","-3.5"
"CPA01C05","Annual Average Percentage Change in Consumer Price Index","2004","2004","04","Housing, water, electricity, gas and other fuels","%","4.3"
"CPA01C05","Annual Average Percentage Change in Consumer Price Index","2004","2004","05","Furnishings, household equipment and routine household maintenance","%","-1.8"
"CPA01C05","Annual Average Percentage Change in Consumer Price Index","2004","2004","06","Health","%","5.9"
"CPA01C05","Annual Average Percentage Change in Consumer Price Index","2004","2004","07","Transport","%","4.1"
"CPA01C05","Annual Average Percentage Change in Consumer Price Index","2004","2004","08","Communications","%","2.7"
"CPA01C05","Annual Average Percentage Change in Consumer Price Index","2004","2004","09","Recreation and culture","%","1.2"
"CPA01C05","Annual Average Percentage Change in Consumer Price Index","2004","2004","10","Education","%","5.9"
"CPA01C05","Annual Average Percentage Change in Consumer Price Index","2004","2004","11","Restaurants and hotels","%","4"
"CPA01C05","Annual Average Percentage Change in Consumer Price Index","2004","2004","12","Miscellaneous goods and services","%","-0.5"
"CPA01C05","Annual Average Percentage Change in Consumer Price Index","2005","2005","-","All items","%","2.5"
"CPA01C05","Annual Average Percentage Change in Consumer Price Index","2005","2005","01","Food and non-alcoholic beverages","%","-0.7"
"CPA01C05","Annual Average Percentage Change in Consumer Price Index","2005","2005","02","Alcoholic beverages and tobacco","%","0.6"
"CPA01C05","Annual Average Percentage Change in Consumer Price Index","2005","2005","03","Clothing and footwear","%","-2.8"
"CPA01C05","Annual Average Percentage Change in Consumer Price Index","2005","2005","04","Housing, water, electricity, gas and other fuels","%","10.4"
"CPA01C05","Annual Average Percentage Change in Consumer Price Index","2005","2005","05","Furnishings, household equipment and routine household maintenance","%","-1.5"
"CPA01C05","Annual Average Percentage Change in Consumer Price Index","2005","2005","06","Health","%","6.3"
"CPA01C05","Annual Average Percentage Change in Consumer Price Index","2005","2005","07","Transport","%","3.5"
"CPA01C05","Annual Average Percentage Change in Consumer Price Index","2005","2005","08","Communications","%","-0.1"
"CPA01C05","Annual Average Percentage Change in Consumer Price Index","2005","2005","09","Recreation and culture","%","0"
"CPA01C05","Annual Average Percentage Change in Consumer Price Index","2005","2005","10","Education","%","6"
"CPA01C05","Annual Average Percentage Change in Consumer Price Index","2005","2005","11","Restaurants and hotels","%","3.4"
"CPA01C05","Annual Average Percentage Change in Consumer Price Index","2005","2005","12","Miscellaneous goods and services","%","-0.1"
"CPA01C05","Annual Average Percentage Change in Consumer Price Index","2006","2006","-","All items","%","3.9"
"CPA01C05","Annual Average Percentage Change in Consumer Price Index","2006","2006","01","Food and non-alcoholic beverages","%","1.4"
"CPA01C05","Annual Average Percentage Change in Consumer Price Index","2006","2006","02","Alcoholic beverages and tobacco","%","1.1"
"CPA01C05","Annual Average Percentage Change in Consumer Price Index","2006","2006","03","Clothing and footwear","%","-1.9"
"CPA01C05","Annual Average Percentage Change in Consumer Price Index","2006","2006","04","Housing, water, electricity, gas and other fuels","%","16"
"CPA01C05","Annual Average Percentage Change in Consumer Price Index","2006","2006","05","Furnishings, household equipment and routine household maintenance","%","-1.3"
"CPA01C05","Annual Average Percentage Change in Consumer Price Index","2006","2006","06","Health","%","4.4"
"CPA01C05","Annual Average Percentage Change in Consumer Price Index","2006","2006","07","Transport","%","3.5"
"CPA01C05","Annual Average Percentage Change in Consumer Price Index","2006","2006","08","Communications","%","-0.5"
"CPA01C05","Annual Average Percentage Change in Consumer Price Index","2006","2006","09","Recreation and culture","%","1.3"
"CPA01C05","Annual Average Percentage Change in Consumer Price Index","2006","2006","10","Education","%","4.9"
"CPA01C05","Annual Average Percentage Change in Consumer Price Index","2006","2006","11","Restaurants and hotels","%","3.9"
"CPA01C05","Annual Average Percentage Change in Consumer Price Index","2006","2006","12","Miscellaneous goods and services","%","1.6"
"CPA01C05","Annual Average Percentage Change in Consumer Price Index","2007","2007","-","All items","%","4.9"
"CPA01C05","Annual Average Percentage Change in Consumer Price Index","2007","2007","01","Food and non-alcoholic beverages","%","2.8"
"CPA01C05","Annual Average Percentage Change in Consumer Price Index","2007","2007","02","Alcoholic beverages and tobacco","%","5.3"
"CPA01C05","Annual Average Percentage Change in Consumer Price Index","2007","2007","03","Clothing and footwear","%","-3.3"
"CPA01C05","Annual Average Percentage Change in Consumer Price Index","2007","2007","04","Housing, water, electricity, gas and other fuels","%","20.5"
"CPA01C05","Annual Average Percentage Change in Consumer Price Index","2007","2007","05","Furnishings, household equipment and routine household maintenance","%","-1.7"
"CPA01C05","Annual Average Percentage Change in Consumer Price Index","2007","2007","06","Health","%","3"
"CPA01C05","Annual Average Percentage Change in Consumer Price Index","2007","2007","07","Transport","%","2.1"
"CPA01C05","Annual Average Percentage Change in Consumer Price Index","2007","2007","08","Communications","%","0.5"
"CPA01C05","Annual Average Percentage Change in Consumer Price Index","2007","2007","09","Recreation and culture","%","1.5"
"CPA01C05","Annual Average Percentage Change in Consumer Price Index","2007","2007","10","Education","%","5.1"
"CPA01C05","Annual Average Percentage Change in Consumer Price Index","2007","2007","11","Restaurants and hotels","%","4.2"
"CPA01C05","Annual Average Percentage Change in Consumer Price Index","2007","2007","12","Miscellaneous goods and services","%","1"
"CPA01C05","Annual Average Percentage Change in Consumer Price Index","2008","2008","-","All items","%","4.1"
"CPA01C05","Annual Average Percentage Change in Consumer Price Index","2008","2008","01","Food and non-alcoholic beverages","%","6.6"
"CPA01C05","Annual Average Percentage Change in Consumer Price Index","2008","2008","02","Alcoholic beverages and tobacco","%","4.8"
"CPA01C05","Annual Average Percentage Change in Consumer Price Index","2008","2008","03","Clothing and footwear","%","-4.8"
"CPA01C05","Annual Average Percentage Change in Consumer Price Index","2008","2008","04","Housing, water, electricity, gas and other fuels","%","9.7"
"CPA01C05","Annual Average Percentage Change in Consumer Price Index","2008","2008","05","Furnishings, household equipment and routine household maintenance","%","-1.6"
"CPA01C05","Annual Average Percentage Change in Consumer Price Index","2008","2008","06","Health","%","5.9"
"CPA01C05","Annual Average Percentage Change in Consumer Price Index","2008","2008","07","Transport","%","3.4"
"CPA01C05","Annual Average Percentage Change in Consumer Price Index","2008","2008","08","Communications","%","0.9"
"CPA01C05","Annual Average Percentage Change in Consumer Price Index","2008","2008","09","Recreation and culture","%","1.3"
"CPA01C05","Annual Average Percentage Change in Consumer Price Index","2008","2008","10","Education","%","6.1"
"CPA01C05","Annual Average Percentage Change in Consumer Price Index","2008","2008","11","Restaurants and hotels","%","3.1"
"CPA01C05","Annual Average Percentage Change in Consumer Price Index","2008","2008","12","Miscellaneous goods and services","%","2.4"
"CPA01C05","Annual Average Percentage Change in Consumer Price Index","2009","2009","-","All items","%","-4.4"
"CPA01C05","Annual Average Percentage Change in Consumer Price Index","2009","2009","01","Food and non-alcoholic beverages","%","-3.5"
"CPA01C05","Annual Average Percentage Change in Consumer Price Index","2009","2009","02","Alcoholic beverages and tobacco","%","6.4"
"CPA01C05","Annual Average Percentage Change in Consumer Price Index","2009","2009","03","Clothing and footwear","%","-11.8"
"CPA01C05","Annual Average Percentage Change in Consumer Price Index","2009","2009","04","Housing, water, electricity, gas and other fuels","%","-21.8"
"CPA01C05","Annual Average Percentage Change in Consumer Price Index","2009","2009","05","Furnishings, household equipment and routine household maintenance","%","-3.1"
"CPA01C05","Annual Average Percentage Change in Consumer Price Index","2009","2009","06","Health","%","3.6"
"CPA01C05","Annual Average Percentage Change in Consumer Price Index","2009","2009","07","Transport","%","-3.9"
"CPA01C05","Annual Average Percentage Change in Consumer Price Index","2009","2009","08","Communications","%","0.5"
"CPA01C05","Annual Average Percentage Change in Consumer Price Index","2009","2009","09","Recreation and culture","%","-0.3"
"CPA01C05","Annual Average Percentage Change in Consumer Price Index","2009","2009","10","Education","%","6.3"
"CPA01C05","Annual Average Percentage Change in Consumer Price Index","2009","2009","11","Restaurants and hotels","%","-0.1"
"CPA01C05","Annual Average Percentage Change in Consumer Price Index","2009","2009","12","Miscellaneous goods and services","%","7.6"
"CPA01C05","Annual Average Percentage Change in Consumer Price Index","2010","2010","-","All items","%","-0.9"
"CPA01C05","Annual Average Percentage Change in Consumer Price Index","2010","2010","01","Food and non-alcoholic beverages","%","-4.5"
"CPA01C05","Annual Average Percentage Change in Consumer Price Index","2010","2010","02","Alcoholic beverages and tobacco","%","-2.6"
"CPA01C05","Annual Average Percentage Change in Consumer Price Index","2010","2010","03","Clothing and footwear","%","-9.3"
"CPA01C05","Annual Average Percentage Change in Consumer Price Index","2010","2010","04","Housing, water, electricity, gas and other fuels","%","1.8"
"CPA01C05","Annual Average Percentage Change in Consumer Price Index","2010","2010","05","Furnishings, household equipment and routine household maintenance","%","-4"
"CPA01C05","Annual Average Percentage Change in Consumer Price Index","2010","2010","06","Health","%","0.6"
"CPA01C05","Annual Average Percentage Change in Consumer Price Index","2010","2010","07","Transport","%","3.1"
"CPA01C05","Annual Average Percentage Change in Consumer Price Index","2010","2010","08","Communications","%","1.4"
"CPA01C05","Annual Average Percentage Change in Consumer Price Index","2010","2010","09","Recreation and culture","%","-1.7"
"CPA01C05","Annual Average Percentage Change in Consumer Price Index","2010","2010","10","Education","%","6.5"
"CPA01C05","Annual Average Percentage Change in Consumer Price Index","2010","2010","11","Restaurants and hotels","%","-2.6"
"CPA01C05","Annual Average Percentage Change in Consumer Price Index","2010","2010","12","Miscellaneous goods and services","%","1.2"
"CPA01C05","Annual Average Percentage Change in Consumer Price Index","2011","2011","-","All items","%","2.6"
"CPA01C05","Annual Average Percentage Change in Consumer Price Index","2011","2011","01","Food and non-alcoholic beverages","%","1.2"
"CPA01C05","Annual Average Percentage Change in Consumer Price Index","2011","2011","02","Alcoholic beverages and tobacco","%","-0.1"
"CPA01C05","Annual Average Percentage Change in Consumer Price Index","2011","2011","03","Clothing and footwear","%","-1.7"
"CPA01C05","Annual Average Percentage Change in Consumer Price Index","2011","2011","04","Housing, water, electricity, gas and other fuels","%","9.8"
"CPA01C05","Annual Average Percentage Change in Consumer Price Index","2011","2011","05","Furnishings, household equipment and routine household maintenance","%","-2.3"
"CPA01C05","Annual Average Percentage Change in Consumer Price Index","2011","2011","06","Health","%","3.3"
"CPA01C05","Annual Average Percentage Change in Consumer Price Index","2011","2011","07","Transport","%","3.4"
"CPA01C05","Annual Average Percentage Change in Consumer Price Index","2011","2011","08","Communications","%","2.4"
"CPA01C05","Annual Average Percentage Change in Consumer Price Index","2011","2011","09","Recreation and culture","%","-0.8"
"CPA01C05","Annual Average Percentage Change in Consumer Price Index","2011","2011","10","Education","%","0.8"
"CPA01C05","Annual Average Percentage Change in Consumer Price Index","2011","2011","11","Restaurants and hotels","%","-0.7"
"CPA01C05","Annual Average Percentage Change in Consumer Price Index","2011","2011","12","Miscellaneous goods and services","%","6.5"
"CPA01C05","Annual Average Percentage Change in Consumer Price Index","2012","2012","-","All items","%","1.7"
"CPA01C05","Annual Average Percentage Change in Consumer Price Index","2012","2012","01","Food and non-alcoholic beverages","%","0.6"
"CPA01C05","Annual Average Percentage Change in Consumer Price Index","2012","2012","02","Alcoholic beverages and tobacco","%","3.5"
"CPA01C05","Annual Average Percentage Change in Consumer Price Index","2012","2012","03","Clothing and footwear","%","-0.2"
"CPA01C05","Annual Average Percentage Change in Consumer Price Index","2012","2012","04","Housing, water, electricity, gas and other fuels","%","0.7"
"CPA01C05","Annual Average Percentage Change in Consumer Price Index","2012","2012","05","Furnishings, household equipment and routine household maintenance","%","-2.4"
"CPA01C05","Annual Average Percentage Change in Consumer Price Index","2012","2012","06","Health","%","0.5"
"CPA01C05","Annual Average Percentage Change in Consumer Price Index","2012","2012","07","Transport","%","5.8"
"CPA01C05","Annual Average Percentage Change in Consumer Price Index","2012","2012","08","Communications","%","-1.6"
"CPA01C05","Annual Average Percentage Change in Consumer Price Index","2012","2012","09","Recreation and culture","%","-1.2"
"CPA01C05","Annual Average Percentage Change in Consumer Price Index","2012","2012","10","Education","%","8.4"
"CPA01C05","Annual Average Percentage Change in Consumer Price Index","2012","2012","11","Restaurants and hotels","%","0.5"
"CPA01C05","Annual Average Percentage Change in Consumer Price Index","2012","2012","12","Miscellaneous goods and services","%","4.8"
"CPA01C05","Annual Average Percentage Change in Consumer Price Index","2013","2013","-","All items","%","0.5"
"CPA01C05","Annual Average Percentage Change in Consumer Price Index","2013","2013","01","Food and non-alcoholic beverages","%","1"
"CPA01C05","Annual Average Percentage Change in Consumer Price Index","2013","2013","02","Alcoholic beverages and tobacco","%","5.2"
"CPA01C05","Annual Average Percentage Change in Consumer Price Index","2013","2013","03","Clothing and footwear","%","-2.9"
"CPA01C05","Annual Average Percentage Change in Consumer Price Index","2013","2013","04","Housing, water, electricity, gas and other fuels","%","0.6"
"CPA01C05","Annual Average Percentage Change in Consumer Price Index","2013","2013","05","Furnishings, household equipment and routine household maintenance","%","-3.5"
"CPA01C05","Annual Average Percentage Change in Consumer Price Index","2013","2013","06","Health","%","0.9"
"CPA01C05","Annual Average Percentage Change in Consumer Price Index","2013","2013","07","Transport","%","-1.2"
"CPA01C05","Annual Average Percentage Change in Consumer Price Index","2013","2013","08","Communications","%","-3.6"
"CPA01C05","Annual Average Percentage Change in Consumer Price Index","2013","2013","09","Recreation and culture","%","0"
"CPA01C05","Annual Average Percentage Change in Consumer Price Index","2013","2013","10","Education","%","4.7"
"CPA01C05","Annual Average Percentage Change in Consumer Price Index","2013","2013","11","Restaurants and hotels","%","1.9"
"CPA01C05","Annual Average Percentage Change in Consumer Price Index","2013","2013","12","Miscellaneous goods and services","%","2"
"CPA01C05","Annual Average Percentage Change in Consumer Price Index","2014","2014","-","All items","%","0.2"
"CPA01C05","Annual Average Percentage Change in Consumer Price Index","2014","2014","01","Food and non-alcoholic beverages","%","-2.2"
"CPA01C05","Annual Average Percentage Change in Consumer Price Index","2014","2014","02","Alcoholic beverages and tobacco","%","3.7"
"CPA01C05","Annual Average Percentage Change in Consumer Price Index","2014","2014","03","Clothing and footwear","%","-3.3"
"CPA01C05","Annual Average Percentage Change in Consumer Price Index","2014","2014","04","Housing, water, electricity, gas and other fuels","%","0"
"CPA01C05","Annual Average Percentage Change in Consumer Price Index","2014","2014","05","Furnishings, household equipment and routine household maintenance","%","-2.9"
"CPA01C05","Annual Average Percentage Change in Consumer Price Index","2014","2014","06","Health","%","-0.2"
"CPA01C05","Annual Average Percentage Change in Consumer Price Index","2014","2014","07","Transport","%","-1.6"
"CPA01C05","Annual Average Percentage Change in Consumer Price Index","2014","2014","08","Communications","%","-2.8"
"CPA01C05","Annual Average Percentage Change in Consumer Price Index","2014","2014","09","Recreation and culture","%","-0.5"
"CPA01C05","Annual Average Percentage Change in Consumer Price Index","2014","2014","10","Education","%","4.6"
"CPA01C05","Annual Average Percentage Change in Consumer Price Index","2014","2014","11","Restaurants and hotels","%","2.1"
"CPA01C05","Annual Average Percentage Change in Consumer Price Index","2014","2014","12","Miscellaneous goods and services","%","3.4"
"CPA01C05","Annual Average Percentage Change in Consumer Price Index","2015","2015","-","All items","%","-0.3"
"CPA01C05","Annual Average Percentage Change in Consumer Price Index","2015","2015","01","Food and non-alcoholic beverages","%","-2.2"
"CPA01C05","Annual Average Percentage Change in Consumer Price Index","2015","2015","02","Alcoholic beverages and tobacco","%","0.4"
"CPA01C05","Annual Average Percentage Change in Consumer Price Index","2015","2015","03","Clothing and footwear","%","-3.7"
"CPA01C05","Annual Average Percentage Change in Consumer Price Index","2015","2015","04","Housing, water, electricity, gas and other fuels","%","1.6"
"CPA01C05","Annual Average Percentage Change in Consumer Price Index","2015","2015","05","Furnishings, household equipment and routine household maintenance","%","-2.3"
"CPA01C05","Annual Average Percentage Change in Consumer Price Index","2015","2015","06","Health","%","-0.1"
"CPA01C05","Annual Average Percentage Change in Consumer Price Index","2015","2015","07","Transport","%","-4.7"
"CPA01C05","Annual Average Percentage Change in Consumer Price Index","2015","2015","08","Communications","%","1.6"
"CPA01C05","Annual Average Percentage Change in Consumer Price Index","2015","2015","09","Recreation and culture","%","-0.3"
"CPA01C05","Annual Average Percentage Change in Consumer Price Index","2015","2015","10","Education","%","4.7"
"CPA01C05","Annual Average Percentage Change in Consumer Price Index","2015","2015","11","Restaurants and hotels","%","1.7"
"CPA01C05","Annual Average Percentage Change in Consumer Price Index","2015","2015","12","Miscellaneous goods and services","%","1.5"
"CPA01C05","Annual Average Percentage Change in Consumer Price Index","2016","2016","-","All items","%","0"
"CPA01C05","Annual Average Percentage Change in Consumer Price Index","2016","2016","01","Food and non-alcoholic beverages","%","-1.3"
"CPA01C05","Annual Average Percentage Change in Consumer Price Index","2016","2016","02","Alcoholic beverages and tobacco","%","1.5"
"CPA01C05","Annual Average Percentage Change in Consumer Price Index","2016","2016","03","Clothing and footwear","%","-2.5"
"CPA01C05","Annual Average Percentage Change in Consumer Price Index","2016","2016","04","Housing, water, electricity, gas and other fuels","%","-0.4"
"CPA01C05","Annual Average Percentage Change in Consumer Price Index","2016","2016","05","Furnishings, household equipment and routine household maintenance","%","-3.2"
"CPA01C05","Annual Average Percentage Change in Consumer Price Index","2016","2016","06","Health","%","1.2"
"CPA01C05","Annual Average Percentage Change in Consumer Price Index","2016","2016","07","Transport","%","-3.2"
"CPA01C05","Annual Average Percentage Change in Consumer Price Index","2016","2016","08","Communications","%","-1.2"
"CPA01C05","Annual Average Percentage Change in Consumer Price Index","2016","2016","09","Recreation and culture","%","-1.1"
"CPA01C05","Annual Average Percentage Change in Consumer Price Index","2016","2016","10","Education","%","3.3"
"CPA01C05","Annual Average Percentage Change in Consumer Price Index","2016","2016","11","Restaurants and hotels","%","2"
"CPA01C05","Annual Average Percentage Change in Consumer Price Index","2016","2016","12","Miscellaneous goods and services","%","4.3"
"CPA01C05","Annual Average Percentage Change in Consumer Price Index","2017","2017","-","All items","%","0.4"
"CPA01C05","Annual Average Percentage Change in Consumer Price Index","2017","2017","01","Food and non-alcoholic beverages","%","-2.1"
"CPA01C05","Annual Average Percentage Change in Consumer Price Index","2017","2017","02","Alcoholic beverages and tobacco","%","0.7"
"CPA01C05","Annual Average Percentage Change in Consumer Price Index","2017","2017","03","Clothing and footwear","%","-4.3"
"CPA01C05","Annual Average Percentage Change in Consumer Price Index","2017","2017","04","Housing, water, electricity, gas and other fuels","%","2.1"
"CPA01C05","Annual Average Percentage Change in Consumer Price Index","2017","2017","05","Furnishings, household equipment and routine household maintenance","%","-4.2"
"CPA01C05","Annual Average Percentage Change in Consumer Price Index","2017","2017","06","Health","%","1.3"
"CPA01C05","Annual Average Percentage Change in Consumer Price Index","2017","2017","07","Transport","%","2.2"
"CPA01C05","Annual Average Percentage Change in Consumer Price Index","2017","2017","08","Communications","%","-0.1"
"CPA01C05","Annual Average Percentage Change in Consumer Price Index","2017","2017","09","Recreation and culture","%","-2"
"CPA01C05","Annual Average Percentage Change in Consumer Price Index","2017","2017","10","Education","%","1.7"
"CPA01C05","Annual Average Percentage Change in Consumer Price Index","2017","2017","11","Restaurants and hotels","%","2.3"
"CPA01C05","Annual Average Percentage Change in Consumer Price Index","2017","2017","12","Miscellaneous goods and services","%","0.2"
"CPA01C05","Annual Average Percentage Change in Consumer Price Index","2018","2018","-","All items","%","0.5"
"CPA01C05","Annual Average Percentage Change in Consumer Price Index","2018","2018","01","Food and non-alcoholic beverages","%","-2"
"CPA01C05","Annual Average Percentage Change in Consumer Price Index","2018","2018","02","Alcoholic beverages and tobacco","%","2.8"
"CPA01C05","Annual Average Percentage Change in Consumer Price Index","2018","2018","03","Clothing and footwear","%","-1.5"
"CPA01C05","Annual Average Percentage Change in Consumer Price Index","2018","2018","04","Housing, water, electricity, gas and other fuels","%","5.1"
"CPA01C05","Annual Average Percentage Change in Consumer Price Index","2018","2018","05","Furnishings, household equipment and routine household maintenance","%","-3.9"
"CPA01C05","Annual Average Percentage Change in Consumer Price Index","2018","2018","06","Health","%","0.2"
"CPA01C05","Annual Average Percentage Change in Consumer Price Index","2018","2018","07","Transport","%","0.8"
"CPA01C05","Annual Average Percentage Change in Consumer Price Index","2018","2018","08","Communications","%","-0.9"
"CPA01C05","Annual Average Percentage Change in Consumer Price Index","2018","2018","09","Recreation and culture","%","-1"
"CPA01C05","Annual Average Percentage Change in Consumer Price Index","2018","2018","10","Education","%","1.6"
"CPA01C05","Annual Average Percentage Change in Consumer Price Index","2018","2018","11","Restaurants and hotels","%","2.1"
"CPA01C05","Annual Average Percentage Change in Consumer Price Index","2018","2018","12","Miscellaneous goods and services","%","-3.1"
"CPA01C05","Annual Average Percentage Change in Consumer Price Index","2019","2019","-","All items","%","0.9"
"CPA01C05","Annual Average Percentage Change in Consumer Price Index","2019","2019","01","Food and non-alcoholic beverages","%","-0.7"
"CPA01C05","Annual Average Percentage Change in Consumer Price Index","2019","2019","02","Alcoholic beverages and tobacco","%","2.8"
"CPA01C05","Annual Average Percentage Change in Consumer Price Index","2019","2019","03","Clothing and footwear","%","-1.5"
"CPA01C05","Annual Average Percentage Change in Consumer Price Index","2019","2019","04","Housing, water, electricity, gas and other fuels","%","3.8"
"CPA01C05","Annual Average Percentage Change in Consumer Price Index","2019","2019","05","Furnishings, household equipment and routine household maintenance","%","-3.2"
"CPA01C05","Annual Average Percentage Change in Consumer Price Index","2019","2019","06","Health","%","0.8"
"CPA01C05","Annual Average Percentage Change in Consumer Price Index","2019","2019","07","Transport","%","0.2"
"CPA01C05","Annual Average Percentage Change in Consumer Price Index","2019","2019","08","Communications","%","-5.3"
"CPA01C05","Annual Average Percentage Change in Consumer Price Index","2019","2019","09","Recreation and culture","%","0.7"
"CPA01C05","Annual Average Percentage Change in Consumer Price Index","2019","2019","10","Education","%","2.3"
"CPA01C05","Annual Average Percentage Change in Consumer Price Index","2019","2019","11","Restaurants and hotels","%","3"
"CPA01C05","Annual Average Percentage Change in Consumer Price Index","2019","2019","12","Miscellaneous goods and services","%","0"
"CPA01C05","Annual Average Percentage Change in Consumer Price Index","2020","2020","-","All items","%","-0.3"
"CPA01C05","Annual Average Percentage Change in Consumer Price Index","2020","2020","01","Food and non-alcoholic beverages","%","-1.4"
"CPA01C05","Annual Average Percentage Change in Consumer Price Index","2020","2020","02","Alcoholic beverages and tobacco","%","2.4"
"CPA01C05","Annual Average Percentage Change in Consumer Price Index","2020","2020","03","Clothing and footwear","%","-3.6"
"CPA01C05","Annual Average Percentage Change in Consumer Price Index","2020","2020","04","Housing, water, electricity, gas and other fuels","%","-1"
"CPA01C05","Annual Average Percentage Change in Consumer Price Index","2020","2020","05","Furnishings, household equipment and routine household maintenance","%","-3.1"
"CPA01C05","Annual Average Percentage Change in Consumer Price Index","2020","2020","06","Health","%","2.9"
"CPA01C05","Annual Average Percentage Change in Consumer Price Index","2020","2020","07","Transport","%","-1.7"
"CPA01C05","Annual Average Percentage Change in Consumer Price Index","2020","2020","08","Communications","%","-6.9"
"CPA01C05","Annual Average Percentage Change in Consumer Price Index","2020","2020","09","Recreation and culture","%","1.4"
"CPA01C05","Annual Average Percentage Change in Consumer Price Index","2020","2020","10","Education","%","3.1"
"CPA01C05","Annual Average Percentage Change in Consumer Price Index","2020","2020","11","Restaurants and hotels","%","1.1"
"CPA01C05","Annual Average Percentage Change in Consumer Price Index","2020","2020","12","Miscellaneous goods and services","%","1"
"CPA01C05","Annual Average Percentage Change in Consumer Price Index","2021","2021","-","All items","%","2.3"
"CPA01C05","Annual Average Percentage Change in Consumer Price Index","2021","2021","01","Food and non-alcoholic beverages","%","-0.2"
"CPA01C05","Annual Average Percentage Change in Consumer Price Index","2021","2021","02","Alcoholic beverages and tobacco","%","2.3"
"CPA01C05","Annual Average Percentage Change in Consumer Price Index","2021","2021","03","Clothing and footwear","%","-3"
"CPA01C05","Annual Average Percentage Change in Consumer Price Index","2021","2021","04","Housing, water, electricity, gas and other fuels","%","5.7"
"CPA01C05","Annual Average Percentage Change in Consumer Price Index","2021","2021","05","Furnishings, household equipment and routine household maintenance","%","-0.3"
"CPA01C05","Annual Average Percentage Change in Consumer Price Index","2021","2021","06","Health","%","1.6"
"CPA01C05","Annual Average Percentage Change in Consumer Price Index","2021","2021","07","Transport","%","6.5"
"CPA01C05","Annual Average Percentage Change in Consumer Price Index","2021","2021","08","Communications","%","0.4"
"CPA01C05","Annual Average Percentage Change in Consumer Price Index","2021","2021","09","Recreation and culture","%","1.1"
"CPA01C05","Annual Average Percentage Change in Consumer Price Index","2021","2021","10","Education","%","0.2"
"CPA01C05","Annual Average Percentage Change in Consumer Price Index","2021","2021","11","Restaurants and hotels","%","3.1"
"CPA01C05","Annual Average Percentage Change in Consumer Price Index","2021","2021","12","Miscellaneous goods and services","%","0"
"CPA01C05","Annual Average Percentage Change in Consumer Price Index","2022","2022","-","All items","%","7.8"
"CPA01C05","Annual Average Percentage Change in Consumer Price Index","2022","2022","01","Food and non-alcoholic beverages","%","6.9"
"CPA01C05","Annual Average Percentage Change in Consumer Price Index","2022","2022","02","Alcoholic beverages and tobacco","%","8"
"CPA01C05","Annual Average Percentage Change in Consumer Price Index","2022","2022","03","Clothing and footwear","%","2.1"
"CPA01C05","Annual Average Percentage Change in Consumer Price Index","2022","2022","04","Housing, water, electricity, gas and other fuels","%","20.5"
"CPA01C05","Annual Average Percentage Change in Consumer Price Index","2022","2022","05","Furnishings, household equipment and routine household maintenance","%","3.5"
"CPA01C05","Annual Average Percentage Change in Consumer Price Index","2022","2022","06","Health","%","1.1"
"CPA01C05","Annual Average Percentage Change in Consumer Price Index","2022","2022","07","Transport","%","14"
"CPA01C05","Annual Average Percentage Change in Consumer Price Index","2022","2022","08","Communications","%","2.9"
"CPA01C05","Annual Average Percentage Change in Consumer Price Index","2022","2022","09","Recreation and culture","%","2.7"
"CPA01C05","Annual Average Percentage Change in Consumer Price Index","2022","2022","10","Education","%","-2.3"
"CPA01C05","Annual Average Percentage Change in Consumer Price Index","2022","2022","11","Restaurants and hotels","%","6"
"CPA01C05","Annual Average Percentage Change in Consumer Price Index","2022","2022","12","Miscellaneous goods and services","%","-0.8"
"CPA01C05","Annual Average Percentage Change in Consumer Price Index","2023","2023","-","All items","%","6.3"
"CPA01C05","Annual Average Percentage Change in Consumer Price Index","2023","2023","01","Food and non-alcoholic beverages","%","9.9"
"CPA01C05","Annual Average Percentage Change in Consumer Price Index","2023","2023","02","Alcoholic beverages and tobacco","%","4.6"
"CPA01C05","Annual Average Percentage Change in Consumer Price Index","2023","2023","03","Clothing and footwear","%","3.4"
"CPA01C05","Annual Average Percentage Change in Consumer Price Index","2023","2023","04","Housing, water, electricity, gas and other fuels","%","16.1"
"CPA01C05","Annual Average Percentage Change in Consumer Price Index","2023","2023","05","Furnishings, household equipment and routine household maintenance","%","2.4"
"CPA01C05","Annual Average Percentage Change in Consumer Price Index","2023","2023","06","Health","%","3"
"CPA01C05","Annual Average Percentage Change in Consumer Price Index","2023","2023","07","Transport","%","-0.2"
"CPA01C05","Annual Average Percentage Change in Consumer Price Index","2023","2023","08","Communications","%","1.3"
"CPA01C05","Annual Average Percentage Change in Consumer Price Index","2023","2023","09","Recreation and culture","%","7.8"
"CPA01C05","Annual Average Percentage Change in Consumer Price Index","2023","2023","10","Education","%","-4.3"
"CPA01C05","Annual Average Percentage Change in Consumer Price Index","2023","2023","11","Restaurants and hotels","%","7.8"
"CPA01C05","Annual Average Percentage Change in Consumer Price Index","2023","2023","12","Miscellaneous goods and services","%","1.3"
"CPA01C05","Annual Average Percentage Change in Consumer Price Index","2024","2024","-","All items","%","2.1"
"CPA01C05","Annual Average Percentage Change in Consumer Price Index","2024","2024","01","Food and non-alcoholic beverages","%","2.6"
"CPA01C05","Annual Average Percentage Change in Consumer Price Index","2024","2024","02","Alcoholic beverages and tobacco","%","3.7"
"CPA01C05","Annual Average Percentage Change in Consumer Price Index","2024","2024","03","Clothing and footwear","%","-6.1"
"CPA01C05","Annual Average Percentage Change in Consumer Price Index","2024","2024","04","Housing, water, electricity, gas and other fuels","%","0.3"
"CPA01C05","Annual Average Percentage Change in Consumer Price Index","2024","2024","05","Furnishings, household equipment and routine household maintenance","%","-0.7"
"CPA01C05","Annual Average Percentage Change in Consumer Price Index","2024","2024","06","Health","%","1.9"
"CPA01C05","Annual Average Percentage Change in Consumer Price Index","2024","2024","07","Transport","%","2.6"
"CPA01C05","Annual Average Percentage Change in Consumer Price Index","2024","2024","08","Communications","%","1"
"CPA01C05","Annual Average Percentage Change in Consumer Price Index","2024","2024","09","Recreation and culture","%","4.4"
"CPA01C05","Annual Average Percentage Change in Consumer Price Index","2024","2024","10","Education","%","2.1"
"CPA01C05","Annual Average Percentage Change in Consumer Price Index","2024","2024","11","Restaurants and hotels","%","4.7"
"CPA01C05","Annual Average Percentage Change in Consumer Price Index","2024","2024","12","Miscellaneous goods and services","%","3.3"
